State,LGA,Ward,PU-Code,PU-Name,Accredited_Voters,Registered_Voters,Results_Found,Transcription_Count,Result_Sheet_Stamped,Result_Sheet_Corrected,Result_Sheet_Invalid,Result_Sheet_Unclear,Result_Sheet_Unsigned,APC,LP,PDP,NNPP,Results_File
OYO,AFIJIO,ILORA I,30-01-01-001,A.U.D PRY. SCHOOL,341,1160,TRUE,0,TRUE,FALSE,FALSE,FALSE,TRUE,178,45,75,4,https://docs.inecelectionresults.net/elections_prod/1292/state/1/lga/3734/ward/24721/pu/100043/100043-1677590505.pdf
OYO,AFIJIO,ILORA I,30-01-01-002,BODE OPEN SPACE I,237,929,TRUE,0,TRUE,FALSE,FALSE,FALSE,TRUE,118,19,71,0,https://docs.inecelectionresults.net/elections_prod/1292/state/1/lga/3734/ward/24721/pu/100044/100044-1677593453.pdf
OYO,AFIJIO,ILORA I,30-01-01-005,BODE OPEN SPACE II,251,778,TRUE,0,TRUE,FALSE,FALSE,FALSE,FALSE,0,0,0,0,https://docs.inecelectionresults.net/elections_prod/1292/state/1/lga/3734/ward/24721/pu/100045/100045-1677597046.pdf
OYO,AFIJIO,ILORA I,30-01-01-006,BODE OPEN SPACE II,251,778,TRUE,0,TRUE,FALSE,FALSE,FALSE,TRUE,122,6,58,0,https://docs.inecelectionresults.net/elections_prod/1292/state/1/lga/3734/ward/24721/pu/100045/100045-1677597046.pdf
OYO,AFIJIO,ILORA I,30-01-01-007,BODE OPEN SPACE II,251,778,TRUE,0,TRUE,FALSE,FALSE,FALSE,FALSE,0,0,0,0,https://docs.inecelectionresults.net/elections_prod/1292/state/1/lga/3734/ward/24721/pu/100045/100045-1677597046.pdf
OYO,AFIJIO,ILORA II,30-01-02-008,L.G. DISPENSARY,277,779,TRUE,0,TRUE,FALSE,FALSE,FALSE,FALSE,0,0,0,0,https://docs.inecelectionresults.net/elections_prod/1292/state/1/lga/3734/ward/24722/pu/100058/100058-1677521628.pdf
OYO,AFIJIO,ILORA III,30-01-03-006,ONIFA PRY. SCHOOL,199,761,TRUE,0,TRUE,FALSE,FALSE,FALSE,FALSE,0,0,0,0,https://docs.inecelectionresults.net/elections_prod/1292/state/1/lga/3734/ward/24723/pu/100071/100071-1677589877.pdf
OYO,AFIJIO,AWE I,30-01-06-007,LAWN TENNIS OPEN SPACE II,148,471,TRUE,0,TRUE,TRUE,FALSE,FALSE,TRUE,72,21,28,1,https://inec-cvr-cache.s3.eu-west-1.amazonaws.com/cached/results/98993/result_85015_1677503936_thumb.jpg
OYO,AFIJIO,AKINMORIN/JOBELE,30-01-08-004,"ST. JOHN'S PRY SCHOOL, AKINMORIN",282,979,TRUE,0,TRUE,FALSE,FALSE,FALSE,FALSE,0,999,0,0,https://inec-cvr-cache.s3.eu-west-1.amazonaws.com/cached/results/99005/result_85030_1677680272_thumb.jpg
OYO,AFIJIO,IWARE,30-01-09-003,IWARE MARKET OPEN SPACE,224,713,TRUE,0,TRUE,FALSE,FALSE,FALSE,FALSE,76,0,24,0,https://docs.inecelectionresults.net/elections_prod/1292/state/01/lga/01/ward/09/pu/003/003-1677426553.pdf
OYO,AFIJIO,IMINI,30-01-10-002,ABA ANTI OPEN SPACE,50,191,TRUE,0,TRUE,FALSE,FALSE,FALSE,FALSE,36,1,7,0,https://inec-cvr-cache.s3.eu-west-1.amazonaws.com/cached/results/99015/result_85045_1677499892_thumb.jpg
OYO,AKINYELE,IKEREKU,30-02-01-001,FALEYE VILLAGE,143,685,TRUE,0,TRUE,TRUE,FALSE,FALSE,TRUE,76,6,54,0,https://inec-cvr-cache.s3.eu-west-1.amazonaws.com/cached/results/99020/result_85049_1677493251_thumb.jpg
OYO,AKINYELE,IKEREKU,30-02-01-002,"METHODIST PRY. SCHOOL, IKEREKU I",144,711,TRUE,0,TRUE,FALSE,FALSE,FALSE,FALSE,65,7,61,0,https://inec-cvr-cache.s3.eu-west-1.amazonaws.com/cached/results/99021/result_85050_1677493442_thumb.jpg
OYO,AKINYELE,IKEREKU,30-02-01-003,"METHODIST PRY. SCHOOL, IKEREKU II",141,650,TRUE,0,TRUE,TRUE,FALSE,FALSE,TRUE,63,6,54,0,https://inec-cvr-cache.s3.eu-west-1.amazonaws.com/cached/results/99022/result_85051_1677493000_thumb.jpg
OYO,AKINYELE,OLANLA/OBODA/LABODE,30-02-02-001,AGBAAGI VILLAGE,68,289,TRUE,0,TRUE,FALSE,FALSE,FALSE,FALSE,0,0,0,0,https://inec-cvr-cache.s3.eu-west-1.amazonaws.com/cached/results/99024/result_85053_1677581462_thumb.jpg
OYO,AKINYELE,OLANLA/OBODA/LABODE,30-02-02-010,OLANLA  (OGBONGAN),146,569,TRUE,0,TRUE,TRUE,FALSE,FALSE,FALSE,51,4,58,6,https://inec-cvr-cache.s3.eu-west-1.amazonaws.com/cached/results/99033/result_85062_1677583793_thumb.jpg
OYO,AKINYELE,OLANLA/OBODA/LABODE,30-02-02-011,OLUNLOSIN VILLAGE,103,556,TRUE,0,TRUE,FALSE,FALSE,FALSE,FALSE,0,0,0,0,https://inec-cvr-cache.s3.eu-west-1.amazonaws.com/cached/results/99034/result_85063_1677583938_thumb.jpg
OYO,AKINYELE,ARULOGUN/ENIOSA/ARORO,30-02-03-001,AJOBO VILLAGE,741,3704,TRUE,0,TRUE,FALSE,FALSE,FALSE,FALSE,27,15,5,0,https://inec-cvr-cache.s3.eu-west-1.amazonaws.com/cached/results/99038/result_85067_1677666005_thumb.jpg
OYO,AKINYELE,ARULOGUN/ENIOSA/ARORO,30-02-03-002,AKINAJO VILLAGE,61,441,TRUE,0,TRUE,TRUE,FALSE,FALSE,TRUE,168,18,16,0,https://inec-cvr-cache.s3.eu-west-1.amazonaws.com/cached/results/99039/result_85068_1677612022_thumb.jpg
OYO,AKINYELE,OLODE/AMOSUN/ONIDUNDU,30-02-04-001,ABATAN VILLAGE,61,224,TRUE,0,TRUE,TRUE,FALSE,FALSE,TRUE,40,1,17,0,https://inec-cvr-cache.s3.eu-west-1.amazonaws.com/cached/results/99047/result_85084_1677618594_thumb.jpg
OYO,AKINYELE,OJO-EMO/MONIYA,30-02-05-005,"APONMODE, VILLAGE",228,1186,TRUE,0,TRUE,FALSE,FALSE,FALSE,FALSE,0,0,0,0,https://inec-cvr-cache.s3.eu-west-1.amazonaws.com/cached/results/99057/result_85095_1677561386_thumb.jpg
OYO,AKINYELE,OJO-EMO/MONIYA,30-02-05-015,OLORORO SAW-MILL I,214,1051,TRUE,0,TRUE,FALSE,FALSE,FALSE,FALSE,0,0,0,0,https://inec-cvr-cache.s3.eu-west-1.amazonaws.com/cached/results/99067/result_85105_1677562016_thumb.jpg
OYO,AKINYELE,OJO-EMO/MONIYA,30-02-05-017,OJO-EMO VILLAGE,135,905,TRUE,0,TRUE,FALSE,FALSE,FALSE,TRUE,35,15,1,0,https://inec-cvr-cache.s3.eu-west-1.amazonaws.com/cached/results/99069/result_85107_1677562128_thumb.jpg
OYO,AKINYELE,AKINYELE/ISABIYI/IREPODUN,30-02-06-001,AJOBO VILLAGE,102,570,TRUE,0,TRUE,FALSE,FALSE,FALSE,FALSE,0,0,0,0,https://inec-cvr-cache.s3.eu-west-1.amazonaws.com/cached/results/99071/result_85165_1677616438_thumb.jpg
OYO,AKINYELE,AKINYELE/ISABIYI/IREPODUN,30-02-06-002,ALAGBAA VILLAGE,103,629,TRUE,0,TRUE,FALSE,FALSE,FALSE,FALSE,0,0,0,0,https://inec-cvr-cache.s3.eu-west-1.amazonaws.com/cached/results/99072/result_85166_1677493562_thumb.jpg
OYO,AKINYELE,IWOKOTO/TALONTAN/IDI-ORO,30-02-07-006,IDI-ORO VILLAGE,142,740,TRUE,0,TRUE,FALSE,FALSE,FALSE,TRUE,0,0,0,0,https://inec-cvr-cache.s3.eu-west-1.amazonaws.com/cached/results/99085/result_85185_1677576555_thumb.jpg
OYO,AKINYELE,OJOO/AJIBODE/LANIBA,30-02-08-002,ADULOJU,195,750,TRUE,0,TRUE,FALSE,FALSE,FALSE,FALSE,80,51,15,0,https://inec-cvr-cache.s3.eu-west-1.amazonaws.com/cached/results/99088/result_85190_1677492084_thumb.jpg
OYO,AKINYELE,OJOO/AJIBODE/LANIBA,30-02-08-008,"COMM. PRY SCHOOL, SASA II",171,822,TRUE,0,TRUE,FALSE,FALSE,FALSE,TRUE,100,23,24,2,https://inec-cvr-cache.s3.eu-west-1.amazonaws.com/cached/results/99094/result_85196_1677493153_thumb.jpg
OYO,AKINYELE,OJOO/AJIBODE/LANIBA,30-02-08-015,IYANA SASA I,177,720,TRUE,0,TRUE,FALSE,FALSE,FALSE,TRUE,102,13,15,1,https://inec-cvr-cache.s3.eu-west-1.amazonaws.com/cached/results/99101/result_85203_1677495190_thumb.jpg
OYO,AKINYELE,OJOO/AJIBODE/LANIBA,30-02-08-023,"MARKET JUNCTION, SASA I",180,750,TRUE,0,TRUE,FALSE,FALSE,FALSE,FALSE,0,0,0,0,https://inec-cvr-cache.s3.eu-west-1.amazonaws.com/cached/results/99109/result_85211_1677497803_thumb.jpg
OYO,AKINYELE,OJOO/AJIBODE/LANIBA,30-02-08-024,"MARKET JUNCTION, SASA II",195,996,TRUE,0,TRUE,FALSE,FALSE,FALSE,FALSE,0,0,0,0,https://inec-cvr-cache.s3.eu-west-1.amazonaws.com/cached/results/99110/result_85212_1677498024_thumb.jpg
OYO,AKINYELE,OJOO/AJIBODE/LANIBA,30-02-08-033,"ONIKOKO, VILLAGE",164,750,TRUE,0,TRUE,FALSE,FALSE,FALSE,FALSE,0,0,0,0,https://inec-cvr-cache.s3.eu-west-1.amazonaws.com/cached/results/99119/result_85221_1677500074_thumb.jpg
OYO,AKINYELE,OJOO/AJIBODE/LANIBA,30-02-08-041,OROGUN GRAMMAR SCHOOL III,161,824,TRUE,0,TRUE,FALSE,FALSE,FALSE,FALSE,0,0,0,0,https://inec-cvr-cache.s3.eu-west-1.amazonaws.com/cached/results/99127/result_85229_1677502424_thumb.jpg
OYO,AKINYELE,OJOO/AJIBODE/LANIBA,30-02-08-048,"ARMY DAY SCHOOL, ODOGBO BARRACKS",92,750,TRUE,0,TRUE,FALSE,FALSE,FALSE,FALSE,23,63,0,3,https://inec-cvr-cache.s3.eu-west-1.amazonaws.com/cached/results/99134/result_85236_1677503080_thumb.jpg
OYO,AKINYELE,IJAYE/OJEDEJI,30-02-09-002,AJOBO VILLAGE,74,336,TRUE,0,TRUE,FALSE,FALSE,FALSE,FALSE,0,0,0,0,https://inec-cvr-cache.s3.eu-west-1.amazonaws.com/cached/results/99137/result_85282_1677498770_thumb.jpg
OYO,AKINYELE,AJIBADE/ALABATA/ELEKURU,30-02-10-001,AGBEDO VILLAGE,177,760,TRUE,0,TRUE,FALSE,FALSE,FALSE,FALSE,0,0,0,0,https://inec-cvr-cache.s3.eu-west-1.amazonaws.com/cached/results/99150/result_85298_1677601144_thumb.jpg
OYO,AKINYELE,OLORISA-OKO/OKEGBEMI/MELE,30-02-11-005,"METH. SCHOOL, OLORISA-OKO",332,1432,TRUE,0,TRUE,FALSE,FALSE,FALSE,FALSE,0,0,0,0,https://inec-cvr-cache.s3.eu-west-1.amazonaws.com/cached/results/99162/result_85315_1677602789_thumb.jpg
OYO,ATIBA,OKE-AFIN 1,30-03-01-003,AREAGO,152,523,TRUE,0,TRUE,FALSE,FALSE,FALSE,FALSE,0,0,0,0,https://docs.inecelectionresults.net/elections_prod/1292/state/01/lga/03/ward/01/pu/003/003-1677419484.pdf
OYO,ATIBA,OKE-AFIN 1,30-03-01-007,INFRONT OF ATIBA COMMUNITY BANK,95,746,TRUE,0,TRUE,FALSE,FALSE,FALSE,FALSE,72,8,10,0,https://docs.inecelectionresults.net/elections_prod/1292/state/01/lga/03/ward/01/pu/007/007-1677427016.pdf
OYO,ATIBA,OKE-AFIN 1,30-03-01-008,BEHIND LOCAL GOVERNMENT DISPENSARY,120,653,TRUE,0,TRUE,FALSE,FALSE,FALSE,TRUE,109,2,9,0,https://docs.inecelectionresults.net/elections_prod/1292/state/01/lga/03/ward/01/pu/008/008-1677427836.pdf
OYO,ATIBA,OKE-AFIN II,30-03-02-003,IYALAMU (OKE OLOOLA),175,749,TRUE,0,TRUE,TRUE,FALSE,FALSE,TRUE,121,7,29,0,https://docs.inecelectionresults.net/elections_prod/1292/state/1/lga/3736/ward/24744/pu/100280/100280-1677465565.pdf
OYO,ATIBA,OKE-AFIN II,30-03-02-007,OTESIN,205,750,TRUE,0,TRUE,FALSE,FALSE,FALSE,FALSE,0,0,0,0,https://docs.inecelectionresults.net/elections_prod/1292/state/1/lga/3736/ward/24744/pu/100284/100284-1677473993.pdf
OYO,ATIBA,AREMO,30-03-03-001,ADESINA,185,662,TRUE,0,TRUE,FALSE,FALSE,FALSE,FALSE,0,0,0,0,https://docs.inecelectionresults.net/elections_prod/1292/state/01/lga/03/ward/03/pu/001/001-1677426584.pdf
OYO,ATIBA,AREMO,30-03-03-002,AKESAN,128,507,TRUE,0,TRUE,FALSE,FALSE,FALSE,FALSE,0,0,0,0,https://docs.inecelectionresults.net/elections_prod/1292/state/01/lga/03/ward/03/pu/002/002-1677409828.pdf
OYO,ATIBA,AREMO,30-03-03-004,AREMO,204,676,TRUE,0,TRUE,FALSE,FALSE,FALSE,FALSE,0,0,0,0,https://docs.inecelectionresults.net/elections_prod/1292/state/01/lga/03/ward/03/pu/004/004-1677422059.pdf
OYO,ATIBA,BASHORUN,30-03-04-003,AREAGO,204,601,TRUE,0,TRUE,FALSE,FALSE,FALSE,FALSE,0,0,0,0,https://docs.inecelectionresults.net/elections_prod/1292/state/01/lga/03/ward/04/pu/003/003-1677424877.pdf
OYO,ATIBA,BASHORUN,30-03-04-004,ASANMIMI,42,160,TRUE,0,TRUE,FALSE,FALSE,FALSE,FALSE,0,0,0,0,https://docs.inecelectionresults.net/elections_prod/1292/state/01/lga/03/ward/04/pu/004/004-1677413746.pdf
OYO,ATIBA,BASHORUN,30-03-04-006,AYANBIYI,278,749,TRUE,0,TRUE,FALSE,FALSE,FALSE,FALSE,0,0,0,0,https://docs.inecelectionresults.net/elections_prod/1292/state/01/lga/03/ward/04/pu/006/006-1677426685.pdf
OYO,ATIBA,BASHORUN,30-03-04-007,BAAGO,165,514,TRUE,0,TRUE,FALSE,FALSE,FALSE,FALSE,0,0,0,0,https://docs.inecelectionresults.net/elections_prod/1292/state/01/lga/03/ward/04/pu/007/007-1677425900.pdf
OYO,ATIBA,BASHORUN,30-03-04-008,IDI-OGUN,184,660,TRUE,0,TRUE,FALSE,FALSE,FALSE,FALSE,0,0,0,0,https://docs.inecelectionresults.net/elections_prod/1292/state/01/lga/03/ward/04/pu/008/008-1677388640.pdf
OYO,ATIBA,AGUNPOPO I,30-03-05-004,OKE-OLOOLA,188,750,TRUE,0,TRUE,FALSE,FALSE,FALSE,FALSE,0,0,0,0,https://docs.inecelectionresults.net/elections_prod/1292/state/01/lga/03/ward/05/pu/004/004-1677393199.pdf
OYO,ATIBA,AGUNPOPO III,30-03-07-004,AKUNLEMU,183,750,TRUE,0,TRUE,FALSE,FALSE,FALSE,FALSE,0,0,0,0,https://docs.inecelectionresults.net/elections_prod/1292/state/01/lga/03/ward/07/pu/004/004-1677426749.pdf
OYO,ATIBA,AGUNPOPO III,30-03-07-005,AMEJIOGBE,223,750,TRUE,0,TRUE,FALSE,FALSE,FALSE,FALSE,0,0,0,0,https://docs.inecelectionresults.net/elections_prod/1292/state/01/lga/03/ward/07/pu/005/005-1677424770.pdf
OYO,ATIBA,ASHIPA I,30-03-08-002,AJALARURU/OJAALA,236,750,TRUE,0,TRUE,FALSE,FALSE,FALSE,FALSE,0,0,0,0,https://docs.inecelectionresults.net/elections_prod/1292/state/01/lga/03/ward/08/pu/002/002-1677421677.pdf
OYO,ATIBA,ASHIPA I,30-03-08-005,LATULA,178,750,TRUE,0,TRUE,FALSE,FALSE,FALSE,FALSE,929,14,69,1113,https://docs.inecelectionresults.net/elections_prod/1292/state/01/lga/03/ward/08/pu/005/005-1677423194.pdf
OYO,ATIBA,ASHIPA I,30-03-08-007,OGBEGBE,364,1713,TRUE,0,TRUE,FALSE,FALSE,FALSE,FALSE,0,0,0,0,https://docs.inecelectionresults.net/elections_prod/1292/state/01/lga/03/ward/08/pu/007/007-1677391281.pdf
OYO,ATIBA,ASHIPA II,30-03-09-001,ABOLUPE I,205,750,TRUE,0,TRUE,TRUE,FALSE,FALSE,FALSE,108,10,74,0,https://docs.inecelectionresults.net/elections_prod/1292/state/01/lga/03/ward/09/pu/001/001-1677426722.pdf
OYO,ATIBA,ASHIPA II,30-03-09-002,ABOLUPE II,185,689,TRUE,0,TRUE,FALSE,FALSE,FALSE,FALSE,0,0,0,0,https://docs.inecelectionresults.net/elections_prod/1292/state/01/lga/03/ward/09/pu/002/002-1677364719.pdf
OYO,ATIBA,ASHIPA II,30-03-09-004,AJOMBADI,203,750,TRUE,0,TRUE,FALSE,FALSE,FALSE,FALSE,0,0,0,0,https://docs.inecelectionresults.net/elections_prod/1292/state/1/lga/3736/ward/24751/pu/100344/100344-1677464827.pdf
OYO,ATIBA,ASHIPA II,30-03-09-009,LAGBIYAN,93,221,TRUE,0,TRUE,FALSE,FALSE,FALSE,FALSE,1378,11,50,813,https://docs.inecelectionresults.net/elections_prod/1292/state/01/lga/03/ward/09/pu/009/009-1677385785.pdf
OYO,ATIBA,ASHIPA II,30-03-09-012,OJEGBOLU,191,750,TRUE,0,TRUE,FALSE,FALSE,FALSE,FALSE,0,0,0,0,https://docs.inecelectionresults.net/elections_prod/1292/state/1/lga/3736/ward/24751/pu/100352/100352-1677474686.pdf
OYO,ATIBA,ASHIPA II,30-03-09-015,SAAKIN,166,750,TRUE,0,TRUE,FALSE,FALSE,FALSE,FALSE,0,0,0,0,https://docs.inecelectionresults.net/elections_prod/1292/state/01/lga/03/ward/09/pu/015/015-1677359696.pdf
OYO,ATIBA,ASHIPA III,30-03-10-004,AYETORO ELESUN,65,186,TRUE,0,TRUE,FALSE,FALSE,FALSE,FALSE,0,0,0,0,https://docs.inecelectionresults.net/elections_prod/1292/state/1/lga/3736/ward/24752/pu/100360/100360-1677469859.pdf
OYO,ATIBA,ASHIPA III,30-03-10-006,ELERINLE,102,331,TRUE,0,TRUE,FALSE,FALSE,FALSE,FALSE,0,0,0,0,https://docs.inecelectionresults.net/elections_prod/1292/state/01/lga/03/ward/10/pu/006/006-1677393093.pdf
OYO,ATIBA,ASHIPA III,30-03-10-009,IGBO-OLOGUN,70,213,TRUE,0,TRUE,FALSE,FALSE,FALSE,FALSE,0,0,0,0,https://docs.inecelectionresults.net/elections_prod/1292/state/1/lga/3736/ward/24752/pu/100365/100365-1677472874.pdf
OYO,ATIBA,ASHIPA III,30-03-10-012,ILOWA II,55,179,TRUE,0,TRUE,FALSE,FALSE,FALSE,TRUE,47,2,86,0,https://docs.inecelectionresults.net/elections_prod/1292/state/01/lga/03/ward/10/pu/012/012-1677427211.pdf
OYO,ATISBO,TEDE I,30-04-01-001,BAPTIST PRIMARY SCHOOL I,159,441,TRUE,0,TRUE,FALSE,FALSE,FALSE,FALSE,76,28,27,1,https://docs.inecelectionresults.net/elections_prod/1292/state/01/lga/04/ward/01/pu/001/001-1677403889.pdf
OYO,ATISBO,TEDE I,30-04-01-002,BAPTIST PRIMARY SCHOOL II (A),117,349,TRUE,0,TRUE,FALSE,FALSE,FALSE,FALSE,52,11,26,0,https://docs.inecelectionresults.net/elections_prod/1292/state/01/lga/04/ward/01/pu/002/002-1677398385.pdf
OYO,ATISBO,TEDE I,30-04-01-003,BAPTIST PRIMARY SCHOOL II (B),46,152,TRUE,0,TRUE,FALSE,FALSE,FALSE,FALSE,27,3,28,0,https://docs.inecelectionresults.net/elections_prod/1292/state/01/lga/04/ward/01/pu/003/003-1677400613.pdf
OYO,ATISBO,TEDE I,30-04-01-006,EGBEOMO COMPOUND AREA II,91,287,TRUE,0,TRUE,FALSE,FALSE,FALSE,FALSE,42,7,19,0,https://docs.inecelectionresults.net/elections_prod/1292/state/01/lga/04/ward/01/pu/006/006-1677404578.pdf
OYO,ATISBO,TEDE I,30-04-01-014,AREOJE BABANI AREA,62,217,TRUE,0,TRUE,FALSE,FALSE,FALSE,FALSE,0,0,0,0,https://docs.inecelectionresults.net/elections_prod/1292/state/1/lga/3737/ward/24753/pu/100390/100390-1677606104.pdf
OYO,ATISBO,TEDE I,30-04-01-015,GBENAGBENA'S COMPOUND AREA,141,348,TRUE,0,TRUE,TRUE,FALSE,FALSE,FALSE,0,0,0,0,https://docs.inecelectionresults.net/elections_prod/1292/state/01/lga/04/ward/01/pu/015/015-1677415785.pdf
OYO,ATISBO,TEDE I,30-04-01-016,OPPOSITE EBENEZER CHURCH,166,398,TRUE,0,TRUE,FALSE,FALSE,FALSE,FALSE,0,0,0,0,https://docs.inecelectionresults.net/elections_prod/1292/state/01/lga/04/ward/01/pu/016/016-1677416103.pdf
OYO,ATISBO,TEDE II,30-04-02-015,BAARA'S VILLAGE I,142,435,TRUE,0,TRUE,FALSE,FALSE,FALSE,FALSE,59,1,47,0,https://docs.inecelectionresults.net/elections_prod/1292/state/01/lga/04/ward/02/pu/015/015-1677409360.pdf
OYO,ATISBO,TEDE II,30-04-02-023,CO-OPERATIVE BUILDING AREA,236,672,TRUE,0,TRUE,FALSE,FALSE,FALSE,FALSE,142,17,52,1,https://docs.inecelectionresults.net/elections_prod/1292/state/01/lga/04/ward/02/pu/023/023-1677402942.pdf
OYO,ATISBO,IRAWO ILE,30-04-03-001,BAPTIST PRIMARY SCHOOL I (A),100,395,TRUE,0,TRUE,FALSE,FALSE,FALSE,FALSE,0,0,0,0,https://docs.inecelectionresults.net/elections_prod/1292/state/01/lga/04/ward/03/pu/001/001-1677419530.pdf
OYO,ATISBO,IRAWO ILE,30-04-03-003,BAPTIST PRIMARY SCHOOL II (A),203,523,TRUE,0,TRUE,FALSE,FALSE,FALSE,FALSE,0,0,0,0,https://docs.inecelectionresults.net/elections_prod/1292/state/01/lga/04/ward/03/pu/003/003-1677419315.pdf
OYO,ATISBO,IRAWO ILE,30-04-03-004,BAPTIST PRIMARY SCHOOL II (B),77,274,TRUE,0,TRUE,FALSE,FALSE,FALSE,FALSE,0,0,0,0,https://docs.inecelectionresults.net/elections_prod/1292/state/01/lga/04/ward/03/pu/004/004-1677418240.pdf
OYO,ATISBO,IRAWO ILE,30-04-03-006,A.U.D. SCHOOL I,135,446,TRUE,0,TRUE,FALSE,FALSE,FALSE,FALSE,0,0,0,0,https://docs.inecelectionresults.net/elections_prod/1292/state/01/lga/04/ward/03/pu/006/006-1677418114.pdf
OYO,ATISBO,OFIKI,30-04-05-011,TOWN HALL I,154,472,TRUE,0,TRUE,FALSE,FALSE,FALSE,FALSE,0,0,0,0,https://docs.inecelectionresults.net/elections_prod/1292/state/01/lga/04/ward/05/pu/011/011-1677423810.pdf
OYO,ATISBO,AGO ARE I,30-04-07-001,"FIRST BAPTIST PRIMARY SCHOOL,  AGO-ARE I",116,494,TRUE,0,TRUE,FALSE,FALSE,FALSE,FALSE,70,11,19,0,https://docs.inecelectionresults.net/elections_prod/1292/state/01/lga/04/ward/07/pu/001/001-1677414816.pdf
OYO,ATISBO,AGO ARE I,30-04-07-002,"FIRST BAPTIST PRIMARY SCHOOL,  AGO-ARE II",351,962,TRUE,0,FALSE,FALSE,FALSE,FALSE,FALSE,227,26,59,1,https://docs.inecelectionresults.net/elections_prod/1292/state/01/lga/04/ward/07/pu/002/002-1677408339.pdf
OYO,ATISBO,AGO ARE I,30-04-07-006,LOCAL GOVERNMENT DISPENSARY II,133,441,TRUE,0,TRUE,FALSE,FALSE,FALSE,FALSE,0,0,0,0,https://docs.inecelectionresults.net/elections_prod/1292/state/01/lga/04/ward/07/pu/006/006-1677409969.pdf
OYO,ATISBO,AGO ARE I,30-04-07-009,L.A. PRIMARY SCHOOL II,102,327,TRUE,0,TRUE,FALSE,FALSE,FALSE,FALSE,0,0,0,0,https://docs.inecelectionresults.net/elections_prod/1292/state/01/lga/04/ward/07/pu/009/009-1677407084.pdf
OYO,ATISBO,AGO ARE I,30-04-07-016,N.U.D PRIMARY SCHOOL II (B),57,402,TRUE,0,TRUE,FALSE,FALSE,FALSE,FALSE,0,0,0,0,https://docs.inecelectionresults.net/elections_prod/1292/state/01/lga/04/ward/07/pu/016/016-1677427785.pdf
OYO,ATISBO,AGO ARE II,30-04-08-003,COURT HALL AGO-AARE III,37,151,TRUE,0,TRUE,FALSE,FALSE,FALSE,FALSE,0,0,0,0,https://docs.inecelectionresults.net/elections_prod/1292/state/01/lga/04/ward/08/pu/003/003-1677417685.pdf
OYO,ATISBO,AGO ARE II,30-04-08-011,ARIKA COMPOUND AREA II,119,434,TRUE,0,TRUE,FALSE,FALSE,FALSE,FALSE,0,0,0,0,https://docs.inecelectionresults.net/elections_prod/1292/state/01/lga/04/ward/08/pu/011/011-1677418630.pdf
OYO,ATISBO,AGO ARE II,30-04-08-015,ABA SIMEON,60,363,TRUE,0,TRUE,FALSE,FALSE,FALSE,FALSE,0,0,0,0,https://docs.inecelectionresults.net/elections_prod/1292/state/01/lga/04/ward/08/pu/015/015-1677425100.pdf
OYO,ATISBO,OWO/AGUNREGE/SABE,30-04-09-001,"BAPTIST PRIMARY SCHOOL I, OWO",81,233,TRUE,0,TRUE,FALSE,FALSE,FALSE,FALSE,0,0,0,0,https://docs.inecelectionresults.net/elections_prod/1292/state/01/lga/04/ward/09/pu/001/001-1677396509.pdf
OYO,ATISBO,OWO/AGUNREGE/SABE,30-04-09-004,CO-OPERATIVE BUILDING AREA OWO I,126,587,TRUE,0,TRUE,FALSE,FALSE,FALSE,FALSE,0,0,0,0,https://docs.inecelectionresults.net/elections_prod/1292/state/01/lga/04/ward/09/pu/004/004-1677420712.pdf
OYO,EGBEDA,ERUNMU,30-05-01-004,BAALE AJINTI,70,379,TRUE,0,TRUE,FALSE,FALSE,FALSE,TRUE,53,0,9,0,https://inec-cvr-cache.s3.eu-west-1.amazonaws.com/cached/results/99430/result_85650_1677736757_thumb.jpg
OYO,EGBEDA,ERUNMU,30-05-01-011,"IDC SCHOOL, FATUMO I",119,749,TRUE,0,TRUE,FALSE,FALSE,FALSE,FALSE,84,17,24,0,https://inec-cvr-cache.s3.eu-west-1.amazonaws.com/cached/results/99437/result_85657_1677622138_thumb.jpg
OYO,EGBEDA,ERUNMU,30-05-01-012,"IDC SCHOOL, FATUMO II",73,575,TRUE,0,TRUE,FALSE,FALSE,FALSE,TRUE,0,0,0,0,https://inec-cvr-cache.s3.eu-west-1.amazonaws.com/cached/results/99438/result_85658_1677736619_thumb.jpg
OYO,EGBEDA,ERUNMU,30-05-01-017,"S.D.A. SCHOOL, ATAARI",104,421,TRUE,0,TRUE,FALSE,FALSE,FALSE,TRUE,49,8,29,0,https://docs.inecelectionresults.net/elections_prod/1292/state/1/lga/3738/ward/24763/pu/100543/100543-1677600402.pdf
OYO,EGBEDA,AYEDE/ALUGBO/KOLOKO,30-05-02-004,"S.D.A.  PRIMARY SCHOOL, ALUGBO II",61,288,TRUE,0,TRUE,FALSE,FALSE,FALSE,TRUE,31,0,30,0,https://docs.inecelectionresults.net/elections_prod/1292/state/1/lga/3738/ward/24764/pu/100549/100549-1677458951.pdf
OYO,EGBEDA,AYEDE/ALUGBO/KOLOKO,30-05-02-005,"S.D.A. PRIMARY SCHOOL, AYEDE I",149,744,TRUE,0,TRUE,FALSE,FALSE,FALSE,FALSE,0,0,0,0,https://docs.inecelectionresults.net/elections_prod/1292/state/01/lga/05/ward/02/pu/005/005-1677392537.pdf
OYO,EGBEDA,AYEDE/ALUGBO/KOLOKO,30-05-02-007,"S.D.A. PRIMARY SCHOOL, KOLOKO",116,503,TRUE,0,TRUE,FALSE,FALSE,FALSE,FALSE,0,0,0,0,https://docs.inecelectionresults.net/elections_prod/1292/state/01/lga/05/ward/02/pu/007/007-1677363036.pdf
OYO,EGBEDA,AYEDE/ALUGBO/KOLOKO,30-05-02-008,"S.D.A. PRIMARY SCHOOL, OLOBA",68,262,TRUE,0,TRUE,TRUE,FALSE,FALSE,FALSE,44,0,107,0,https://docs.inecelectionresults.net/elections_prod/1292/state/1/lga/3738/ward/24764/pu/100553/100553-1677462861.pdf
OYO,EGBEDA,AYEDE/ALUGBO/KOLOKO,30-05-02-009,"S.D.A. PRIMARY SCHOOL, OYINDAOLA",102,429,TRUE,0,TRUE,FALSE,FALSE,FALSE,FALSE,0,0,0,0,https://docs.inecelectionresults.net/elections_prod/1292/state/01/lga/05/ward/02/pu/009/009-1677361632.pdf
OYO,EGBEDA,AYEDE/ALUGBO/KOLOKO,30-05-02-010,SOLADEMI VILLAGE,81,263,TRUE,0,TRUE,FALSE,FALSE,FALSE,FALSE,0,0,0,0,https://docs.inecelectionresults.net/elections_prod/1292/state/01/lga/05/ward/02/pu/010/010-1677363043.pdf
OYO,EGBEDA,OWOBAALE/KASUMU,30-05-03-001,APASO VILLAGE,23,267,TRUE,0,TRUE,FALSE,FALSE,FALSE,FALSE,0,0,0,0,https://docs.inecelectionresults.net/elections_prod/1292/state/1/lga/3738/ward/24765/pu/100556/100556-1677452746.pdf
OYO,EGBEDA,OWOBAALE/KASUMU,30-05-03-002,"COMMUNITY HIGH SCHOOL, KASUMU",144,648,TRUE,0,TRUE,TRUE,FALSE,FALSE,TRUE,79,11,31,0,https://docs.inecelectionresults.net/elections_prod/1292/state/1/lga/3738/ward/24765/pu/100557/100557-1677508524.pdf
OYO,EGBEDA,OWOBAALE/KASUMU,30-05-03-003,"COMMUNITY HIGH SCHOOL, OWOBAALE",130,680,TRUE,0,TRUE,FALSE,FALSE,FALSE,TRUE,70,7,20,1,https://docs.inecelectionresults.net/elections_prod/1292/state/1/lga/3738/ward/24765/pu/100558/100558-1677499345.pdf
OYO,EGBEDA,OWOBAALE/KASUMU,30-05-03-004,EFUNWOLE VILLAGE,57,440,TRUE,0,TRUE,FALSE,FALSE,FALSE,FALSE,1,749,14,2,https://docs.inecelectionresults.net/elections_prod/1292/state/1/lga/3738/ward/24765/pu/100559/100559-1677493213.pdf
OYO,EGBEDA,OLODAN/AJIWOGBO,30-05-04-007,"UNITED PRIMARY SCHOOL, AJIWOGBO I",135,614,TRUE,0,TRUE,FALSE,FALSE,FALSE,FALSE,0,0,0,0,https://docs.inecelectionresults.net/elections_prod/1292/state/1/lga/3738/ward/24766/pu/100575/100575-1677517893.pdf
OYO,EGBEDA,OLODAN/AJIWOGBO,30-05-04-008,"UNITED PRIMARY SCHOOL, AJIWOGBO II",119,676,TRUE,0,TRUE,FALSE,FALSE,FALSE,FALSE,0,0,0,0,https://docs.inecelectionresults.net/elections_prod/1292/state/1/lga/3738/ward/24766/pu/100576/100576-1677517642.pdf
OYO,EGBEDA,OLODO/KUMAPAYI I,30-05-05-001,GBENKU PRIMARY SCHOOL,334,1307,TRUE,0,TRUE,FALSE,FALSE,FALSE,FALSE,0,0,0,0,https://docs.inecelectionresults.net/elections_prod/1292/state/1/lga/3738/ward/24767/pu/100578/100578-1677520606.pdf
OYO,EGBEDA,OLODO/KUMAPAYI I,30-05-05-013,"ST. PETER'S SCHOOL, OJUOLAPE",190,638,TRUE,0,TRUE,FALSE,FALSE,FALSE,FALSE,0,0,0,0,https://docs.inecelectionresults.net/elections_prod/1292/state/1/lga/3738/ward/24767/pu/100590/100590-1677561864.pdf
OYO,EGBEDA,OLODO/KUMAPAYI I,30-05-05-015,WOFUN VILLAGE II,122,660,TRUE,0,TRUE,FALSE,FALSE,FALSE,FALSE,0,0,0,0,https://docs.inecelectionresults.net/elections_prod/1292/state/1/lga/3738/ward/24767/pu/100592/100592-1677562342.pdf
OYO,EGBEDA,OLODO II,30-05-06-012,BISHOP PHILIPS ACADEMY II,159,750,TRUE,0,TRUE,FALSE,FALSE,FALSE,FALSE,0,0,0,0,https://inec-cvr-cache.s3.eu-west-1.amazonaws.com/cached/results/99504/result_85739_1677765138_thumb.jpg
OYO,EGBEDA,OLODO II,30-05-06-017,EFUNWOLE LAYOUT,129,750,TRUE,0,TRUE,FALSE,FALSE,FALSE,FALSE,0,0,0,0,https://inec-cvr-cache.s3.eu-west-1.amazonaws.com/cached/results/99509/result_85744_1677766199_thumb.jpg
OYO,EGBEDA,OLODO II,30-05-06-026,RAJI SEKERE,156,792,TRUE,0,TRUE,FALSE,FALSE,FALSE,FALSE,0,0,0,0,https://inec-cvr-cache.s3.eu-west-1.amazonaws.com/cached/results/99518/result_85753_1677767480_thumb.jpg
OYO,EGBEDA,OLODO III,30-05-07-004,ALAGBAA VILLAGE,165,750,TRUE,0,TRUE,FALSE,FALSE,FALSE,FALSE,0,0,0,0,https://inec-cvr-cache.s3.eu-west-1.amazonaws.com/cached/results/99522/result_85779_1677593378_thumb.jpg
OYO,EGBEDA,OLODO III,30-05-07-009,IYALODE,160,750,TRUE,0,TRUE,FALSE,FALSE,FALSE,TRUE,80,35,21,1,https://inec-cvr-cache.s3.eu-west-1.amazonaws.com/cached/results/99527/result_85784_1677597875_thumb.jpg
OYO,EGBEDA,OLODO III,30-05-07-011,OLOYA COMPOUND,207,750,TRUE,0,TRUE,FALSE,FALSE,FALSE,TRUE,0,0,0,0,https://inec-cvr-cache.s3.eu-west-1.amazonaws.com/cached/results/99529/result_85786_1677598944_thumb.jpg
OYO,EGBEDA,OSEGERE/AWAYE,30-05-08-003,"COMMUNITY HIGH SCHOOL, OSEGERE",0,750,TRUE,0,TRUE,FALSE,FALSE,FALSE,FALSE,0,0,0,0,https://inec-cvr-cache.s3.eu-west-1.amazonaws.com/cached/results/99533/result_85809_1677569969_thumb.jpg
OYO,EGBEDA,OLODE/ALAKIA,30-05-10-002,ADEGBAYI VILLAGE II,210,1165,TRUE,0,TRUE,FALSE,FALSE,FALSE,FALSE,0,0,0,0,https://docs.inecelectionresults.net/elections_prod/1292/state/01/lga/05/ward/10/pu/002/002-1677386779.pdf
OYO,EGBEDA,OLODE/ALAKIA,30-05-10-009,ISEBO VILLAGE II,252,1066,TRUE,0,TRUE,FALSE,FALSE,FALSE,TRUE,143,61,30,0,https://inec-cvr-cache.s3.eu-west-1.amazonaws.com/cached/results/99554/result_85856_1677629791_thumb.jpg
OYO,EGBEDA,OLODE/ALAKIA,30-05-10-012,OGO-OLUWA COMMUNITY BEHIND AGBALA ITURA,505,2276,TRUE,0,TRUE,FALSE,FALSE,FALSE,FALSE,0,0,0,0,https://docs.inecelectionresults.net/elections_prod/1292/state/01/lga/05/ward/10/pu/012/012-1677386221.pdf
OYO,EGBEDA,OLODE/ALAKIA,30-05-10-014,OLODE VILLAGE,210,905,TRUE,0,TRUE,FALSE,FALSE,FALSE,FALSE,123,33,24,2,https://docs.inecelectionresults.net/elections_prod/1292/state/1/lga/3738/ward/24772/pu/100659/100659-1677585964.pdf
OYO,EGBEDA,OLUBADAN ESTATE,30-05-11-003,ARAROMI,86,335,TRUE,0,TRUE,FALSE,FALSE,FALSE,FALSE,0,0,0,0,https://inec-cvr-cache.s3.eu-west-1.amazonaws.com/cached/results/99564/result_85899_1677609495_thumb.jpg
OYO,EGBEDA,OLUBADAN ESTATE,30-05-11-005,EFUN PRIMARY SCHOOL II,165,750,TRUE,0,TRUE,FALSE,FALSE,FALSE,FALSE,0,0,0,0,https://inec-cvr-cache.s3.eu-west-1.amazonaws.com/cached/results/99566/result_85901_1677673595_thumb.jpg
OYO,EGBEDA,OLUBADAN ESTATE,30-05-11-006,GBAGI,180,826,TRUE,0,TRUE,FALSE,FALSE,FALSE,FALSE,0,0,0,0,https://inec-cvr-cache.s3.eu-west-1.amazonaws.com/cached/results/99567/result_85902_1677673932_thumb.jpg
OYO,EGBEDA,OLUBADAN ESTATE,30-05-11-011,MAKU OGBERE (ILE BAALE),93,473,TRUE,0,TRUE,FALSE,FALSE,FALSE,FALSE,0,0,0,0,https://docs.inecelectionresults.net/elections_prod/1292/state/1/lga/3738/ward/24773/pu/100672/100672-1677603620.pdf
OYO,EGBEDA,OLUBADAN ESTATE,30-05-11-019,OLUBADAN ESTATE,177,750,TRUE,0,TRUE,FALSE,FALSE,FALSE,TRUE,88,69,12,0,https://docs.inecelectionresults.net/elections_prod/1292/state/1/lga/3738/ward/24773/pu/100680/100680-1677531313.pdf
OYO,EGBEDA,OLUBADAN ESTATE,30-05-11-020,ONIDEURE,217,776,TRUE,0,TRUE,FALSE,FALSE,FALSE,FALSE,0,0,0,0,https://docs.inecelectionresults.net/elections_prod/1292/state/1/lga/3738/ward/24773/pu/100681/100681-1677603815.pdf
OYO,EGBEDA,OLUBADAN ESTATE,30-05-11-026,SUNBARE SAWMILL (ADABI),161,750,TRUE,0,TRUE,FALSE,FALSE,FALSE,FALSE,0,0,0,0,https://docs.inecelectionresults.net/elections_prod/1292/state/1/lga/3738/ward/24773/pu/100687/100687-1677604101.pdf
OYO,EGBEDA,OLUBADAN ESTATE,30-05-11-027,TEMIDIRE MARKET,49,679,TRUE,0,TRUE,FALSE,FALSE,FALSE,FALSE,0,0,0,0,https://docs.inecelectionresults.net/elections_prod/1292/state/1/lga/3738/ward/24773/pu/100688/100688-1677533118.pdf
OYO,IBADAN NORTH,WARD I N2,30-06-01-001,AGBO COMPOUND,163,766,TRUE,0,TRUE,FALSE,FALSE,FALSE,TRUE,74,9,64,0,https://docs.inecelectionresults.net/elections_prod/1292/state/01/lga/06/ward/01/pu/001/001-1677426283.pdf
OYO,IBADAN NORTH,WARD I N2,30-06-01-002,AYOOLA COMPOUND I,172,703,TRUE,0,TRUE,FALSE,FALSE,FALSE,FALSE,0,0,0,0,https://docs.inecelectionresults.net/elections_prod/1292/state/01/lga/06/ward/01/pu/002/002-1677403301.pdf
OYO,IBADAN NORTH,WARD I N2,30-06-01-004,GALAXY T.V. I,132,770,TRUE,0,TRUE,TRUE,FALSE,FALSE,FALSE,93,4,22,0,https://docs.inecelectionresults.net/elections_prod/1292/state/1/lga/3739/ward/24774/pu/100693/100693-1677494009.pdf
OYO,IBADAN NORTH,WARD I N2,30-06-01-005,GALAXY T.V. II,105,441,TRUE,0,TRUE,FALSE,FALSE,FALSE,FALSE,52,1500,32,9,https://docs.inecelectionresults.net/elections_prod/1292/state/01/lga/06/ward/01/pu/005/005-1677426660.pdf
OYO,IBADAN NORTH,WARD I N2,30-06-01-010,OPPOSITE NATIONAL PETROL ISALE-ALFA,142,674,TRUE,0,TRUE,FALSE,FALSE,FALSE,FALSE,72,1,44,0,https://docs.inecelectionresults.net/elections_prod/1292/state/01/lga/06/ward/01/pu/010/010-1677412385.pdf
OYO,IBADAN NORTH,"WARD II, N3",30-06-02-002,APOSTOLIC PRIMARY SCHOOL,121,629,TRUE,0,TRUE,FALSE,FALSE,FALSE,FALSE,0,0,0,0,https://docs.inecelectionresults.net/elections_prod/1292/state/01/lga/06/ward/02/pu/002/002-1677413552.pdf
OYO,IBADAN NORTH,"WARD II, N3",30-06-02-004,BOLA STREET,183,872,TRUE,0,TRUE,FALSE,FALSE,FALSE,FALSE,0,0,0,0,https://docs.inecelectionresults.net/elections_prod/1292/state/01/lga/06/ward/02/pu/004/004-1677424373.pdf
OYO,IBADAN NORTH,"WARD II, N3",30-06-02-015,OJO-ONIRO COMPOUND,99,645,TRUE,0,TRUE,FALSE,FALSE,FALSE,FALSE,0,0,0,0,https://docs.inecelectionresults.net/elections_prod/1292/state/01/lga/06/ward/02/pu/015/015-1677423165.pdf
OYO,IBADAN NORTH,"WARD II, N3",30-06-02-017,OPOYEOSA/ONIYANRIN JUNCTION,151,657,TRUE,0,TRUE,FALSE,FALSE,FALSE,FALSE,0,0,0,0,https://docs.inecelectionresults.net/elections_prod/1292/state/01/lga/06/ward/02/pu/017/017-1677409499.pdf
OYO,IBADAN NORTH,"WARD II, N3",30-06-02-018,OPPOSITE NALENDE MOSQUE,93,542,TRUE,0,TRUE,FALSE,FALSE,FALSE,FALSE,0,0,0,0,https://docs.inecelectionresults.net/elections_prod/1292/state/01/lga/06/ward/02/pu/018/018-1677410387.pdf
OYO,IBADAN NORTH,"WARD II, N3",30-06-02-021,ST. PETER SCHOOL,88,516,TRUE,0,TRUE,FALSE,FALSE,FALSE,FALSE,0,0,0,0,https://docs.inecelectionresults.net/elections_prod/1292/state/01/lga/06/ward/02/pu/021/021-1677422389.pdf
OYO,IBADAN NORTH,"WARD II, N3",30-06-02-023,ST. STEPHEN SCHOOL II,124,703,TRUE,0,TRUE,FALSE,FALSE,FALSE,FALSE,0,0,0,0,https://docs.inecelectionresults.net/elections_prod/1292/state/01/lga/06/ward/02/pu/023/023-1677428392.pdf
OYO,IBADAN NORTH,"WARD II, N3",30-06-02-024,ST. STEPHEN SCHOOL III,91,482,TRUE,0,TRUE,FALSE,FALSE,FALSE,FALSE,0,0,0,0,https://docs.inecelectionresults.net/elections_prod/1292/state/01/lga/06/ward/02/pu/024/024-1677423449.pdf
OYO,IBADAN NORTH,"WARD III, N4",30-06-03-005,"SALVATION ARMY SCHOOL, YEMETU",190,964,TRUE,0,TRUE,FALSE,FALSE,FALSE,FALSE,0,0,0,0,https://docs.inecelectionresults.net/elections_prod/1292/state/01/lga/06/ward/03/pu/005/005-1677413132.pdf
OYO,IBADAN NORTH,"WARD III, N4",30-06-03-006,BAPTIST SCHOOL ORITAMEFA,148,812,TRUE,0,TRUE,FALSE,FALSE,FALSE,TRUE,1,88,10,0,https://docs.inecelectionresults.net/elections_prod/1292/state/1/lga/3739/ward/24776/pu/100734/100734-1677525675.pdf
OYO,IBADAN NORTH,"WARD III, N4",30-06-03-007,"MEDICO AREA, AGBADA GBUDU",115,612,TRUE,0,TRUE,FALSE,FALSE,FALSE,FALSE,0,0,0,0,https://docs.inecelectionresults.net/elections_prod/1292/state/01/lga/06/ward/03/pu/007/007-1677412019.pdf
OYO,IBADAN NORTH,"WARD III, N4",30-06-03-013,"LICENSING OFFICE, YEMETU",118,741,TRUE,0,TRUE,FALSE,FALSE,FALSE,TRUE,79,1,27,0,https://docs.inecelectionresults.net/elections_prod/1292/state/1/lga/3739/ward/24776/pu/100741/100741-1677517317.pdf
OYO,IBADAN NORTH,"WARD III, N4",30-06-03-016,"ALADORIN JUNCTION, YEMETU I",198,1097,TRUE,0,FALSE,TRUE,FALSE,FALSE,TRUE,112,1,17,0,https://docs.inecelectionresults.net/elections_prod/1292/state/01/lga/06/ward/03/pu/016/016-1677411343.pdf
OYO,IBADAN NORTH,"WARD III, N4",30-06-03-034,MOBIL PETROL STATION/OKE ARE ROAD YEMETU,132,809,TRUE,0,TRUE,FALSE,FALSE,FALSE,TRUE,90,9,27,0,https://docs.inecelectionresults.net/elections_prod/1292/state/1/lga/3739/ward/24776/pu/100762/100762-1677526393.pdf
OYO,IBADAN NORTH,"WARD IV, N5A",30-06-04-021,IDI-OMO MOSQUE,178,875,TRUE,0,TRUE,FALSE,FALSE,FALSE,FALSE,0,0,0,0,https://docs.inecelectionresults.net/elections_prod/1292/state/1/lga/3739/ward/24777/pu/100785/100785-1677507836.pdf
OYO,IBADAN NORTH,"WARD V, N5B",30-06-05-004,"FEDERAL HOUSING, IKOLABA",261,1210,TRUE,0,TRUE,FALSE,FALSE,FALSE,FALSE,0,0,0,0,https://docs.inecelectionresults.net/elections_prod/1292/state/01/lga/06/ward/05/pu/004/004-1677392199.pdf
OYO,IBADAN NORTH,"WARD V, N5B",30-06-05-006,"IN FRONT OF CUSTOMS, AGODI",158,658,TRUE,0,TRUE,FALSE,FALSE,FALSE,FALSE,0,0,0,0,https://docs.inecelectionresults.net/elections_prod/1292/state/01/lga/06/ward/05/pu/006/006-1677416408.pdf
OYO,IBADAN NORTH,"WARD V, N5B",30-06-05-008,BASORUN/OJOO HIGH SCHOOL ASI,261,1259,TRUE,0,TRUE,FALSE,FALSE,FALSE,FALSE,126,110,18,0,https://docs.inecelectionresults.net/elections_prod/1292/state/1/lga/3739/ward/24778/pu/100801/100801-1677494610.pdf
OYO,IBADAN NORTH,"WARD V, N5B",30-06-05-014,MT. OLIVET GRAMMAR SCHOOL,181,949,TRUE,0,TRUE,FALSE,FALSE,FALSE,FALSE,92,50,21,0,https://docs.inecelectionresults.net/elections_prod/1292/state/01/lga/06/ward/05/pu/014/014-1677421273.pdf
OYO,IBADAN NORTH,"WARD V, N5B",30-06-05-015,"ISLAMIC HIGH SCHOOL, BASORUN",192,652,TRUE,0,TRUE,FALSE,FALSE,FALSE,FALSE,0,0,0,0,https://docs.inecelectionresults.net/elections_prod/1292/state/01/lga/06/ward/05/pu/015/015-1677413900.pdf
OYO,IBADAN NORTH,"WARD V, N5B",30-06-05-017,ST. PATRICK GRAMMAR SCHOOL,235,1416,TRUE,0,TRUE,FALSE,FALSE,FALSE,FALSE,0,0,0,0,https://docs.inecelectionresults.net/elections_prod/1292/state/01/lga/06/ward/05/pu/017/017-1677421562.pdf
OYO,IBADAN NORTH,"WARD V, N5B",30-06-05-018,OSUNKAYE INU KOKO,245,1178,TRUE,0,TRUE,FALSE,FALSE,FALSE,TRUE,157,31,30,1,https://docs.inecelectionresults.net/elections_prod/1292/state/01/lga/06/ward/05/pu/018/018-1677428642.pdf
OYO,IBADAN NORTH,"WARD V, N5B",30-06-05-020,OLUWO-NLA,247,1406,TRUE,0,TRUE,FALSE,FALSE,FALSE,FALSE,0,0,0,0,https://docs.inecelectionresults.net/elections_prod/1292/state/01/lga/06/ward/05/pu/020/020-1677428237.pdf
OYO,IBADAN NORTH,"WARD V, N5B",30-06-05-021,FRONT OF LATE PELLER'S HOUSE,219,933,TRUE,0,TRUE,FALSE,FALSE,FALSE,FALSE,0,0,0,0,https://docs.inecelectionresults.net/elections_prod/1292/state/01/lga/06/ward/05/pu/021/021-1677420321.pdf
OYO,IBADAN NORTH,"WARD V, N5B",30-06-05-023,AKINGBOLA MOSQUE,252,1320,TRUE,0,TRUE,FALSE,FALSE,FALSE,FALSE,0,0,0,0,https://docs.inecelectionresults.net/elections_prod/1292/state/1/lga/3739/ward/24778/pu/100816/100816-1677514774.pdf
OYO,IBADAN NORTH,"WARD V, N5B",30-06-05-026,IDI-OROGBO,216,882,TRUE,0,TRUE,FALSE,FALSE,FALSE,FALSE,0,0,0,0,https://docs.inecelectionresults.net/elections_prod/1292/state/01/lga/06/ward/05/pu/026/026-1677424325.pdf
OYO,IBADAN NORTH,"WARD V, N5B",30-06-05-027,ASHI VILLAGE (NEAR THE STREAM),159,722,TRUE,0,TRUE,FALSE,FALSE,FALSE,FALSE,0,0,0,0,https://docs.inecelectionresults.net/elections_prod/1292/state/01/lga/06/ward/05/pu/027/027-1677419966.pdf
OYO,IBADAN NORTH,"WARD V, N5B",30-06-05-029,ARAPASOPO,149,720,TRUE,0,TRUE,FALSE,FALSE,FALSE,FALSE,63,49,17,0,https://docs.inecelectionresults.net/elections_prod/1292/state/1/lga/3739/ward/24778/pu/100822/100822-1677525615.pdf
OYO,IBADAN NORTH,"WARD V, N5B",30-06-05-031,ODO-ELEDE,204,1053,TRUE,0,TRUE,FALSE,FALSE,FALSE,FALSE,0,0,0,0,https://docs.inecelectionresults.net/elections_prod/1292/state/01/lga/06/ward/05/pu/031/031-1677407262.pdf
OYO,IBADAN NORTH,"WARD V, N5B",30-06-05-032,FESTOLA NURSERY/PRIMARY SCHOOL,165,870,TRUE,0,TRUE,FALSE,FALSE,FALSE,FALSE,0,0,0,0,https://docs.inecelectionresults.net/elections_prod/1292/state/01/lga/06/ward/05/pu/032/032-1677415484.pdf
OYO,IBADAN NORTH,"WARD V, N5B",30-06-05-033,OPPOSITE OLONA MOSQUE,254,1199,TRUE,0,TRUE,FALSE,FALSE,FALSE,FALSE,0,0,0,0,https://docs.inecelectionresults.net/elections_prod/1292/state/1/lga/3739/ward/24778/pu/100826/100826-1677514101.pdf
OYO,IBADAN NORTH,"WARD V, N5B",30-06-05-034,ARE AVENUE,150,757,TRUE,0,TRUE,FALSE,FALSE,FALSE,FALSE,0,0,0,0,https://docs.inecelectionresults.net/elections_prod/1292/state/01/lga/06/ward/05/pu/034/034-1677422554.pdf
OYO,IBADAN NORTH,"WARD V, N5B",30-06-05-036,JUNCTION NUBIFAL PHARMACY,241,1082,TRUE,0,TRUE,FALSE,FALSE,FALSE,FALSE,0,0,0,0,https://docs.inecelectionresults.net/elections_prod/1292/state/01/lga/06/ward/05/pu/036/036-1677373175.pdf
OYO,IBADAN NORTH,"WARD VI, N6A PART I",30-06-06-001,"OLD MOTOR PARK, SABO",231,1124,TRUE,0,TRUE,FALSE,FALSE,FALSE,FALSE,0,0,0,0,https://docs.inecelectionresults.net/elections_prod/1292/state/01/lga/06/ward/06/pu/001/001-1677403751.pdf
OYO,IBADAN NORTH,"WARD VI, N6A PART I",30-06-06-002,IBADAN RECREATION CLUB,151,918,TRUE,0,TRUE,FALSE,FALSE,FALSE,FALSE,0,0,0,0,https://docs.inecelectionresults.net/elections_prod/1292/state/1/lga/3739/ward/24779/pu/100831/100831-1677495208.pdf
OYO,IBADAN NORTH,"WARD VI, N6A PART I",30-06-06-003,"PRIMARY SCHOOL, JEMIBEWON",157,1070,TRUE,0,TRUE,FALSE,FALSE,FALSE,FALSE,0,0,0,0,https://docs.inecelectionresults.net/elections_prod/1292/state/01/lga/06/ward/06/pu/003/003-1677408176.pdf
OYO,IBADAN NORTH,"WARD VI, N6A PART I",30-06-06-004,OPPOSITE TEXACO ADAMASINGBA,142,924,TRUE,0,TRUE,FALSE,FALSE,FALSE,FALSE,0,0,0,0,https://docs.inecelectionresults.net/elections_prod/1292/state/01/lga/06/ward/06/pu/004/004-1677393103.pdf
OYO,IBADAN NORTH,"WARD VI, N6A PART I",30-06-06-005,"ST. GABRIEL GRAMMAR SCHOOL, MOKOLA",269,1217,TRUE,0,TRUE,FALSE,FALSE,FALSE,FALSE,0,0,0,0,https://docs.inecelectionresults.net/elections_prod/1292/state/01/lga/06/ward/06/pu/005/005-1677410438.pdf
OYO,IBADAN NORTH,"WARD VI, N6A PART I",30-06-06-006,PALM CHEMIST ADAMASINGBA,208,1076,TRUE,0,TRUE,FALSE,FALSE,FALSE,FALSE,0,0,0,0,https://docs.inecelectionresults.net/elections_prod/1292/state/01/lga/06/ward/06/pu/006/006-1677409966.pdf
OYO,IBADAN NORTH,"WARD VI, N6A PART I",30-06-06-012,OPPOSITE UNCLE JOE CHEMIST,113,715,TRUE,0,TRUE,FALSE,FALSE,FALSE,FALSE,0,0,0,0,https://docs.inecelectionresults.net/elections_prod/1292/state/01/lga/06/ward/06/pu/012/012-1677416667.pdf
OYO,IBADAN NORTH,"WARD VII, N6A PART II",30-06-07-002,"FAYEMI STREET, TAXACO, ORE MEJI II",105,442,TRUE,0,TRUE,FALSE,FALSE,FALSE,FALSE,0,0,0,0,https://docs.inecelectionresults.net/elections_prod/1292/state/01/lga/06/ward/07/pu/002/002-1677423003.pdf
OYO,IBADAN NORTH,"WARD VII, N6A PART II",30-06-07-003,"AJEGUNLE STREET, COCA COLA I",174,755,TRUE,0,TRUE,FALSE,FALSE,FALSE,FALSE,0,0,0,0,https://docs.inecelectionresults.net/elections_prod/1292/state/01/lga/06/ward/07/pu/003/003-1677396435.pdf
OYO,IBADAN NORTH,"WARD VII, N6A PART II",30-06-07-005,ST. LOUIS GRAMMAR SCHOOL,185,955,TRUE,0,TRUE,FALSE,FALSE,FALSE,FALSE,0,0,0,0,https://docs.inecelectionresults.net/elections_prod/1292/state/01/lga/06/ward/07/pu/005/005-1677421814.pdf
OYO,IBADAN NORTH,"WARD VII, N6A PART II",30-06-07-015,ADEOLA CRESCENT II,137,532,TRUE,0,TRUE,FALSE,FALSE,FALSE,FALSE,0,0,0,0,https://docs.inecelectionresults.net/elections_prod/1292/state/01/lga/06/ward/07/pu/015/015-1677410488.pdf
OYO,IBADAN NORTH,"WARD VIII, N6A PART III",30-06-08-005,OPPOSITE CHRIST LIFE MINISTRY,90,732,TRUE,0,TRUE,FALSE,FALSE,FALSE,FALSE,0,0,0,0,https://docs.inecelectionresults.net/elections_prod/1292/state/01/lga/06/ward/08/pu/005/005-1677410828.pdf
OYO,IBADAN NORTH,"WARD VIII, N6A PART III",30-06-08-015,GBAREMU,160,750,TRUE,0,TRUE,FALSE,FALSE,FALSE,FALSE,0,0,0,0,https://docs.inecelectionresults.net/elections_prod/1292/state/01/lga/06/ward/08/pu/015/015-1677413692.pdf
OYO,IBADAN NORTH,"WARD VIII, N6A PART III",30-06-08-021,TRANSFORMER SANGO,153,750,TRUE,0,TRUE,FALSE,FALSE,FALSE,FALSE,0,0,0,0,https://docs.inecelectionresults.net/elections_prod/1292/state/1/lga/3739/ward/24781/pu/100889/100889-1677505731.pdf
OYO,IBADAN NORTH,"WARD VIII, N6A PART III",30-06-08-022,DUROTOLU MATERNITY,135,750,TRUE,0,TRUE,FALSE,FALSE,FALSE,FALSE,0,0,0,0,https://docs.inecelectionresults.net/elections_prod/1292/state/1/lga/3739/ward/24781/pu/100890/100890-1677504077.pdf
OYO,IBADAN NORTH,"WARD VIII, N6A PART III",30-06-08-027,CHILDREN WELFARE CENTRE,122,750,TRUE,0,TRUE,FALSE,FALSE,FALSE,FALSE,73,25,17,0,https://docs.inecelectionresults.net/elections_prod/1292/state/1/lga/3739/ward/24781/pu/100895/100895-1677501970.pdf
OYO,IBADAN NORTH,"WARD IX, (N6B PART I)",30-06-09-005,COLOUR LABORATORY,174,726,TRUE,0,TRUE,FALSE,FALSE,FALSE,FALSE,0,0,0,0,https://docs.inecelectionresults.net/elections_prod/1292/state/1/lga/3739/ward/24782/pu/100907/100907-1677506091.pdf
OYO,IBADAN NORTH,"WARD IX, (N6B PART I)",30-06-09-006,AGO TAPA,142,750,TRUE,0,TRUE,FALSE,FALSE,FALSE,FALSE,771,36,25,15,https://docs.inecelectionresults.net/elections_prod/1292/state/1/lga/3739/ward/24782/pu/100908/100908-1677520150.pdf
OYO,IBADAN NORTH,"WARD IX, (N6B PART I)",30-06-09-007,ALAFIA PRIMARY SCHOOL I,157,750,TRUE,0,TRUE,FALSE,FALSE,FALSE,FALSE,0,0,0,0,https://docs.inecelectionresults.net/elections_prod/1292/state/1/lga/3739/ward/24782/pu/100909/100909-1677504132.pdf
OYO,IBADAN NORTH,"WARD IX, (N6B PART I)",30-06-09-009,ALAFIA PRIMARY SCHOOL III,168,750,TRUE,0,TRUE,FALSE,FALSE,FALSE,FALSE,0,0,0,0,https://docs.inecelectionresults.net/elections_prod/1292/state/1/lga/3739/ward/24782/pu/100911/100911-1677508196.pdf
OYO,IBADAN NORTH,"WARD IX, (N6B PART I)",30-06-09-010,C & S NEW EDEN SCHOOL,137,750,TRUE,0,TRUE,FALSE,FALSE,FALSE,FALSE,0,0,0,0,https://docs.inecelectionresults.net/elections_prod/1292/state/1/lga/3739/ward/24782/pu/100912/100912-1677509751.pdf
OYO,IBADAN NORTH,"WARD IX, (N6B PART I)",30-06-09-012,BACK OF UNCLE JOE,131,750,TRUE,0,TRUE,FALSE,FALSE,FALSE,FALSE,60,36,26,0,https://docs.inecelectionresults.net/elections_prod/1292/state/1/lga/3739/ward/24782/pu/100914/100914-1677515646.pdf
OYO,IBADAN NORTH,"WARD IX, (N6B PART I)",30-06-09-013,"OPPOSITE VETERINARY, MOKOLA",134,750,TRUE,0,TRUE,FALSE,FALSE,FALSE,FALSE,0,0,0,0,https://docs.inecelectionresults.net/elections_prod/1292/state/1/lga/3739/ward/24782/pu/100915/100915-1677519904.pdf
OYO,IBADAN NORTH,"WARD X, N6B PART II",30-06-10-001,U.C.H. PARK,138,750,TRUE,0,TRUE,FALSE,FALSE,FALSE,FALSE,0,0,0,0,https://docs.inecelectionresults.net/elections_prod/1292/state/01/lga/06/ward/10/pu/001/001-1677421107.pdf
OYO,IBADAN NORTH,"WARD X, N6B PART II",30-06-10-003,ADEYI AVENUE,125,750,TRUE,0,TRUE,FALSE,FALSE,FALSE,FALSE,0,0,0,0,https://docs.inecelectionresults.net/elections_prod/1292/state/01/lga/06/ward/10/pu/003/003-1677426253.pdf
OYO,IBADAN NORTH,"WARD X, N6B PART II",30-06-10-004,"BAPTIST CHURCH AREA, BODIJA",125,750,TRUE,0,TRUE,FALSE,FALSE,FALSE,FALSE,0,0,0,0,https://docs.inecelectionresults.net/elections_prod/1292/state/01/lga/06/ward/10/pu/004/004-1677416321.pdf
OYO,IBADAN NORTH,"WARD X, N6B PART II",30-06-10-005,FAITH MEDICAL CLINIC,117,750,TRUE,0,TRUE,FALSE,FALSE,FALSE,FALSE,0,0,0,0,https://docs.inecelectionresults.net/elections_prod/1292/state/01/lga/06/ward/10/pu/005/005-1677425153.pdf
OYO,IBADAN NORTH,"WARD X, N6B PART II",30-06-10-006,AWOLOWO AVENUE,99,750,TRUE,0,TRUE,FALSE,FALSE,FALSE,FALSE,45,35,13,1,https://docs.inecelectionresults.net/elections_prod/1292/state/1/lga/3739/ward/24783/pu/100921/100921-1677474188.pdf
OYO,IBADAN NORTH,"WARD X, N6B PART II",30-06-10-007,AJIBADE STREET JAC-DEBO I,146,734,TRUE,0,TRUE,FALSE,FALSE,FALSE,FALSE,0,0,0,0,https://docs.inecelectionresults.net/elections_prod/1292/state/01/lga/06/ward/10/pu/007/007-1677427810.pdf
OYO,IBADAN NORTH,"WARD X, N6B PART II",30-06-10-008,AJIBADE STREET JAC-DEBO II,127,610,TRUE,0,TRUE,FALSE,FALSE,FALSE,FALSE,0,0,0,0,https://docs.inecelectionresults.net/elections_prod/1292/state/01/lga/06/ward/10/pu/008/008-1677427831.pdf
OYO,IBADAN NORTH,"WARD X, N6B PART II",30-06-10-010,OBASA,195,769,TRUE,0,TRUE,FALSE,FALSE,FALSE,FALSE,0,0,0,0,https://docs.inecelectionresults.net/elections_prod/1292/state/01/lga/06/ward/10/pu/010/010-1677427860.pdf
OYO,IBADAN NORTH,"WARD X, N6B PART II",30-06-10-011,"ALABIAMO STREET, BESIDE ALL SOULS",99,750,TRUE,0,TRUE,FALSE,FALSE,FALSE,FALSE,0,0,0,0,https://docs.inecelectionresults.net/elections_prod/1292/state/01/lga/06/ward/10/pu/011/011-1677426584.pdf
OYO,IBADAN NORTH,"WARD X, N6B PART II",30-06-10-012,OPPOSITE SUBUOLA NURSERY/PRIMARY SCHOOL,101,750,TRUE,0,TRUE,FALSE,FALSE,FALSE,FALSE,0,0,0,0,https://docs.inecelectionresults.net/elections_prod/1292/state/01/lga/06/ward/10/pu/012/012-1677420287.pdf
OYO,IBADAN NORTH,"WARD X, N6B PART II",30-06-10-013,"ONDO STREET, OLD BODIJA",158,750,TRUE,0,TRUE,FALSE,FALSE,FALSE,FALSE,0,0,0,0,https://docs.inecelectionresults.net/elections_prod/1292/state/01/lga/06/ward/10/pu/013/013-1677420329.pdf
OYO,IBADAN NORTH,"WARD X, N6B PART II",30-06-10-014,"ILARO STREET, OLD BODIJA",133,796,TRUE,0,TRUE,FALSE,FALSE,FALSE,FALSE,0,0,0,0,https://docs.inecelectionresults.net/elections_prod/1292/state/01/lga/06/ward/10/pu/014/014-1677418881.pdf
OYO,IBADAN NORTH,"WARD X, N6B PART II",30-06-10-015,OSUNTOKUN AVENUE,139,750,TRUE,0,TRUE,FALSE,FALSE,FALSE,FALSE,0,0,0,0,https://docs.inecelectionresults.net/elections_prod/1292/state/01/lga/06/ward/10/pu/015/015-1677424298.pdf
OYO,IBADAN NORTH,"WARD X, N6B PART II",30-06-10-017,OBA AKINBIYI HIGH SCHOOL II,130,750,TRUE,0,TRUE,FALSE,FALSE,FALSE,FALSE,0,0,0,0,https://docs.inecelectionresults.net/elections_prod/1292/state/01/lga/06/ward/10/pu/017/017-1677423047.pdf
OYO,IBADAN NORTH,"WARD XI, NW8",30-06-11-006,MORADEYO,167,764,TRUE,0,TRUE,FALSE,FALSE,FALSE,FALSE,0,0,0,0,https://docs.inecelectionresults.net/elections_prod/1292/state/01/lga/06/ward/11/pu/006/006-1677426329.pdf
OYO,IBADAN NORTH,"WARD XI, NW8",30-06-11-011,"MELLANBY/TEDDER HALLS, U.I.",349,1434,TRUE,0,TRUE,FALSE,FALSE,FALSE,FALSE,66,256,11,0,https://docs.inecelectionresults.net/elections_prod/1292/state/01/lga/06/ward/11/pu/011/011-1677425304.pdf
OYO,IBADAN NORTH,"WARD XI, NW8",30-06-11-015,"IDIA HALL, U.I.",116,750,TRUE,0,TRUE,FALSE,FALSE,FALSE,FALSE,0,0,0,0,https://docs.inecelectionresults.net/elections_prod/1292/state/01/lga/06/ward/11/pu/015/015-1677362694.pdf
OYO,IBADAN NORTH,"WARD XI, NW8",30-06-11-018,"ABADINA PRIMARY SCHOOL, U.I.",213,750,TRUE,0,TRUE,TRUE,FALSE,FALSE,FALSE,63,129,9,0,https://docs.inecelectionresults.net/elections_prod/1292/state/01/lga/06/ward/11/pu/018/018-1677420092.pdf
OYO,IBADAN NORTH,"WARD XII, NW8",30-06-12-004,ANSARUDEEN I,178,892,TRUE,0,TRUE,FALSE,FALSE,FALSE,FALSE,0,0,0,0,https://docs.inecelectionresults.net/elections_prod/1292/state/1/lga/3739/ward/24785/pu/100955/100955-1677497251.pdf
OYO,IBADAN NORTH,"WARD XII, NW8",30-06-12-009,"ST. THOMAS PRIMARY SCHOOL, AGBOWO",165,891,TRUE,0,TRUE,FALSE,FALSE,FALSE,FALSE,0,0,0,0,https://docs.inecelectionresults.net/elections_prod/1292/state/1/lga/3739/ward/24785/pu/100960/100960-1677512182.pdf
OYO,IBADAN NORTH,"WARD XII, NW8",30-06-12-017,ALHAJI SALAWU SANUSI STREET II,97,459,TRUE,0,TRUE,FALSE,FALSE,FALSE,FALSE,46,30,0,16,https://docs.inecelectionresults.net/elections_prod/1292/state/01/lga/06/ward/12/pu/017/017-1677426136.pdf
OYO,IBADAN NORTH,"WARD XII, NW8",30-06-12-018,"ZONAL HEALTH CENTRE, BODIJA I",112,725,TRUE,0,TRUE,FALSE,FALSE,FALSE,FALSE,0,0,0,0,https://docs.inecelectionresults.net/elections_prod/1292/state/1/lga/3739/ward/24785/pu/100969/100969-1677506125.pdf
OYO,IBADAN NORTH,"WARD XII, NW8",30-06-12-028,IN FRONT OF ORISUN CATERING,131,704,TRUE,0,TRUE,FALSE,FALSE,FALSE,FALSE,0,0,0,0,https://docs.inecelectionresults.net/elections_prod/1292/state/01/lga/06/ward/12/pu/027/027-1677426846.pdf
OYO,IBADAN NORTH EAST,"WARD XII, NW8",30-07-01-001,AKINBODE STREET (AGBOWO),181,750,TRUE,0,TRUE,FALSE,FALSE,FALSE,TRUE,75,2,38,2,https://docs.inecelectionresults.net/elections_prod/1292/state/1/lga/3739/ward/24785/pu/100993/100993-1677513266.pdf
OYO,IBADAN NORTH EAST,WARD I. EI,30-07-01-002,AKINTAYO'S COMPOUND II,143,480,TRUE,0,TRUE,FALSE,FALSE,FALSE,TRUE,67,5,45,11,https://docs.inecelectionresults.net/elections_prod/1292/state/01/lga/07/ward/01/pu/002/002-1677418004.pdf
OYO,IBADAN NORTH EAST,WARD I. EI,30-07-01-004,AKINYELE'S COMPOUND II,144,484,TRUE,0,TRUE,FALSE,FALSE,FALSE,FALSE,0,0,0,0,https://docs.inecelectionresults.net/elections_prod/1292/state/01/lga/07/ward/01/pu/004/004-1677418791.pdf
OYO,IBADAN NORTH EAST,WARD I. EI,30-07-01-012,OPEN SPACE ODO OSUN COMPOUND,52,216,TRUE,0,TRUE,FALSE,FALSE,FALSE,FALSE,0,0,0,0,https://docs.inecelectionresults.net/elections_prod/1292/state/01/lga/07/ward/01/pu/012/012-1677415239.pdf
OYO,IBADAN NORTH EAST,WARD I. EI,30-07-01-013,OLUBODUN'S COMPOUND,115,523,TRUE,0,TRUE,FALSE,FALSE,FALSE,FALSE,0,0,0,0,https://docs.inecelectionresults.net/elections_prod/1292/state/01/lga/07/ward/01/pu/013/013-1677414710.pdf
OYO,IBADAN NORTH EAST,WARD 2 NI (PART II),30-07-02-001,ADEPO'S COMPOUND I,144,531,TRUE,0,TRUE,FALSE,FALSE,FALSE,FALSE,0,0,0,0,https://docs.inecelectionresults.net/elections_prod/1292/state/01/lga/07/ward/02/pu/001/001-1677411581.pdf
OYO,IBADAN NORTH EAST,WARD 2 NI (PART II),30-07-02-005,OGBORIEFON'S COMPOUND II,91,435,TRUE,0,TRUE,FALSE,FALSE,FALSE,FALSE,61,2,37,0,https://docs.inecelectionresults.net/elections_prod/1292/state/01/lga/07/ward/02/pu/004/004-1677408974.pdf
OYO,IBADAN NORTH EAST,WARD 2 NI (PART II),30-07-02-006,OGBORIEFON'S COMPOUND IV,88,476,TRUE,0,TRUE,FALSE,FALSE,FALSE,FALSE,0,0,0,0,https://docs.inecelectionresults.net/elections_prod/1292/state/01/lga/07/ward/02/pu/006/006-1677408418.pdf
OYO,IBADAN NORTH EAST,WARD 2 NI (PART II),30-07-02-011,OSA OKO I,86,370,TRUE,0,TRUE,FALSE,FALSE,FALSE,TRUE,52,4,29,0,https://docs.inecelectionresults.net/elections_prod/1292/state/01/lga/07/ward/02/pu/010/010-1677405908.pdf
OYO,IBADAN NORTH EAST,WARD III. E3,30-07-03-005,ALAGBA'S COMPOUND OJAGBO II,105,538,TRUE,0,TRUE,FALSE,FALSE,FALSE,FALSE,0,0,0,0,https://docs.inecelectionresults.net/elections_prod/1292/state/01/lga/07/ward/03/pu/002/002-1677415325.pdf
OYO,IBADAN NORTH EAST,WARD III. E3,30-07-03-007,OPEN SPACE IN FRONT OF AROLU'S COMPOUND,114,660,TRUE,0,TRUE,FALSE,FALSE,FALSE,FALSE,0,0,0,0,https://docs.inecelectionresults.net/elections_prod/1292/state/01/lga/07/ward/03/pu/007/007-1677417616.pdf
OYO,IBADAN NORTH EAST,WARD III. E3,30-07-03-008,OPEN SPACE BESIDE OGUNDIPE,147,750,TRUE,0,FALSE,FALSE,FALSE,FALSE,TRUE,60,0,52,0,https://docs.inecelectionresults.net/elections_prod/1292/state/01/lga/07/ward/03/pu/008/008-1677402598.pdf
OYO,IBADAN NORTH EAST,WARD V E5A,30-07-05-002,OPEN SPACE OF ADEROGBA COMPOUND,104,678,TRUE,0,TRUE,FALSE,FALSE,FALSE,FALSE,0,0,0,0,https://inec-cvr-cache.s3.eu-west-1.amazonaws.com/cached/results/99975/result_86540_1677514773_thumb.jpg
OYO,IBADAN NORTH EAST,WARD V E5A,30-07-05-010,"OPEN SPACE BEHIND PETROL STATION, LABIRAN",106,750,TRUE,0,TRUE,TRUE,FALSE,FALSE,TRUE,42,1,20,0,https://inec-cvr-cache.s3.eu-west-1.amazonaws.com/cached/results/99983/result_86548_1677515477_thumb.jpg
OYO,IBADAN NORTH EAST,WARD VI E5B,30-07-06-001,"OPEN SPACE IN FRONT OF ALHAJI BASORUN'S HOUSE, ALAFARA OJE 1",166,530,TRUE,0,TRUE,FALSE,FALSE,FALSE,FALSE,0,0,0,0,https://docs.inecelectionresults.net/elections_prod/1292/state/01/lga/07/ward/06/pu/001/001-1677392694.pdf
OYO,IBADAN NORTH EAST,WARD VI E5B,30-07-06-004,"OPEN SPACE BESIDE CHIEF AKINADE'S HOUSE, OJE II",99,487,TRUE,0,TRUE,FALSE,FALSE,FALSE,FALSE,0,0,0,0,https://docs.inecelectionresults.net/elections_prod/1292/state/01/lga/07/ward/06/pu/004/004-1677365703.pdf
OYO,IBADAN NORTH EAST,WARD VI E5B,30-07-06-005,OPEN SPACE ILEPO ADERINTO I,142,531,TRUE,0,TRUE,FALSE,FALSE,FALSE,TRUE,47,2,64,0,https://docs.inecelectionresults.net/elections_prod/1292/state/01/lga/07/ward/06/pu/005/005-1677408182.pdf
OYO,IBADAN NORTH EAST,WARD VI E5B,30-07-06-006,OPEN SPACE ILEPO ADERINTO II,113,486,TRUE,0,TRUE,FALSE,FALSE,FALSE,FALSE,0,0,0,0,https://docs.inecelectionresults.net/elections_prod/1292/state/01/lga/07/ward/06/pu/006/006-1677411206.pdf
OYO,IBADAN NORTH EAST,WARD VI E5B,30-07-06-008,"ISO OLOGEDE, OJE MARKET",232,872,TRUE,0,TRUE,FALSE,FALSE,FALSE,FALSE,0,0,0,0,https://docs.inecelectionresults.net/elections_prod/1292/state/01/lga/07/ward/06/pu/008/008-1677392721.pdf
OYO,IBADAN NORTH EAST,WARD VII E6,30-07-07-001,SPACE BESIDE ABORISADE'S COMPOUND,83,363,TRUE,0,TRUE,FALSE,FALSE,FALSE,FALSE,0,0,0,0,https://docs.inecelectionresults.net/elections_prod/1292/state/01/lga/07/ward/07/pu/001/001-1677407388.pdf
OYO,IBADAN NORTH EAST,WARD VII E6,30-07-07-002,ALAFARA OLUBADAN I,98,503,TRUE,0,TRUE,FALSE,FALSE,FALSE,FALSE,0,0,0,0,https://docs.inecelectionresults.net/elections_prod/1292/state/01/lga/07/ward/07/pu/002/002-1677409099.pdf
OYO,IBADAN NORTH EAST,WARD VII E6,30-07-07-006,AREMO STORE,117,530,TRUE,0,TRUE,FALSE,FALSE,FALSE,FALSE,0,0,0,0,https://docs.inecelectionresults.net/elections_prod/1292/state/01/lga/07/ward/07/pu/006/006-1677412285.pdf
OYO,IBADAN NORTH EAST,WARD VII E6,30-07-07-009,H.L.A. AREMO PRIMARY SCHOOL II,141,577,TRUE,0,TRUE,FALSE,FALSE,FALSE,FALSE,0,0,0,0,https://docs.inecelectionresults.net/elections_prod/1292/state/01/lga/07/ward/07/pu/009/009-1677414661.pdf
OYO,IBADAN NORTH EAST,WARD VII E6,30-07-07-010,H.L.A. AREMO PRIMARY SCHOOL III,109,469,TRUE,0,TRUE,FALSE,FALSE,FALSE,FALSE,0,0,0,0,https://docs.inecelectionresults.net/elections_prod/1292/state/01/lga/07/ward/07/pu/010/010-1677415405.pdf
OYO,IBADAN NORTH EAST,WARD VII E6,30-07-07-014,"ELEKUNKUN STREET, AJEGEDE",155,525,TRUE,0,TRUE,FALSE,FALSE,FALSE,FALSE,0,0,0,0,https://docs.inecelectionresults.net/elections_prod/1292/state/01/lga/07/ward/07/pu/014/014-1677419425.pdf
OYO,IBADAN NORTH EAST,WARD VII E6,30-07-07-016,SPACE INFRONT IDI RADIO,83,352,TRUE,0,TRUE,FALSE,FALSE,FALSE,FALSE,0,0,0,0,https://docs.inecelectionresults.net/elections_prod/1292/state/01/lga/07/ward/07/pu/016/016-1677420531.pdf
OYO,IBADAN NORTH EAST,WARD VII E6,30-07-07-017,ILE ABORISADE'S COMPOUND,0,305,TRUE,0,TRUE,FALSE,FALSE,FALSE,FALSE,0,0,0,0,https://docs.inecelectionresults.net/elections_prod/1292/state/01/lga/07/ward/07/pu/017/017-1677421421.pdf
OYO,IBADAN NORTH EAST,WARD VIII E7 I,30-07-08-002,"OPEN SPACE AROUND ALALUBOSA, ODE-AJE I",105,521,TRUE,0,TRUE,FALSE,FALSE,FALSE,FALSE,0,0,0,0,https://docs.inecelectionresults.net/elections_prod/1292/state/01/lga/07/ward/08/pu/002/002-1677399888.pdf
OYO,IBADAN NORTH EAST,WARD VIII E7 I,30-07-08-004,"ASUNLE, AREMO JUNCTION",68,639,TRUE,0,TRUE,FALSE,FALSE,FALSE,TRUE,34,3,19,0,https://docs.inecelectionresults.net/elections_prod/1292/state/01/lga/07/ward/08/pu/004/004-1677416164.pdf
OYO,IBADAN NORTH EAST,WARD VIII E7 I,30-07-08-006,"DISPENSARY, AREMO II",77,573,TRUE,0,TRUE,FALSE,FALSE,FALSE,FALSE,0,0,0,0,https://docs.inecelectionresults.net/elections_prod/1292/state/01/lga/07/ward/08/pu/006/006-1677415505.pdf
OYO,IBADAN NORTH EAST,WARD VIII E7 I,30-07-08-017,"I.M.G. PRIMARY SCHOOL, ODE AJE III",78,601,TRUE,0,TRUE,FALSE,FALSE,FALSE,FALSE,0,0,0,0,https://docs.inecelectionresults.net/elections_prod/1292/state/01/lga/07/ward/08/pu/017/017-1677424989.pdf
OYO,IBADAN NORTH EAST,WARD VIII E7 I,30-07-08-034,SPACE AROUND ST. MARY PRIMARY SCHOOL II,93,682,TRUE,0,TRUE,FALSE,FALSE,FALSE,FALSE,0,0,0,0,https://inec-cvr-cache.s3.eu-west-1.amazonaws.com/cached/results/100046/result_86617_1677489158_thumb.jpg
OYO,IBADAN NORTH EAST,WARD IX E7II,30-07-09-008,"OPEN SPACE, AYEKALE I",97,421,TRUE,0,TRUE,FALSE,FALSE,FALSE,FALSE,51,1,6,0,https://docs.inecelectionresults.net/elections_prod/1292/state/01/lga/07/ward/09/pu/008/008-1677400644.pdf
OYO,IBADAN NORTH EAST,WARD IX E7II,30-07-09-016,"ILUPEJU, IDI OBI",162,751,TRUE,0,FALSE,FALSE,FALSE,FALSE,FALSE,101,13,35,2,https://docs.inecelectionresults.net/elections_prod/1292/state/01/lga/07/ward/09/pu/016/016-1677404556.pdf
OYO,IBADAN NORTH EAST,WARD IX E7II,30-07-09-030,"QUEEN OF APOSTLE, OLUYORO III",51,244,TRUE,0,TRUE,FALSE,FALSE,FALSE,FALSE,0,0,0,0,https://docs.inecelectionresults.net/elections_prod/1292/state/01/lga/07/ward/09/pu/030/030-1677415610.pdf
OYO,IBADAN NORTH EAST,WARD IX E7II,30-07-09-034,RENASCENT HIGH SCHOOL I,142,567,TRUE,0,TRUE,FALSE,FALSE,FALSE,FALSE,0,0,0,0,https://docs.inecelectionresults.net/elections_prod/1292/state/01/lga/07/ward/09/pu/034/034-1677411689.pdf
OYO,IBADAN NORTH EAST,WARD XI  E9 I,30-07-11-009,ARMY CHILDREN PRIMARY SCHOOL II,146,520,TRUE,0,TRUE,FALSE,FALSE,FALSE,TRUE,82,17,22,0,https://inec-cvr-cache.s3.eu-west-1.amazonaws.com/cached/results/100109/result_86699_1677495614_thumb.jpg
OYO,IBADAN NORTH EAST,WARD XI  E9 I,30-07-11-030,"OPEN SPACE AROUND KUMAPAYI STREET, IWO ROAD I",123,750,TRUE,0,TRUE,FALSE,FALSE,FALSE,FALSE,0,0,0,0,https://inec-cvr-cache.s3.eu-west-1.amazonaws.com/cached/results/100130/result_86720_1677492791_thumb.jpg
OYO,IBADAN NORTH EAST,WARD XII  E9 II,30-07-12-004,"SPACE BESIDE CUSTOMARY COURT, AGODI",121,750,TRUE,0,TRUE,FALSE,FALSE,FALSE,FALSE,0,0,0,0,https://docs.inecelectionresults.net/elections_prod/1292/state/01/lga/07/ward/12/pu/004/004-1677399771.pdf
OYO,IBADAN NORTH EAST,WARD XII  E9 II,30-07-12-016,"METHODIST SCHOOL,  E9 I",150,750,TRUE,0,TRUE,FALSE,FALSE,FALSE,FALSE,0,0,0,0,https://docs.inecelectionresults.net/elections_prod/1292/state/01/lga/07/ward/12/pu/016/016-1677362845.pdf
OYO,IBADAN NORTH EAST,WARD XII  E9 II,30-07-12-020,SPACE AROUND OKE ADU MOSQUE,170,762,TRUE,0,TRUE,FALSE,FALSE,FALSE,FALSE,0,0,0,0,https://docs.inecelectionresults.net/elections_prod/1292/state/01/lga/07/ward/12/pu/020/020-1677426569.pdf
OYO,IBADAN NORTH EAST,WARD XII  E9 II,30-07-12-021,"SPACE OKE ADU, OKEKOTO, GBENLA I",116,750,TRUE,0,TRUE,FALSE,FALSE,FALSE,TRUE,74,1,18,0,https://docs.inecelectionresults.net/elections_prod/1292/state/01/lga/07/ward/12/pu/021/021-1677412766.pdf
OYO,IBADAN NORTH EAST,WARD XII  E9 II,30-07-12-023,"SEVENTH DAY PRIMARY SCHOOL, OLD IFE ROAD",112,747,TRUE,0,TRUE,FALSE,FALSE,FALSE,FALSE,0,0,0,0,https://docs.inecelectionresults.net/elections_prod/1292/state/01/lga/07/ward/12/pu/023/023-1677374008.pdf
OYO,IBADAN NORTH WEST,WARD I NI (PART I),30-08-01-011,OKUNOLA IWERE,135,609,TRUE,0,TRUE,FALSE,FALSE,FALSE,TRUE,69,0,35,0,https://inec-cvr-cache.s3.eu-west-1.amazonaws.com/cached/results/100183/result_86799_1677676701_thumb.jpg
OYO,IBADAN NORTH WEST,WARD 3 NW1,30-08-03-005,NEAR OMO'S RADIO I,116,798,TRUE,0,TRUE,TRUE,FALSE,FALSE,TRUE,58,9,40,0,https://inec-cvr-cache.s3.eu-west-1.amazonaws.com/cached/results/100204/result_86820_1677676605_thumb.jpg
OYO,IBADAN NORTH WEST,WARD 3 NW1,30-08-03-006,NEAR OMO'S RADIO II,114,698,TRUE,0,TRUE,FALSE,FALSE,FALSE,FALSE,0,0,0,0,https://docs.inecelectionresults.net/elections_prod/1292/state/1/lga/3741/ward/24800/pu/101305/101305-1677571393.pdf
OYO,IBADAN NORTH WEST,WARD 4 NW2,30-08-04-013,OPPOSITE ALARAPE BUSARI'S HOUSE,184,840,TRUE,0,TRUE,FALSE,FALSE,FALSE,FALSE,138,3,33,0,https://inec-cvr-cache.s3.eu-west-1.amazonaws.com/cached/results/100223/result_86843_1677687170_thumb.jpg
OYO,IBADAN NORTH WEST,WARD 5 NW3 (PART I),30-08-05-007,"OPEN SPACE FIRST BAPTIST SCHOOL, IDIKAN I",150,906,TRUE,0,TRUE,FALSE,FALSE,FALSE,FALSE,0,0,0,0,https://inec-cvr-cache.s3.eu-west-1.amazonaws.com/cached/results/100234/result_86861_1677707424_thumb.jpg
OYO,IBADAN NORTH WEST,WARD 5 NW3 (PART I),30-08-05-011,OPPOSITE ADAGBADA'S HOUSE,107,513,TRUE,0,TRUE,FALSE,FALSE,FALSE,FALSE,70,1,27,0,https://inec-cvr-cache.s3.eu-west-1.amazonaws.com/cached/results/100238/result_86865_1677737276_thumb.jpg
OYO,IBADAN NORTH WEST,WARD 5 NW3 (PART I),30-08-05-014,"ST. MICHAEL PRIMARY SCHOOL, OKESENI",168,673,TRUE,0,TRUE,FALSE,FALSE,FALSE,FALSE,0,0,0,0,https://inec-cvr-cache.s3.eu-west-1.amazonaws.com/cached/results/100241/result_86868_1677737974_thumb.jpg
OYO,IBADAN NORTH WEST,WARD 7 NW4,30-08-07-001,"ARENA CLUB, LEMOMU STREET I",126,569,TRUE,0,TRUE,FALSE,FALSE,FALSE,FALSE,0,0,0,0,https://inec-cvr-cache.s3.eu-west-1.amazonaws.com/cached/results/100263/result_86894_1677689168_thumb.jpg
OYO,IBADAN NORTH WEST,WARD 8 NW5,30-08-08-001,AT LADEJI'S COMPOUND NALENDE,121,612,TRUE,0,TRUE,FALSE,FALSE,FALSE,FALSE,0,0,0,0,https://docs.inecelectionresults.net/elections_prod/1292/state/01/lga/08/ward/08/pu/001/001-1677409116.pdf
OYO,IBADAN NORTH WEST,WARD 8 NW5,30-08-08-005,EBENEZER PRIMARY SCHOOL I,146,700,TRUE,0,TRUE,FALSE,FALSE,FALSE,FALSE,0,0,0,0,https://docs.inecelectionresults.net/elections_prod/1292/state/01/lga/08/ward/08/pu/005/005-1677425152.pdf
OYO,IBADAN NORTH WEST,WARD 8 NW5,30-08-08-006,EBENEZER PRIMARY SCHOOL II,128,661,TRUE,0,TRUE,FALSE,FALSE,FALSE,FALSE,0,0,0,0,https://docs.inecelectionresults.net/elections_prod/1292/state/01/lga/08/ward/08/pu/006/006-1677426602.pdf
OYO,IBADAN NORTH WEST,WARD 9 NW6,30-08-09-005,"METHODIST SCHOOL AKINTOLA ROAD, EKOTEDO",126,750,TRUE,0,TRUE,FALSE,FALSE,FALSE,FALSE,0,0,0,0,https://inec-cvr-cache.s3.eu-west-1.amazonaws.com/cached/results/100297/result_86941_1677686500_thumb.jpg
OYO,IBADAN NORTH WEST,WARD 10 NW7,30-08-10-007,AROUND POST OFFICE ELEYELE,184,999,TRUE,0,TRUE,FALSE,FALSE,FALSE,FALSE,0,0,0,0,https://docs.inecelectionresults.net/elections_prod/1292/state/01/lga/08/ward/10/pu/007/007-1677405701.pdf
OYO,IBADAN NORTH WEST,WARD 10 NW7,30-08-10-015,YUSUF AVENUE JUNCTION NIHORT ROAD,158,750,TRUE,0,TRUE,FALSE,FALSE,FALSE,FALSE,0,0,0,0,https://docs.inecelectionresults.net/elections_prod/1292/state/01/lga/08/ward/10/pu/015/015-1677413386.pdf
OYO,IBADAN NORTH WEST,WARD 11 NW7,30-08-11-001,ABA IDI OSAN,153,780,TRUE,0,TRUE,FALSE,FALSE,FALSE,FALSE,0,0,0,0,https://docs.inecelectionresults.net/elections_prod/1292/state/01/lga/08/ward/11/pu/001/001-1677414039.pdf
OYO,IBADAN NORTH WEST,WARD 11 NW7,30-08-11-011,OPEN SPACE ALONG OBOKUN STREET,175,779,TRUE,0,TRUE,FALSE,FALSE,FALSE,FALSE,0,0,0,0,https://docs.inecelectionresults.net/elections_prod/1292/state/01/lga/08/ward/11/pu/011/011-1677424752.pdf
OYO,IBADAN SOUTH-EAST,C1,30-09-01-005,"DADA'S COMPOUND, OJA'BA",106,621,TRUE,0,TRUE,FALSE,FALSE,FALSE,FALSE,0,0,0,0,https://docs.inecelectionresults.net/elections_prod/1292/state/01/lga/09/ward/01/pu/005/005-1677402017.pdf
OYO,IBADAN SOUTH-EAST,C1,30-09-01-008,LAAMO'S COMPOUND,88,624,TRUE,0,TRUE,FALSE,FALSE,FALSE,FALSE,0,0,0,0,https://docs.inecelectionresults.net/elections_prod/1292/state/01/lga/09/ward/01/pu/008/008-1677403496.pdf
OYO,IBADAN SOUTH-EAST,C1,30-09-01-010,OGUNMOLA'S COMPOUND,116,746,TRUE,0,TRUE,FALSE,FALSE,FALSE,FALSE,0,0,0,0,https://docs.inecelectionresults.net/elections_prod/1292/state/01/lga/09/ward/01/pu/010/010-1677401048.pdf
OYO,IBADAN SOUTH-EAST,S 1,30-09-02-001,ESU AWELE,86,698,TRUE,0,TRUE,FALSE,FALSE,FALSE,FALSE,0,0,0,0,https://docs.inecelectionresults.net/elections_prod/1292/state/01/lga/09/ward/02/pu/001/001-1677415464.pdf
OYO,IBADAN SOUTH-EAST,S 1,30-09-02-005,KURE'S COMPOUND,109,618,TRUE,0,TRUE,FALSE,FALSE,FALSE,FALSE,0,0,0,0,https://docs.inecelectionresults.net/elections_prod/1292/state/01/lga/09/ward/02/pu/005/005-1677403707.pdf
OYO,IBADAN SOUTH-EAST,S 1,30-09-02-008,ILE - ODE ISALE IJEBU,104,750,TRUE,0,TRUE,FALSE,FALSE,FALSE,FALSE,0,0,0,0,https://docs.inecelectionresults.net/elections_prod/1292/state/01/lga/09/ward/02/pu/008/008-1677412178.pdf
OYO,IBADAN SOUTH-EAST,S 1,30-09-02-010,ALESINLOYE COMPOUND II,90,625,TRUE,0,TRUE,FALSE,FALSE,FALSE,FALSE,0,0,0,0,https://docs.inecelectionresults.net/elections_prod/1292/state/01/lga/09/ward/02/pu/010/010-1677414852.pdf
OYO,IBADAN SOUTH-EAST,S 1,30-09-02-012,LAKO'S COMPOUND I,78,553,TRUE,0,TRUE,FALSE,FALSE,FALSE,FALSE,0,0,0,0,https://docs.inecelectionresults.net/elections_prod/1292/state/01/lga/09/ward/02/pu/012/012-1677407323.pdf
OYO,IBADAN SOUTH-EAST,S 1,30-09-02-013,LAKO'S COMPOUND II,108,512,TRUE,0,TRUE,FALSE,FALSE,FALSE,FALSE,0,0,0,0,https://docs.inecelectionresults.net/elections_prod/1292/state/01/lga/09/ward/02/pu/013/013-1677408136.pdf
OYO,IBADAN SOUTH-EAST,S 1,30-09-02-014,LAKO'S COMPOUND III,121,670,TRUE,0,TRUE,FALSE,FALSE,FALSE,FALSE,0,0,0,0,https://docs.inecelectionresults.net/elections_prod/1292/state/01/lga/09/ward/02/pu/014/014-1677409790.pdf
OYO,IBADAN SOUTH-EAST,S 1,30-09-02-015,IDI ARERE JUNCTION I,81,644,TRUE,0,TRUE,FALSE,FALSE,FALSE,FALSE,0,0,0,0,https://docs.inecelectionresults.net/elections_prod/1292/state/01/lga/09/ward/02/pu/015/015-1677401884.pdf
OYO,IBADAN SOUTH-EAST,S 1,30-09-02-016,IDI ARERE JUNCTION II,105,577,TRUE,0,TRUE,FALSE,FALSE,FALSE,FALSE,0,0,0,0,https://docs.inecelectionresults.net/elections_prod/1292/state/01/lga/09/ward/02/pu/016/016-1677399331.pdf
OYO,IBADAN SOUTH-EAST,S. 2B,30-09-04-003,OUTER SPACE NEAR BALOGUN KOBOMOJE,127,701,TRUE,0,TRUE,FALSE,FALSE,FALSE,FALSE,0,0,0,0,https://docs.inecelectionresults.net/elections_prod/1292/state/01/lga/09/ward/04/pu/003/003-1677403931.pdf
OYO,IBADAN SOUTH-EAST,S 3,30-09-05-003,OLUFUNMILAYO MATERNITY CENTRE I,125,750,TRUE,0,TRUE,FALSE,FALSE,FALSE,TRUE,78,1,33,0,https://docs.inecelectionresults.net/elections_prod/1292/state/01/lga/09/ward/05/pu/003/003-1677410353.pdf
OYO,IBADAN SOUTH-EAST,S 3,30-09-05-004,OLUFUNMILAYO MATERNITY CENTRE II,70,392,TRUE,0,TRUE,FALSE,FALSE,FALSE,FALSE,0,0,0,0,https://docs.inecelectionresults.net/elections_prod/1292/state/01/lga/09/ward/05/pu/004/004-1677418406.pdf
OYO,IBADAN SOUTH-EAST,S 4A,30-09-06-002,WESLEY CAMPUS II,100,750,TRUE,0,TRUE,FALSE,FALSE,FALSE,FALSE,0,0,0,0,https://docs.inecelectionresults.net/elections_prod/1292/state/01/lga/09/ward/06/pu/002/002-1677421973.pdf
OYO,IBADAN SOUTH-EAST,S 4A,30-09-06-003,WESLEY CAMPUS III,148,750,TRUE,0,TRUE,FALSE,FALSE,FALSE,FALSE,0,0,0,0,https://docs.inecelectionresults.net/elections_prod/1292/state/01/lga/09/ward/06/pu/003/003-1677409853.pdf
OYO,IBADAN SOUTH-EAST,S 4A,30-09-06-004,OPEN SPACE AT OLUBI I,135,735,TRUE,0,TRUE,FALSE,FALSE,FALSE,FALSE,0,0,0,0,https://docs.inecelectionresults.net/elections_prod/1292/state/01/lga/09/ward/06/pu/004/004-1677424240.pdf
OYO,IBADAN SOUTH-EAST,S 4A,30-09-06-005,OPEN SPACE AT OLUBI II,105,489,TRUE,0,TRUE,FALSE,FALSE,FALSE,FALSE,0,0,0,0,https://docs.inecelectionresults.net/elections_prod/1292/state/01/lga/09/ward/06/pu/005/005-1677423772.pdf
OYO,IBADAN SOUTH-EAST,S 4A,30-09-06-006,ILE ORITA JUNCTION I,102,750,TRUE,0,TRUE,FALSE,FALSE,FALSE,FALSE,0,0,0,0,https://docs.inecelectionresults.net/elections_prod/1292/state/01/lga/09/ward/06/pu/006/006-1677424262.pdf
OYO,IBADAN SOUTH-EAST,S 4A,30-09-06-012,IDI-ARO MAT. CENTRE I,126,750,TRUE,0,TRUE,FALSE,FALSE,FALSE,FALSE,0,0,0,0,https://docs.inecelectionresults.net/elections_prod/1292/state/01/lga/09/ward/06/pu/012/012-1677409201.pdf
OYO,IBADAN SOUTH-EAST,S 4A,30-09-06-016,BESIDE ADEBOLU MOSQUE I,175,667,TRUE,0,TRUE,FALSE,FALSE,FALSE,FALSE,0,0,0,0,https://docs.inecelectionresults.net/elections_prod/1292/state/01/lga/09/ward/06/pu/016/016-1677407153.pdf
OYO,IBADAN SOUTH-EAST,S 4A,30-09-06-019,"NEAR ARABIC INSTITUTION, MODINA II",150,750,TRUE,0,TRUE,FALSE,FALSE,FALSE,FALSE,1026,8,49,758,https://docs.inecelectionresults.net/elections_prod/1292/state/01/lga/09/ward/06/pu/019/019-1677418270.pdf
OYO,IBADAN SOUTH-EAST,S 4A,30-09-06-023,"PUBLIC DAY SCHOOL, ELEKURO II",113,750,TRUE,0,TRUE,FALSE,FALSE,FALSE,FALSE,0,0,0,0,https://docs.inecelectionresults.net/elections_prod/1292/state/01/lga/09/ward/06/pu/023/023-1677425225.pdf
OYO,IBADAN SOUTH-EAST,S 4A,30-09-06-024,"PUBLIC DAY SCHOOL, ELEKURO III",124,750,TRUE,0,TRUE,FALSE,FALSE,FALSE,FALSE,0,0,0,0,https://docs.inecelectionresults.net/elections_prod/1292/state/01/lga/09/ward/06/pu/024/024-1677419657.pdf
OYO,IBADAN SOUTH-EAST,S 4A,30-09-06-026,"OPEN SPACE AT AYEDADE, ELEKURO II",168,750,TRUE,0,TRUE,FALSE,FALSE,FALSE,FALSE,0,0,0,0,https://docs.inecelectionresults.net/elections_prod/1292/state/01/lga/09/ward/06/pu/026/026-1677417513.pdf
OYO,IBADAN SOUTH-EAST,S 4B,30-09-07-001,"C.A.C. GRAMMAR SCHOOL, ONIYERE I",111,750,TRUE,0,TRUE,FALSE,FALSE,FALSE,FALSE,0,0,0,0,https://docs.inecelectionresults.net/elections_prod/1292/state/01/lga/09/ward/07/pu/001/001-1677401633.pdf
OYO,IBADAN SOUTH-EAST,S 4B,30-09-07-005,APERIN ONIYERE GRAMMAR SCHOOL II,119,750,TRUE,0,TRUE,FALSE,FALSE,FALSE,FALSE,0,0,0,0,https://docs.inecelectionresults.net/elections_prod/1292/state/01/lga/09/ward/07/pu/005/005-1677418324.pdf
OYO,IBADAN SOUTH-EAST,S 4B,30-09-07-011,"I.M.G. SCHOOL, OLUBADAN II",70,750,TRUE,0,TRUE,FALSE,FALSE,FALSE,FALSE,0,0,0,0,https://docs.inecelectionresults.net/elections_prod/1292/state/01/lga/09/ward/07/pu/011/011-1677414566.pdf
OYO,IBADAN SOUTH-EAST,S  S5,30-09-08-002,"OYAPIDAN PRIMARY SCHOOL, OWODE II",105,544,TRUE,0,TRUE,FALSE,FALSE,FALSE,FALSE,0,0,0,0,https://docs.inecelectionresults.net/elections_prod/1292/state/01/lga/09/ward/08/pu/002/002-1677417859.pdf
OYO,IBADAN SOUTH-EAST,S  S5,30-09-08-003,OPEN SPACE NEAR OYAPIDAN SCHOOL III,71,398,TRUE,0,TRUE,FALSE,FALSE,FALSE,FALSE,0,0,0,0,https://docs.inecelectionresults.net/elections_prod/1292/state/01/lga/09/ward/08/pu/003/003-1677407422.pdf
OYO,IBADAN SOUTH-EAST,S  S5,30-09-08-010,OPPOSITE ILE TUNTUN MOTOR PARK I,143,616,TRUE,0,FALSE,FALSE,FALSE,FALSE,TRUE,100,5,30,1,https://docs.inecelectionresults.net/elections_prod/1292/state/01/lga/09/ward/08/pu/010/010-1677401254.pdf
OYO,IBADAN SOUTH-EAST,S  S5,30-09-08-011,OPPOSITE ILE TUNTUN MOTOR PARK II,147,617,TRUE,0,TRUE,FALSE,FALSE,FALSE,FALSE,0,0,0,0,https://docs.inecelectionresults.net/elections_prod/1292/state/01/lga/09/ward/08/pu/011/011-1677402195.pdf
OYO,IBADAN SOUTH-EAST,S  S5,30-09-08-012,"CHRIST SCHOOL, MAPO, ODINJO I",100,417,TRUE,0,TRUE,FALSE,FALSE,FALSE,FALSE,0,0,0,0,https://docs.inecelectionresults.net/elections_prod/1292/state/01/lga/09/ward/08/pu/012/012-1677427947.pdf
OYO,IBADAN SOUTH-EAST,S  S5,30-09-08-013,"CHRIST SCHOOL, MAPO, ODINJO II",122,529,TRUE,0,TRUE,FALSE,FALSE,FALSE,FALSE,0,0,0,0,https://docs.inecelectionresults.net/elections_prod/1292/state/01/lga/09/ward/08/pu/013/013-1677417308.pdf
OYO,IBADAN SOUTH-EAST,S  S5,30-09-08-014,"OPEN SPACE NEAR CHRIST SCHOOL, ODINJO I",149,750,TRUE,0,TRUE,FALSE,FALSE,FALSE,FALSE,0,0,0,0,https://docs.inecelectionresults.net/elections_prod/1292/state/01/lga/09/ward/08/pu/014/014-1677424480.pdf
OYO,IBADAN SOUTH-EAST,S  S5,30-09-08-016,"BESIDE FISH DEPOT, ELETA I",43,212,TRUE,0,TRUE,FALSE,FALSE,FALSE,FALSE,0,0,0,0,https://docs.inecelectionresults.net/elections_prod/1292/state/01/lga/09/ward/08/pu/016/016-1677422958.pdf
OYO,IBADAN SOUTH-EAST,S  S5,30-09-08-017,"BESIDE FISH DEPOT, ELETA II",55,457,TRUE,0,TRUE,FALSE,FALSE,FALSE,FALSE,0,0,0,0,https://docs.inecelectionresults.net/elections_prod/1292/state/01/lga/09/ward/08/pu/017/017-1677398094.pdf
OYO,IBADAN SOUTH-EAST,S  S5,30-09-08-020,ODE AKANO I,113,380,TRUE,0,TRUE,FALSE,FALSE,FALSE,FALSE,831,1,68,461,https://docs.inecelectionresults.net/elections_prod/1292/state/01/lga/09/ward/08/pu/020/020-1677416716.pdf
OYO,IBADAN SOUTH-EAST,S  S5,30-09-08-023,RATIBI SCHOOL II,128,473,TRUE,0,TRUE,FALSE,FALSE,FALSE,FALSE,0,0,0,0,https://docs.inecelectionresults.net/elections_prod/1292/state/01/lga/09/ward/08/pu/023/023-1677408905.pdf
OYO,IBADAN SOUTH-EAST,S  S5,30-09-08-024,OPEN SPACE NEAR RATIBI SCHOOL,142,557,TRUE,0,TRUE,FALSE,FALSE,FALSE,FALSE,0,0,0,0,https://docs.inecelectionresults.net/elections_prod/1292/state/01/lga/09/ward/08/pu/024/024-1677404690.pdf
OYO,IBADAN SOUTH-EAST,S  S5,30-09-08-025,NEAR ALHAJI MUIBI'S HOUSE I,51,203,TRUE,0,TRUE,FALSE,FALSE,FALSE,FALSE,0,0,0,0,https://docs.inecelectionresults.net/elections_prod/1292/state/01/lga/09/ward/08/pu/025/025-1677396976.pdf
OYO,IBADAN SOUTH-EAST,S  S5,30-09-08-026,NEAR ALHAJI MUIBI'S HOUSE II,108,455,TRUE,0,TRUE,FALSE,FALSE,FALSE,FALSE,0,0,0,0,https://docs.inecelectionresults.net/elections_prod/1292/state/01/lga/09/ward/08/pu/026/026-1677426183.pdf
OYO,IBADAN SOUTH-EAST,S  S5,30-09-08-030,IDI IGI SANGO II,147,787,TRUE,0,TRUE,FALSE,FALSE,FALSE,FALSE,0,0,0,0,https://docs.inecelectionresults.net/elections_prod/1292/state/01/lga/09/ward/08/pu/029/029-1677420641.pdf
OYO,IBADAN SOUTH-EAST,S  S5,30-09-08-032,IN FRONT OF ALAKE'S W/SHOP II,143,652,TRUE,0,TRUE,FALSE,FALSE,FALSE,FALSE,0,0,0,0,https://inec-cvr-cache.s3.eu-west-1.amazonaws.com/cached/results/100460/result_87205_1677599423_thumb.jpg
OYO,IBADAN SOUTH-EAST,S  S5,30-09-08-033,"ADELAGUN MEM. SCHOOL, ODINJO I",116,610,TRUE,0,TRUE,FALSE,FALSE,FALSE,FALSE,0,0,0,0,https://inec-cvr-cache.s3.eu-west-1.amazonaws.com/cached/results/100461/result_87206_1677594533_thumb.jpg
OYO,IBADAN SOUTH-EAST,S  S5,30-09-08-034,"ADELAGUN MEM. SCHOOL, ODINJO II",174,750,TRUE,0,TRUE,FALSE,FALSE,FALSE,FALSE,0,0,0,0,https://inec-cvr-cache.s3.eu-west-1.amazonaws.com/cached/results/100462/result_87207_1677598234_thumb.jpg
OYO,IBADAN SOUTH-EAST,S  S5,30-09-08-036,OPEN SPACE NEAR ADELAGUN SCHOOL II,103,507,TRUE,0,TRUE,FALSE,FALSE,FALSE,FALSE,0,0,0,0,https://docs.inecelectionresults.net/elections_prod/1292/state/01/lga/09/ward/08/pu/036/036-1677413483.pdf
OYO,IBADAN SOUTH-EAST,S  S5,30-09-08-039,KAJOLA IREDE ODINJO II,159,713,TRUE,0,TRUE,FALSE,FALSE,FALSE,FALSE,0,0,0,0,https://docs.inecelectionresults.net/elections_prod/1292/state/01/lga/09/ward/08/pu/039/039-1677393182.pdf
OYO,IBADAN SOUTH-EAST,S  S5,30-09-08-040,OPEN SPACE AT OBISESAN  I,99,410,TRUE,0,TRUE,FALSE,FALSE,FALSE,FALSE,0,0,0,0,https://docs.inecelectionresults.net/elections_prod/1292/state/01/lga/09/ward/08/pu/040/040-1677425354.pdf
OYO,IBADAN SOUTH-EAST,S  S5,30-09-08-041,OPEN SPACE AT OBISESAN  II,112,462,TRUE,0,TRUE,FALSE,FALSE,FALSE,FALSE,0,0,0,0,https://docs.inecelectionresults.net/elections_prod/1292/state/01/lga/09/ward/08/pu/041/041-1677406836.pdf
OYO,IBADAN SOUTH-EAST,S  S5,30-09-08-042,OPEN SPACE AT OMILABU LAYOUT I,82,531,TRUE,0,TRUE,FALSE,FALSE,FALSE,FALSE,0,0,0,0,https://docs.inecelectionresults.net/elections_prod/1292/state/01/lga/09/ward/08/pu/042/042-1677418672.pdf
OYO,IBADAN SOUTH-EAST,S  S5,30-09-08-043,OPEN SPACE AT OMILABU LAYOUT II,103,694,TRUE,0,TRUE,FALSE,FALSE,FALSE,FALSE,0,0,0,0,https://inec-cvr-cache.s3.eu-west-1.amazonaws.com/cached/results/100471/result_87216_1677597433_thumb.jpg
OYO,IBADAN SOUTH-EAST,S  S5,30-09-08-045,IDI ITA OPEN SPACE I,65,285,TRUE,0,TRUE,FALSE,FALSE,FALSE,FALSE,0,0,0,0,https://docs.inecelectionresults.net/elections_prod/1292/state/01/lga/09/ward/08/pu/045/045-1677413129.pdf
OYO,IBADAN SOUTH-EAST,S 6A,30-09-09-001,OPPOSITE KUDETI CHURCH I,129,750,TRUE,0,TRUE,FALSE,FALSE,FALSE,FALSE,0,0,0,0,https://docs.inecelectionresults.net/elections_prod/1292/state/01/lga/09/ward/09/pu/001/001-1677371777.pdf
OYO,IBADAN SOUTH-EAST,S 6A,30-09-09-005,OLUBI'S ROAD,107,712,TRUE,0,TRUE,FALSE,FALSE,FALSE,FALSE,0,0,0,0,https://docs.inecelectionresults.net/elections_prod/1292/state/01/lga/09/ward/09/pu/005/005-1677402550.pdf
OYO,IBADAN SOUTH-EAST,S 6A,30-09-09-006,I.M.G. SCHOOL 1 ELETA I,114,491,TRUE,0,TRUE,FALSE,FALSE,FALSE,FALSE,0,0,0,0,https://docs.inecelectionresults.net/elections_prod/1292/state/01/lga/09/ward/09/pu/006/006-1677363100.pdf
OYO,IBADAN SOUTH-EAST,S 6A,30-09-09-010,ADEGOKE ADELABU I,139,472,TRUE,0,TRUE,FALSE,FALSE,FALSE,FALSE,0,0,0,0,https://docs.inecelectionresults.net/elections_prod/1292/state/01/lga/09/ward/09/pu/010/010-1677398994.pdf
OYO,IBADAN SOUTH-EAST,S 6A,30-09-09-013,FORMER BETA HOSPITAL,53,205,TRUE,0,TRUE,FALSE,FALSE,FALSE,FALSE,0,0,0,0,https://docs.inecelectionresults.net/elections_prod/1292/state/01/lga/09/ward/09/pu/013/013-1677406008.pdf
OYO,IBADAN SOUTH-EAST,S. 6B,30-09-10-005,OPEN SPACE AT ODO OBA JUNCTION III,120,668,TRUE,0,TRUE,FALSE,FALSE,FALSE,FALSE,0,0,0,0,https://docs.inecelectionresults.net/elections_prod/1292/state/1/lga/3742/ward/24818/pu/101593/101593-1677523512.pdf
OYO,IBADAN SOUTH-EAST,S. 6B,30-09-10-010,OPEN SPACE AT ODO OBA ELERE II,134,750,TRUE,0,TRUE,FALSE,FALSE,FALSE,FALSE,90,20,19,0,https://docs.inecelectionresults.net/elections_prod/1292/state/1/lga/3742/ward/24818/pu/101598/101598-1677521335.pdf
OYO,IBADAN SOUTH-EAST,S. 6B,30-09-10-013,IDI OBI LAYOUT ELERE I,111,625,TRUE,0,TRUE,FALSE,FALSE,FALSE,FALSE,74,1,20,0,https://docs.inecelectionresults.net/elections_prod/1292/state/01/lga/09/ward/10/pu/013/013-1677427894.pdf
OYO,IBADAN SOUTH-EAST,S. 6B,30-09-10-015,IN FRONT OF EKOLO'S HOUSE I,61,562,TRUE,0,TRUE,FALSE,FALSE,FALSE,FALSE,0,0,0,0,https://docs.inecelectionresults.net/elections_prod/1292/state/01/lga/09/ward/10/pu/015/015-1677428663.pdf
OYO,IBADAN SOUTH-EAST,S. 6B,30-09-10-020,"COURT ROAD, ILE TUNTUN I",74,450,TRUE,0,TRUE,FALSE,FALSE,FALSE,FALSE,0,0,0,0,https://docs.inecelectionresults.net/elections_prod/1292/state/1/lga/3742/ward/24818/pu/101608/101608-1677515791.pdf
OYO,IBADAN SOUTH-EAST,S. 6B,30-09-10-023,"FISH DEPOT, ILE TUNTUN I",112,750,TRUE,0,TRUE,FALSE,FALSE,FALSE,FALSE,0,0,0,0,https://docs.inecelectionresults.net/elections_prod/1292/state/1/lga/3742/ward/24818/pu/101611/101611-1677521584.pdf
OYO,IBADAN SOUTH-EAST,S. 6B,30-09-10-028,OPEN SPACE AT OWODE ACADEMY I,115,750,TRUE,0,TRUE,FALSE,FALSE,FALSE,TRUE,64,8,29,0,https://docs.inecelectionresults.net/elections_prod/1292/state/01/lga/09/ward/10/pu/028/028-1677405011.pdf
OYO,IBADAN SOUTH-EAST,S. 6B,30-09-10-029,OPEN SPACE AT OWODE ACADEMY II,152,800,TRUE,0,TRUE,FALSE,FALSE,FALSE,FALSE,0,0,0,0,https://docs.inecelectionresults.net/elections_prod/1292/state/01/lga/09/ward/10/pu/029/029-1677425150.pdf
OYO,IBADAN SOUTH-EAST,S. 6B,30-09-10-030,OPEN SPACE AT OWODE ACADEMY III,138,799,TRUE,0,TRUE,FALSE,FALSE,FALSE,FALSE,0,0,0,0,https://docs.inecelectionresults.net/elections_prod/1292/state/01/lga/09/ward/10/pu/030/030-1677420711.pdf
OYO,IBADAN SOUTH-EAST,S. 6B,30-09-10-032,"I.M.G. SCHOOL II, ELETA II",92,704,TRUE,0,TRUE,FALSE,FALSE,FALSE,FALSE,0,0,0,0,https://docs.inecelectionresults.net/elections_prod/1292/state/01/lga/09/ward/10/pu/032/032-1677418433.pdf
OYO,IBADAN SOUTH-EAST,S. 6B,30-09-10-033,"I.M.G. SCHOOL II, ELETA III",77,668,TRUE,0,TRUE,FALSE,FALSE,FALSE,FALSE,0,0,0,0,https://docs.inecelectionresults.net/elections_prod/1292/state/01/lga/09/ward/10/pu/033/033-1677426942.pdf
OYO,IBADAN SOUTH-EAST,S. 6B,30-09-10-035,"ST. JOHN'S SCHOOL, ELETA I",116,750,TRUE,0,TRUE,FALSE,FALSE,FALSE,FALSE,67,6,27,0,https://docs.inecelectionresults.net/elections_prod/1292/state/1/lga/3742/ward/24818/pu/101623/101623-1677512903.pdf
OYO,IBADAN SOUTH-EAST,S. 6B,30-09-10-036,"ST. JOHN'S SCHOOL, ELETA II",86,622,TRUE,0,TRUE,FALSE,FALSE,FALSE,FALSE,0,0,0,0,https://docs.inecelectionresults.net/elections_prod/1292/state/01/lga/09/ward/10/pu/036/036-1677407334.pdf
OYO,IBADAN SOUTH-EAST,S. 6B,30-09-10-038,"ST. JOHN'S SCHOOL, ELETA IV",71,449,TRUE,0,TRUE,FALSE,FALSE,FALSE,FALSE,0,0,0,0,https://docs.inecelectionresults.net/elections_prod/1292/state/01/lga/09/ward/10/pu/038/038-1677415085.pdf
OYO,IBADAN SOUTH-EAST,S 7A,30-09-11-001,"ST. LUKE'S SCHOOL, MOLETE I",88,697,TRUE,0,TRUE,FALSE,FALSE,FALSE,FALSE,0,0,0,0,https://docs.inecelectionresults.net/elections_prod/1292/state/01/lga/09/ward/11/pu/001/001-1677415810.pdf
OYO,IBADAN SOUTH-EAST,S 7A,30-09-11-002,"ST. LUKE'S SCHOOL, MOLETE II",55,407,TRUE,0,TRUE,FALSE,FALSE,FALSE,FALSE,0,0,0,0,https://docs.inecelectionresults.net/elections_prod/1292/state/1/lga/3742/ward/24819/pu/101628/101628-1677503659.pdf
OYO,IBADAN SOUTH-EAST,S 7A,30-09-11-010,OUTER SPACE NEAR ST. DAVID SCHOOL I,63,546,TRUE,0,TRUE,FALSE,FALSE,FALSE,FALSE,0,0,0,0,https://docs.inecelectionresults.net/elections_prod/1292/state/01/lga/09/ward/11/pu/010/010-1677405811.pdf
OYO,IBADAN SOUTH-EAST,S 7A,30-09-11-012,ISLAMIC MISSION SCHOOL I,110,445,TRUE,0,TRUE,FALSE,FALSE,FALSE,TRUE,78,3,20,0,https://docs.inecelectionresults.net/elections_prod/1292/state/01/lga/09/ward/11/pu/012/012-1677401732.pdf
OYO,IBADAN SOUTH-EAST,S 7A,30-09-11-017,BESIDE OLA MUMMY I,125,750,TRUE,0,TRUE,FALSE,FALSE,FALSE,FALSE,0,0,0,0,https://docs.inecelectionresults.net/elections_prod/1292/state/1/lga/3742/ward/24819/pu/101643/101643-1677503999.pdf
OYO,IBADAN SOUTH-EAST,S 7A,30-09-11-018,BESIDE OLA MUMMY II,109,640,TRUE,0,TRUE,FALSE,FALSE,FALSE,FALSE,0,0,0,0,https://docs.inecelectionresults.net/elections_prod/1292/state/1/lga/3742/ward/24819/pu/101644/101644-1677500946.pdf
OYO,IBADAN SOUTH-EAST,S 7A,30-09-11-019,NEAR MOLA HOSPITAL I,124,750,TRUE,0,TRUE,FALSE,FALSE,FALSE,FALSE,0,0,0,0,https://docs.inecelectionresults.net/elections_prod/1292/state/1/lga/3742/ward/24819/pu/101645/101645-1677511510.pdf
OYO,IBADAN SOUTH-EAST,S 7A,30-09-11-021,OPPOSITE ODI OLOWO ODO-OBA I,96,619,TRUE,0,TRUE,FALSE,FALSE,FALSE,FALSE,0,0,0,0,https://docs.inecelectionresults.net/elections_prod/1292/state/1/lga/3742/ward/24819/pu/101647/101647-1677506721.pdf
OYO,IBADAN SOUTH-EAST,S 7A,30-09-11-024,C.A.C. OKE AGBARA II,98,529,TRUE,0,TRUE,FALSE,FALSE,FALSE,FALSE,0,0,0,0,https://docs.inecelectionresults.net/elections_prod/1292/state/01/lga/09/ward/11/pu/024/024-1677405944.pdf
OYO,IBADAN SOUTH-EAST,S 7A,30-09-11-025,ADEYEMO LAY-OUT I,131,637,TRUE,0,TRUE,FALSE,FALSE,FALSE,FALSE,0,0,0,0,https://docs.inecelectionresults.net/elections_prod/1292/state/1/lga/3742/ward/24819/pu/101651/101651-1677496181.pdf
OYO,IBADAN SOUTH-EAST,S 7A,30-09-11-026,ADEYEMO LAY-OUT II,99,501,TRUE,0,TRUE,FALSE,FALSE,FALSE,FALSE,0,0,0,0,https://docs.inecelectionresults.net/elections_prod/1292/state/1/lga/3742/ward/24819/pu/101652/101652-1677505599.pdf
OYO,IBADAN SOUTH-EAST,S 7A,30-09-11-028,YEJIDE GRAMM. SCHOOL II,113,639,TRUE,0,TRUE,FALSE,FALSE,FALSE,FALSE,0,0,0,0,https://docs.inecelectionresults.net/elections_prod/1292/state/01/lga/09/ward/11/pu/028/028-1677416366.pdf
OYO,IBADAN SOUTH-EAST,S 7A,30-09-11-033,K & S. ALADURA I,112,627,TRUE,0,TRUE,FALSE,FALSE,FALSE,FALSE,0,0,0,0,https://docs.inecelectionresults.net/elections_prod/1292/state/01/lga/09/ward/11/pu/033/033-1677426364.pdf
OYO,IBADAN SOUTH-EAST,S 7A,30-09-11-034,K & S. ALADURA II,92,617,TRUE,0,TRUE,FALSE,FALSE,FALSE,FALSE,0,0,0,0,https://docs.inecelectionresults.net/elections_prod/1292/state/1/lga/3742/ward/24819/pu/101660/101660-1677498884.pdf
OYO,IBADAN SOUTH-EAST,S 7A,30-09-11-036,OPEN SPACE AT SANYO I,162,750,TRUE,0,TRUE,FALSE,FALSE,FALSE,FALSE,0,0,0,0,https://docs.inecelectionresults.net/elections_prod/1292/state/1/lga/3742/ward/24819/pu/101662/101662-1677512581.pdf
OYO,IBADAN SOUTH-EAST,S 7A,30-09-11-037,OPEN SPACE AT SANYO II,151,750,TRUE,0,TRUE,FALSE,FALSE,FALSE,FALSE,0,0,0,0,https://docs.inecelectionresults.net/elections_prod/1292/state/1/lga/3742/ward/24819/pu/101663/101663-1677501593.pdf
OYO,IBADAN SOUTH-EAST,S 7A,30-09-11-038,AJET ARAROMI LAY-OUT I,157,750,TRUE,0,TRUE,FALSE,FALSE,FALSE,FALSE,0,0,0,0,https://docs.inecelectionresults.net/elections_prod/1292/state/1/lga/3742/ward/24819/pu/101664/101664-1677520848.pdf
OYO,IBADAN SOUTH-EAST,S 7A,30-09-11-039,AJET ARAROMI LAY-OUT II,138,702,TRUE,0,TRUE,FALSE,FALSE,FALSE,FALSE,0,0,0,0,https://docs.inecelectionresults.net/elections_prod/1292/state/1/lga/3742/ward/24819/pu/101665/101665-1677670152.pdf
OYO,IBADAN SOUTH-EAST,S 7A,30-09-11-041,OPEN SPACE AT MOLETE,102,543,TRUE,0,TRUE,FALSE,FALSE,FALSE,FALSE,0,0,0,0,https://docs.inecelectionresults.net/elections_prod/1292/state/1/lga/3742/ward/24819/pu/101667/101667-1677504730.pdf
OYO,IBADAN SOUTH-EAST,S 7B,30-09-12-001,I.M.G. IBUKO I,122,642,TRUE,0,TRUE,FALSE,FALSE,FALSE,FALSE,0,0,0,0,https://docs.inecelectionresults.net/elections_prod/1292/state/01/lga/09/ward/12/pu/001/001-1677422974.pdf
OYO,IBADAN SOUTH-EAST,S 7B,30-09-12-002,I.M.G. IBUKO II,105,592,TRUE,0,TRUE,FALSE,FALSE,FALSE,FALSE,0,0,0,0,https://docs.inecelectionresults.net/elections_prod/1292/state/01/lga/09/ward/12/pu/002/002-1677417474.pdf
OYO,IBADAN SOUTH-EAST,S 7B,30-09-12-004,I.M.G. IBUKO IV,190,727,TRUE,0,TRUE,FALSE,FALSE,FALSE,FALSE,0,0,0,0,https://docs.inecelectionresults.net/elections_prod/1292/state/01/lga/09/ward/12/pu/004/004-1677416997.pdf
OYO,IBADAN SOUTH-EAST,S 7B,30-09-12-005,OPEN SPACE ALONG ALUKO I,74,355,TRUE,0,TRUE,FALSE,FALSE,FALSE,FALSE,0,0,0,0,https://docs.inecelectionresults.net/elections_prod/1292/state/1/lga/3742/ward/24820/pu/101673/101673-1677505911.pdf
OYO,IBADAN SOUTH-EAST,S 7B,30-09-12-007,OPEN SPACE ALONG ALUKO II,41,233,TRUE,0,TRUE,FALSE,FALSE,FALSE,FALSE,0,0,0,0,https://docs.inecelectionresults.net/elections_prod/1292/state/01/lga/09/ward/12/pu/006/006-1677426894.pdf
OYO,IBADAN SOUTH-EAST,S 7B,30-09-12-008,ALUKO STREET FELELE II,77,545,TRUE,0,TRUE,FALSE,FALSE,FALSE,FALSE,0,0,0,0,https://docs.inecelectionresults.net/elections_prod/1292/state/1/lga/3742/ward/24820/pu/101676/101676-1677514289.pdf
OYO,IBADAN SOUTH-EAST,S 7B,30-09-12-009,EYINI HIGH SCHOOL I,99,750,TRUE,0,TRUE,FALSE,FALSE,FALSE,FALSE,0,0,0,0,https://docs.inecelectionresults.net/elections_prod/1292/state/01/lga/09/ward/12/pu/009/009-1677426022.pdf
OYO,IBADAN SOUTH-EAST,S 7B,30-09-12-010,EYINI HIGH SCHOOL II,116,750,TRUE,0,TRUE,FALSE,FALSE,FALSE,FALSE,0,0,0,0,https://docs.inecelectionresults.net/elections_prod/1292/state/01/lga/09/ward/12/pu/010/010-1677427860.pdf
OYO,IBADAN SOUTH-EAST,S 7B,30-09-12-011,ADELABU SHOPPING COMPLEX I,111,722,TRUE,0,TRUE,FALSE,FALSE,FALSE,FALSE,0,0,0,0,https://docs.inecelectionresults.net/elections_prod/1292/state/01/lga/09/ward/12/pu/011/011-1677405030.pdf
OYO,IBADAN SOUTH-EAST,S 7B,30-09-12-012,ADELABU SHOPPING COMPLEX II,85,675,TRUE,0,TRUE,FALSE,FALSE,FALSE,FALSE,0,0,0,0,https://docs.inecelectionresults.net/elections_prod/1292/state/01/lga/09/ward/12/pu/012/012-1677417273.pdf
OYO,IBADAN SOUTH-EAST,S 7B,30-09-12-014,ADELABU SHOPPING COMPLEX IV,142,750,TRUE,0,TRUE,FALSE,FALSE,FALSE,FALSE,0,0,0,0,https://docs.inecelectionresults.net/elections_prod/1292/state/01/lga/09/ward/12/pu/014/014-1677425243.pdf
OYO,IBADAN SOUTH-EAST,S 7B,30-09-12-016,FELELE CHEMIST II,123,613,TRUE,0,TRUE,FALSE,FALSE,FALSE,FALSE,0,0,0,0,https://docs.inecelectionresults.net/elections_prod/1292/state/1/lga/3742/ward/24820/pu/101684/101684-1677513582.pdf
OYO,IBADAN SOUTH-EAST,S 7B,30-09-12-017,FELELE RAB I,174,786,TRUE,0,TRUE,FALSE,FALSE,FALSE,FALSE,0,0,0,0,https://docs.inecelectionresults.net/elections_prod/1292/state/01/lga/09/ward/12/pu/017/017-1677393422.pdf
OYO,IBADAN SOUTH-EAST,S 7B,30-09-12-018,FELELE RAB II,103,373,TRUE,0,TRUE,FALSE,FALSE,FALSE,FALSE,0,0,0,0,https://docs.inecelectionresults.net/elections_prod/1292/state/01/lga/09/ward/12/pu/018/018-1677419875.pdf
OYO,IBADAN SOUTH-EAST,S 7B,30-09-12-019,OPEN SPACE ALONG FELELE STRAIGHT I,108,697,TRUE,0,TRUE,FALSE,FALSE,FALSE,FALSE,0,0,0,0,https://docs.inecelectionresults.net/elections_prod/1292/state/01/lga/09/ward/12/pu/019/019-1677428018.pdf
OYO,IBADAN SOUTH-EAST,S 7B,30-09-12-020,OPEN SPACE ALONG FELELE STRAIGHT II,103,554,TRUE,0,TRUE,FALSE,FALSE,FALSE,FALSE,0,0,0,0,https://docs.inecelectionresults.net/elections_prod/1292/state/01/lga/09/ward/12/pu/020/020-1677415501.pdf
OYO,IBADAN SOUTH-EAST,S 7B,30-09-12-021,OPEN SPACE ALONG FELELE STRAIGHT III,117,754,TRUE,0,TRUE,FALSE,FALSE,FALSE,FALSE,0,0,0,0,https://docs.inecelectionresults.net/elections_prod/1292/state/01/lga/09/ward/12/pu/021/021-1677403479.pdf
OYO,IBADAN SOUTH-EAST,S 7B,30-09-12-022,OPEN SPACE ALONG FELELE STRAIGHT IV,164,792,TRUE,0,TRUE,FALSE,FALSE,FALSE,FALSE,0,0,0,0,https://docs.inecelectionresults.net/elections_prod/1292/state/01/lga/09/ward/12/pu/022/022-1677424594.pdf
OYO,IBADAN SOUTH-EAST,S 7B,30-09-12-023,"LAM ADESINA JUNCTION, LABE-ODAN I",177,750,TRUE,0,TRUE,FALSE,FALSE,FALSE,FALSE,0,0,0,0,https://docs.inecelectionresults.net/elections_prod/1292/state/01/lga/09/ward/12/pu/023/023-1677419277.pdf
OYO,IBADAN SOUTH-EAST,S 7B,30-09-12-024,"LAM ADESINA JUNCTION, LABE-ODAN II",136,687,TRUE,0,TRUE,FALSE,FALSE,FALSE,FALSE,0,0,0,0,https://docs.inecelectionresults.net/elections_prod/1292/state/01/lga/09/ward/12/pu/024/024-1677420800.pdf
OYO,IBADAN SOUTH-EAST,S 7B,30-09-12-026,OPEN SPACE ONIBONOJE,150,750,TRUE,0,TRUE,FALSE,FALSE,FALSE,FALSE,0,0,0,0,https://docs.inecelectionresults.net/elections_prod/1292/state/01/lga/09/ward/12/pu/026/026-1677418193.pdf
OYO,IBADAN SOUTH-EAST,S 7B,30-09-12-031,FALANA MOBIL STATION I,164,892,TRUE,0,TRUE,FALSE,FALSE,FALSE,FALSE,0,0,0,0,https://docs.inecelectionresults.net/elections_prod/1292/state/01/lga/09/ward/12/pu/031/031-1677412473.pdf
OYO,IBADAN SOUTH-EAST,S 7B,30-09-12-032,FALANA MOBIL STATION II,0,666,TRUE,0,TRUE,FALSE,FALSE,FALSE,FALSE,0,0,0,0,https://docs.inecelectionresults.net/elections_prod/1292/state/01/lga/09/ward/12/pu/032/032-1677419535.pdf
OYO,IBADAN SOUTH WEST,WARD 1 C2,30-10-01-025,OLANIYAN COMPOUND II,33,160,TRUE,0,TRUE,FALSE,FALSE,FALSE,FALSE,0,0,0,0,https://inec-cvr-cache.s3.eu-west-1.amazonaws.com/cached/results/100625/result_87405_1677545098_thumb.jpg
OYO,IBADAN SOUTH WEST,WARD 2  SW1,30-10-02-001,"PROGRESSIVE DAY SCHOOL, ALADORIN I",95,405,TRUE,0,TRUE,FALSE,FALSE,FALSE,FALSE,0,0,0,0,https://docs.inecelectionresults.net/elections_prod/1292/state/01/lga/10/ward/02/pu/001/001-1677400228.pdf
OYO,IBADAN SOUTH WEST,WARD 2  SW1,30-10-02-004,"PROGRESSIVE DAY SCHOOL, ALADORIN IV",77,288,TRUE,0,TRUE,FALSE,FALSE,FALSE,FALSE,0,0,0,0,https://docs.inecelectionresults.net/elections_prod/1292/state/1/lga/3743/ward/24822/pu/101736/101736-1677489054.pdf
OYO,IBADAN SOUTH WEST,WARD 2  SW1,30-10-02-018,OPEN SPACE AT APANPA COMPOUND V,102,516,TRUE,0,TRUE,FALSE,FALSE,FALSE,FALSE,56,1,36,0,https://docs.inecelectionresults.net/elections_prod/1292/state/01/lga/10/ward/02/pu/018/018-1677427924.pdf
OYO,IBADAN SOUTH WEST,WARD 2  SW1,30-10-02-021,OPEN SPACE ALONG ISALE OSI ROAD III,63,346,TRUE,0,TRUE,FALSE,FALSE,FALSE,FALSE,0,0,0,0,https://docs.inecelectionresults.net/elections_prod/1292/state/01/lga/10/ward/02/pu/021/021-1677400390.pdf
OYO,IBADAN SOUTH WEST,WARD 2  SW1,30-10-02-022,OPEN SPACE IYALODE I,77,360,TRUE,0,TRUE,FALSE,FALSE,FALSE,FALSE,0,0,0,0,https://docs.inecelectionresults.net/elections_prod/1292/state/1/lga/3743/ward/24822/pu/101754/101754-1677488097.pdf
OYO,IBADAN SOUTH WEST,WARD 4 SW3A & 3B,30-10-04-001,ALUKOSO COMPOUND I,144,681,TRUE,0,TRUE,TRUE,FALSE,FALSE,FALSE,82,3,39,0,https://docs.inecelectionresults.net/elections_prod/1292/state/01/lga/10/ward/04/pu/001/001-1677412461.pdf
OYO,IBADAN SOUTH WEST,WARD 4 SW3A & 3B,30-10-04-011,ILANA COMPOUND I,113,640,TRUE,0,TRUE,FALSE,FALSE,FALSE,FALSE,0,0,0,0,https://docs.inecelectionresults.net/elections_prod/1292/state/01/lga/10/ward/04/pu/011/011-1677398489.pdf
OYO,IBADAN SOUTH WEST,WARD 4 SW3A & 3B,30-10-04-017,ONIGBA COMPOUND I,101,677,TRUE,0,TRUE,FALSE,FALSE,FALSE,FALSE,0,0,0,0,https://docs.inecelectionresults.net/elections_prod/1292/state/01/lga/10/ward/04/pu/017/017-1677400216.pdf
OYO,IBADAN SOUTH WEST,WARD 4 SW3A & 3B,30-10-04-018,ONIGBA COMPOUND II,102,588,TRUE,0,TRUE,FALSE,FALSE,FALSE,FALSE,0,0,0,0,https://docs.inecelectionresults.net/elections_prod/1292/state/01/lga/10/ward/04/pu/018/018-1677402659.pdf
OYO,IBADAN SOUTH WEST,WARD 6  SW5,30-10-06-009,"OHO'S COMPOUND, FOKO I",106,496,TRUE,0,TRUE,FALSE,FALSE,FALSE,FALSE,1104,3,31,683,https://inec-cvr-cache.s3.eu-west-1.amazonaws.com/cached/results/100738/result_87526_1677493072_thumb.jpg
OYO,IBADAN SOUTH WEST,WARD 7  SW6,30-10-07-001,AGBOKOJO/OKANTO,123,557,TRUE,0,TRUE,FALSE,FALSE,FALSE,TRUE,61,4,42,0,https://docs.inecelectionresults.net/elections_prod/1292/state/1/lga/3743/ward/24827/pu/101849/101849-1677768508.pdf
OYO,IBADAN SOUTH WEST,WARD 08 SW7,30-10-08-011,"AROUND POLICE STATION, IYAGANKU I",94,697,TRUE,0,TRUE,FALSE,FALSE,FALSE,FALSE,0,0,0,0,https://docs.inecelectionresults.net/elections_prod/1292/state/1/lga/3743/ward/24828/pu/101878/101878-1677508077.pdf
OYO,IBADAN SOUTH WEST,WARD 08 SW7,30-10-08-027,"S.D.A. SCHOOL, OKE BOLA I",106,607,TRUE,0,TRUE,FALSE,FALSE,FALSE,FALSE,40,41,14,0,https://docs.inecelectionresults.net/elections_prod/1292/state/1/lga/3743/ward/24828/pu/101894/101894-1677500851.pdf
OYO,IBADAN SOUTH WEST,WARD 08 SW7,30-10-08-028,"S.D.A. SCHOOL, OKE BOLA II",109,594,TRUE,0,TRUE,FALSE,FALSE,FALSE,FALSE,0,0,0,0,https://docs.inecelectionresults.net/elections_prod/1292/state/1/lga/3743/ward/24828/pu/101895/101895-1677501187.pdf
OYO,IBADAN SOUTH WEST,WARD 08 SW7,30-10-08-030,"ST. JAMES PRIMARY SCHOOL, OKE BOLA I",139,514,TRUE,0,TRUE,FALSE,FALSE,FALSE,FALSE,0,0,0,0,https://docs.inecelectionresults.net/elections_prod/1292/state/1/lga/3743/ward/24828/pu/101897/101897-1677501911.pdf
OYO,IBADAN SOUTH WEST,WARD 9 SW8 (1),30-10-09-008,OPEN SPACE NEAR ANFANI III,165,800,TRUE,0,TRUE,FALSE,FALSE,FALSE,FALSE,0,0,0,0,https://docs.inecelectionresults.net/elections_prod/1292/state/01/lga/10/ward/09/pu/008/008-1677412276.pdf
OYO,IBADAN SOUTH WEST,WARD 9 SW8 (1),30-10-09-017,CHILDREN HOME SCHOOL II,104,578,TRUE,0,TRUE,FALSE,FALSE,FALSE,FALSE,0,0,0,0,https://docs.inecelectionresults.net/elections_prod/1292/state/01/lga/10/ward/09/pu/017/017-1677360471.pdf
OYO,IBADAN SOUTH WEST,WARD 9 SW8 (1),30-10-09-034,"A.U.D. PRIMARY SCHOOL, OSOSAMI III",162,578,TRUE,0,TRUE,FALSE,FALSE,FALSE,FALSE,87,34,15,0,https://docs.inecelectionresults.net/elections_prod/1292/state/1/lga/3743/ward/24829/pu/101933/101933-1677666361.pdf
OYO,IBADAN SOUTH WEST,WARD 9 SW8 (1),30-10-09-038,OPEN SPACE AT ADEJINLE I,75,443,TRUE,0,TRUE,FALSE,FALSE,FALSE,FALSE,0,0,0,0,https://docs.inecelectionresults.net/elections_prod/1292/state/1/lga/3743/ward/24829/pu/101937/101937-1677679308.pdf
OYO,IBADAN SOUTH WEST,WARD 9 SW8 (1),30-10-09-043,OPEN SPACE AT IDI OPE I,91,323,TRUE,0,TRUE,FALSE,FALSE,FALSE,TRUE,51,21,4,0,https://docs.inecelectionresults.net/elections_prod/1292/state/1/lga/3743/ward/24829/pu/101942/101942-1677664694.pdf
OYO,IBADAN SOUTH WEST,WARD 10 SW8 II,30-10-10-007,OPEN SPACE OKE ADO MARKET I,96,516,TRUE,0,TRUE,FALSE,FALSE,FALSE,TRUE,59,21,21,0,https://docs.inecelectionresults.net/elections_prod/1292/state/1/lga/3743/ward/24830/pu/101954/101954-1677513535.pdf
OYO,IBADAN SOUTH WEST,WARD 10 SW8 II,30-10-10-008,OPEN SPACE OKE ADO MARKET I,96,516,TRUE,0,TRUE,FALSE,FALSE,FALSE,FALSE,0,0,0,0,https://docs.inecelectionresults.net/elections_prod/1292/state/1/lga/3743/ward/24830/pu/101954/101954-1677513535.pdf
OYO,IBADAN SOUTH WEST,WARD 10 SW8 II,30-10-10-011,OPEN SPACE AT CUSO AREA I,71,360,TRUE,0,TRUE,FALSE,FALSE,FALSE,FALSE,0,0,0,0,https://docs.inecelectionresults.net/elections_prod/1292/state/1/lga/3743/ward/24830/pu/101960/101960-1677515574.pdf
OYO,IBADAN SOUTH WEST,WARD 10 SW8 II,30-10-10-012,OPEN SPACE AT CUSO AREA II,116,408,TRUE,0,TRUE,FALSE,FALSE,FALSE,FALSE,50,38,8,0,https://docs.inecelectionresults.net/elections_prod/1292/state/1/lga/3743/ward/24830/pu/101961/101961-1677516003.pdf
OYO,IBADAN SOUTH WEST,WARD 10 SW8 II,30-10-10-013,OPEN SPACE AT ADEGOKE STREET I,127,506,TRUE,0,TRUE,FALSE,FALSE,FALSE,FALSE,0,0,0,0,https://docs.inecelectionresults.net/elections_prod/1292/state/1/lga/3743/ward/24830/pu/101962/101962-1677516386.pdf
OYO,IBADAN SOUTH WEST,WARD 10 SW8 II,30-10-10-025,SABA SABA OPEN SPACE II,69,326,TRUE,0,TRUE,FALSE,FALSE,FALSE,FALSE,0,0,0,0,https://docs.inecelectionresults.net/elections_prod/1292/state/01/lga/10/ward/10/pu/025/025-1677408207.pdf
OYO,IBADAN SOUTH WEST,WARD 10 SW8 II,30-10-10-029,"YOUTH CENTRE, OKE ADO II",90,381,TRUE,0,TRUE,FALSE,FALSE,FALSE,FALSE,0,0,0,0,https://docs.inecelectionresults.net/elections_prod/1292/state/1/lga/3743/ward/24830/pu/101978/101978-1677521633.pdf
OYO,IBADAN SOUTH WEST,WARD 12 SW9 II,30-10-12-026,OPEN SPACE AT KUOLE II,148,665,TRUE,0,TRUE,FALSE,FALSE,FALSE,FALSE,0,0,0,0,https://docs.inecelectionresults.net/elections_prod/1292/state/01/lga/10/ward/12/pu/026/026-1677412226.pdf
OYO,IBADAN SOUTH WEST,WARD 12 SW9 II,30-10-12-027,OPEN SPACE AT ADEOLA STREET,69,475,TRUE,0,TRUE,FALSE,FALSE,FALSE,FALSE,0,0,0,0,https://inec-cvr-cache.s3.eu-west-1.amazonaws.com/cached/results/100935/result_87747_1677516461_thumb.jpg
OYO,IBADAN SOUTH WEST,WARD 12 SW9 II,30-10-12-035,IART GATE II,78,542,TRUE,0,TRUE,FALSE,FALSE,FALSE,FALSE,39,0,15,0,https://docs.inecelectionresults.net/elections_prod/1292/state/01/lga/10/ward/12/pu/035/035-1677398217.pdf
OYO,IBADAN SOUTH WEST,WARD 12 SW9 II,30-10-12-042,"CUSTOMARY COURT, APATA III",56,284,TRUE,0,TRUE,FALSE,FALSE,FALSE,FALSE,0,0,0,0,https://docs.inecelectionresults.net/elections_prod/1292/state/1/lga/3743/ward/24832/pu/102050/102050-1677688977.pdf
OYO,IBADAN SOUTH WEST,WARD 12 SW9 II,30-10-12-045,ADIFASE HIGH SCHOOL I,134,750,TRUE,0,TRUE,FALSE,FALSE,FALSE,FALSE,0,0,0,0,https://docs.inecelectionresults.net/elections_prod/1292/state/1/lga/3743/ward/24832/pu/102053/102053-1677689489.pdf
OYO,IBADAN SOUTH WEST,WARD 12 SW9 II,30-10-12-046,ADIFASE HIGH SCHOOL II,131,750,TRUE,0,TRUE,FALSE,FALSE,FALSE,FALSE,0,0,0,0,https://docs.inecelectionresults.net/elections_prod/1292/state/1/lga/3743/ward/24832/pu/102054/102054-1677691937.pdf
OYO,IBADAN SOUTH WEST,WARD 12 SW9 II,30-10-12-052,OPEN SPACE ABA ALAMU I,33,461,TRUE,0,TRUE,FALSE,FALSE,FALSE,FALSE,0,0,0,0,https://docs.inecelectionresults.net/elections_prod/1292/state/1/lga/3743/ward/24832/pu/102060/102060-1677797296.pdf
OYO,IBADAN SOUTH WEST,WARD 12 SW9 II,30-10-12-066,OPEN SPACE AT ERINKOJAOBE,191,853,TRUE,0,TRUE,FALSE,FALSE,FALSE,FALSE,0,0,0,0,https://docs.inecelectionresults.net/elections_prod/1292/state/01/lga/10/ward/12/pu/066/066-1677359527.pdf
OYO,IBADAN SOUTH WEST,WARD 12 SW9 II,30-10-12-067,OPEN SPACE AT GBEKUBA I,141,750,TRUE,0,TRUE,FALSE,FALSE,FALSE,FALSE,0,0,0,0,https://docs.inecelectionresults.net/elections_prod/1292/state/1/lga/3743/ward/24832/pu/102075/102075-1677691785.pdf
OYO,IBADAN SOUTH WEST,WARD 12 SW9 II,30-10-12-076,OPEN SPACE RAILWAY QUARTERS I,198,750,TRUE,0,TRUE,FALSE,FALSE,FALSE,FALSE,0,0,0,0,https://docs.inecelectionresults.net/elections_prod/1292/state/1/lga/3743/ward/24832/pu/102084/102084-1677592338.pdf
OYO,IBARAPA CENTRAL,WARD 12 SW9 II,30-11-01-001,OPEN SPACE TANIMOWO BUS STOP II,119,451,TRUE,0,TRUE,FALSE,FALSE,FALSE,FALSE,0,0,0,0,https://docs.inecelectionresults.net/elections_prod/1292/state/1/lga/3743/ward/24832/pu/102089/102089-1677586361.pdf
OYO,IBARAPA CENTRAL,IDERE I (MOLETE),30-11-01-002,TOWN HALL II,197,592,TRUE,0,TRUE,FALSE,FALSE,FALSE,FALSE,0,0,0,0,https://docs.inecelectionresults.net/elections_prod/1292/state/01/lga/11/ward/01/pu/002/002-1677402868.pdf
OYO,IBARAPA CENTRAL,IDERE I (MOLETE),30-11-01-005,ALAPINNIN COMPOUND II,187,472,TRUE,0,TRUE,FALSE,FALSE,FALSE,FALSE,0,0,0,0,https://docs.inecelectionresults.net/elections_prod/1292/state/01/lga/11/ward/01/pu/005/005-1677408503.pdf
OYO,IBARAPA CENTRAL,IDERE I (MOLETE),30-11-01-006,ALAPINNIN COMPOUND III,127,349,TRUE,0,TRUE,FALSE,FALSE,FALSE,FALSE,0,0,0,0,https://docs.inecelectionresults.net/elections_prod/1292/state/01/lga/11/ward/01/pu/006/006-1677426739.pdf
OYO,IBARAPA CENTRAL,IDERE I (MOLETE),30-11-01-007,ALAPINNIN COMPOUND IV,138,320,TRUE,0,TRUE,FALSE,FALSE,FALSE,FALSE,0,0,0,0,https://docs.inecelectionresults.net/elections_prod/1292/state/01/lga/11/ward/01/pu/007/007-1677421735.pdf
OYO,IBARAPA CENTRAL,IDERE I (MOLETE),30-11-01-008,TOBALOGBO VILLAGE,70,177,TRUE,0,TRUE,FALSE,FALSE,FALSE,FALSE,0,0,0,0,https://docs.inecelectionresults.net/elections_prod/1292/state/01/lga/11/ward/01/pu/008/008-1677423280.pdf
OYO,IBARAPA CENTRAL,IDERE I (MOLETE),30-11-01-009,OSUMARE VILLAGE,84,233,TRUE,0,TRUE,FALSE,FALSE,FALSE,FALSE,0,0,0,0,https://docs.inecelectionresults.net/elections_prod/1292/state/01/lga/11/ward/01/pu/009/009-1677423431.pdf
OYO,IBARAPA CENTRAL,IDERE I (MOLETE),30-11-01-010,TUTURE VILLAGE,61,229,TRUE,0,TRUE,FALSE,FALSE,FALSE,FALSE,0,0,0,0,https://docs.inecelectionresults.net/elections_prod/1292/state/01/lga/11/ward/01/pu/010/010-1677423463.pdf
OYO,IBARAPA CENTRAL,IDERE I (MOLETE),30-11-01-011,JAGUN VILLAGE I,58,160,TRUE,0,TRUE,FALSE,FALSE,FALSE,FALSE,0,0,0,0,https://docs.inecelectionresults.net/elections_prod/1292/state/01/lga/11/ward/01/pu/011/011-1677414649.pdf
OYO,IBARAPA CENTRAL,IDERE I (MOLETE),30-11-01-012,JAGUN VILLAGE II,55,251,TRUE,0,TRUE,FALSE,FALSE,FALSE,FALSE,0,0,0,0,https://docs.inecelectionresults.net/elections_prod/1292/state/01/lga/11/ward/01/pu/012/012-1677414672.pdf
OYO,IBARAPA CENTRAL,IDERE I (MOLETE),30-11-01-013,"L.A. SCHOOL, ORIGI",76,472,TRUE,0,TRUE,FALSE,FALSE,FALSE,FALSE,0,0,0,0,https://docs.inecelectionresults.net/elections_prod/1292/state/01/lga/11/ward/01/pu/013/013-1677423791.pdf
OYO,IBARAPA CENTRAL,IDERE I (MOLETE),30-11-01-014,"L.A. SCHOOL, ORIGI",76,472,TRUE,0,TRUE,FALSE,FALSE,FALSE,FALSE,0,0,0,0,https://docs.inecelectionresults.net/elections_prod/1292/state/01/lga/11/ward/01/pu/013/013-1677423791.pdf
OYO,IBARAPA CENTRAL,IDERE I (MOLETE),30-11-01-015,OBA VILLAGE,28,179,TRUE,0,TRUE,FALSE,FALSE,FALSE,FALSE,0,0,0,0,https://docs.inecelectionresults.net/elections_prod/1292/state/01/lga/11/ward/01/pu/015/015-1677424478.pdf
OYO,IBARAPA CENTRAL,IDERE I (MOLETE),30-11-01-016,DAGBERE VILLAGE,39,172,TRUE,0,TRUE,FALSE,FALSE,FALSE,FALSE,0,0,0,0,https://docs.inecelectionresults.net/elections_prod/1292/state/01/lga/11/ward/01/pu/016/016-1677424039.pdf
OYO,IBARAPA CENTRAL,IDERE II (OMINIGBO/OKE - OBA),30-11-02-007,OBA MARKET AREA IV,108,311,TRUE,0,TRUE,FALSE,FALSE,FALSE,FALSE,0,0,0,0,https://docs.inecelectionresults.net/elections_prod/1292/state/01/lga/11/ward/02/pu/007/007-1677416923.pdf
OYO,IBARAPA CENTRAL,IBEREKODO I /(PATAOJU),30-11-04-003,ITA OLUWO III,150,408,TRUE,0,TRUE,FALSE,FALSE,FALSE,FALSE,0,0,0,0,https://docs.inecelectionresults.net/elections_prod/1292/state/1/lga/3744/ward/24836/pu/102121/102121-1677481081.pdf
OYO,IBARAPA CENTRAL,IBEREKODO I /(PATAOJU),30-11-04-005,ITA OLUWO V,204,519,TRUE,0,TRUE,FALSE,FALSE,FALSE,FALSE,0,0,0,0,https://docs.inecelectionresults.net/elections_prod/1292/state/01/lga/11/ward/04/pu/005/005-1677418935.pdf
OYO,IBARAPA CENTRAL,IBEREKODO I /(PATAOJU),30-11-04-007,"TOWOBOWO MARKET, ALAMALA I",221,678,TRUE,0,TRUE,FALSE,FALSE,FALSE,TRUE,106,5,49,0,https://docs.inecelectionresults.net/elections_prod/1292/state/01/lga/11/ward/04/pu/007/007-1677413970.pdf
OYO,IBARAPA CENTRAL,IBEREKODO I /(PATAOJU),30-11-04-008,"TOWOBOWO MARKET, ALAMALA II",166,491,TRUE,0,TRUE,TRUE,FALSE,FALSE,FALSE,0,0,0,0,https://docs.inecelectionresults.net/elections_prod/1292/state/01/lga/11/ward/04/pu/008/008-1677413287.pdf
OYO,IBARAPA CENTRAL,IBEREKODO I /(PATAOJU),30-11-04-009,ONIPEPE COMPOUND,126,388,TRUE,0,TRUE,FALSE,FALSE,FALSE,FALSE,0,0,0,0,https://docs.inecelectionresults.net/elections_prod/1292/state/01/lga/11/ward/04/pu/009/009-1677412601.pdf
OYO,IBARAPA CENTRAL,IBEREKODO/AGBOORO/ITA BAALE,30-11-05-002,ABORIKURA I,151,451,TRUE,0,FALSE,TRUE,FALSE,FALSE,TRUE,63,6,51,0,https://inec-cvr-cache.s3.eu-west-1.amazonaws.com/cached/results/101032/result_87896_1677581682_thumb.jpg
OYO,IBARAPA CENTRAL,IBEREKODO/AGBOORO/ITA BAALE,30-11-05-004,ABORIKURA III,114,280,TRUE,0,TRUE,FALSE,FALSE,FALSE,FALSE,0,0,0,0,https://inec-cvr-cache.s3.eu-west-1.amazonaws.com/cached/results/101034/result_87898_1677581061_thumb.jpg
OYO,IBARAPA CENTRAL,IBEREKODO/AGBOORO/ITA BAALE,30-11-05-007,TOWOBOWO MARKET I,174,404,TRUE,0,TRUE,FALSE,FALSE,FALSE,FALSE,0,0,0,0,https://inec-cvr-cache.s3.eu-west-1.amazonaws.com/cached/results/101037/result_87901_1677582512_thumb.jpg
OYO,IBARAPA CENTRAL,IBEREKODO/AGBOORO/ITA BAALE,30-11-05-008,TOWOBOWO MARKET II,120,403,TRUE,0,TRUE,FALSE,FALSE,FALSE,FALSE,0,0,0,0,https://inec-cvr-cache.s3.eu-west-1.amazonaws.com/cached/results/101038/result_87902_1677582664_thumb.jpg
OYO,IBARAPA CENTRAL,IBEREKODO/AGBOORO/ITA BAALE,30-11-05-009,BABA OYO/PANPALA,208,519,TRUE,0,TRUE,FALSE,FALSE,FALSE,TRUE,48,5,49,0,https://inec-cvr-cache.s3.eu-west-1.amazonaws.com/cached/results/101039/result_87903_1677583122_thumb.jpg
OYO,IBARAPA CENTRAL,IDOFIN ISAGANUN,30-11-06-001,IBONA ELEWURO,53,335,TRUE,0,TRUE,FALSE,FALSE,FALSE,FALSE,0,0,0,0,https://docs.inecelectionresults.net/elections_prod/1292/state/01/lga/11/ward/06/pu/001/001-1677409621.pdf
OYO,IBARAPA CENTRAL,IDOFIN ISAGANUN,30-11-06-002,A.U.D. SAGAN-UN,201,750,TRUE,0,TRUE,FALSE,FALSE,FALSE,FALSE,0,0,0,0,https://docs.inecelectionresults.net/elections_prod/1292/state/01/lga/11/ward/06/pu/002/002-1677408605.pdf
OYO,IBARAPA CENTRAL,IDOFIN ISAGANUN,30-11-06-003,"A.U.D. SCHOOL, SAGAN-UN/OGUNMOLU",132,511,TRUE,0,TRUE,FALSE,FALSE,FALSE,FALSE,0,0,0,0,https://docs.inecelectionresults.net/elections_prod/1292/state/01/lga/11/ward/06/pu/003/003-1677408445.pdf
OYO,IBARAPA CENTRAL,IDOFIN ISAGANUN,30-11-06-004,"METHODIST SCHOOL, OKE AGOGO",173,540,TRUE,0,TRUE,FALSE,FALSE,FALSE,FALSE,0,0,0,0,https://docs.inecelectionresults.net/elections_prod/1292/state/01/lga/11/ward/06/pu/004/004-1677400602.pdf
OYO,IBARAPA CENTRAL,IDOFIN ISAGANUN,30-11-06-005,"METHODIST SCHOOL, OKE AGOGO (IDI SANGA)",145,425,TRUE,0,TRUE,FALSE,FALSE,FALSE,FALSE,0,0,0,0,https://docs.inecelectionresults.net/elections_prod/1292/state/01/lga/11/ward/06/pu/005/005-1677405663.pdf
OYO,IBARAPA CENTRAL,IDOFIN ISAGANUN,30-11-06-006,L.A. SCHOOL IDOFIN,212,750,TRUE,0,TRUE,FALSE,FALSE,FALSE,FALSE,0,0,0,0,https://docs.inecelectionresults.net/elections_prod/1292/state/01/lga/11/ward/06/pu/006/006-1677408773.pdf
OYO,IBARAPA CENTRAL,IDOFIN ISAGANUN,30-11-06-007,"L.A. SCHOOL, IDOFIN (OPANIKE}",123,411,TRUE,0,TRUE,FALSE,FALSE,FALSE,FALSE,0,0,0,0,https://docs.inecelectionresults.net/elections_prod/1292/state/01/lga/11/ward/06/pu/007/007-1677406800.pdf
OYO,IBARAPA CENTRAL,IDOFIN ISAGANUN,30-11-06-008,THE APOSTOLIC SCHOOL I,201,562,TRUE,0,TRUE,FALSE,FALSE,FALSE,FALSE,1187,14,19,450,https://docs.inecelectionresults.net/elections_prod/1292/state/01/lga/11/ward/06/pu/008/008-1677402487.pdf
OYO,IBARAPA CENTRAL,IDOFIN ISAGANUN,30-11-06-009,THE APOSTOLIC SCHOOL II,148,412,TRUE,0,TRUE,FALSE,FALSE,FALSE,FALSE,0,0,0,0,https://docs.inecelectionresults.net/elections_prod/1292/state/01/lga/11/ward/06/pu/009/009-1677409455.pdf
OYO,IBARAPA CENTRAL,IDOFIN ISAGANUN,30-11-06-010,THE APOSTOLIC SCHOOL III,165,465,TRUE,0,TRUE,FALSE,FALSE,FALSE,FALSE,0,0,0,0,https://docs.inecelectionresults.net/elections_prod/1292/state/01/lga/11/ward/06/pu/010/010-1677413965.pdf
OYO,IBARAPA CENTRAL,IDOFIN ISAGANUN,30-11-06-011,THE APOSTOLIC SCHOOL IV,136,406,TRUE,0,TRUE,FALSE,FALSE,FALSE,FALSE,0,0,0,0,https://docs.inecelectionresults.net/elections_prod/1292/state/01/lga/11/ward/06/pu/011/011-1677403016.pdf
OYO,IBARAPA CENTRAL,IDOFIN ISAGANUN,30-11-06-012,ARO COMPOUND I,159,447,TRUE,0,TRUE,FALSE,FALSE,FALSE,FALSE,0,0,0,0,https://docs.inecelectionresults.net/elections_prod/1292/state/01/lga/11/ward/06/pu/012/012-1677405165.pdf
OYO,IBARAPA CENTRAL,IDOFIN ISAGANUN,30-11-06-013,ARO COMPOUND II,115,378,TRUE,0,TRUE,FALSE,FALSE,FALSE,FALSE,0,0,0,0,https://docs.inecelectionresults.net/elections_prod/1292/state/01/lga/11/ward/06/pu/013/013-1677401945.pdf
OYO,IBARAPA CENTRAL,IGBOLE/PAKO,30-11-07-003,"A.U.D. SCHOOL, ITA OTOOPO III",94,413,TRUE,0,TRUE,FALSE,FALSE,FALSE,FALSE,0,0,0,0,https://docs.inecelectionresults.net/elections_prod/1292/state/01/lga/11/ward/07/pu/003/003-1677415943.pdf
OYO,IBARAPA CENTRAL,IGBOLE/PAKO,30-11-07-006,"A.U.D. SCHOOL, ITA LADOKE II",60,184,TRUE,0,TRUE,FALSE,FALSE,FALSE,FALSE,0,0,0,0,https://docs.inecelectionresults.net/elections_prod/1292/state/01/lga/11/ward/07/pu/006/006-1677406377.pdf
OYO,IBARAPA CENTRAL,IGBOLE/PAKO,30-11-07-008,"BAPTIST SCHOOL II, PAKO (ARAROMI)",196,651,TRUE,0,TRUE,FALSE,FALSE,FALSE,FALSE,0,0,0,0,https://docs.inecelectionresults.net/elections_prod/1292/state/01/lga/11/ward/07/pu/008/008-1677407689.pdf
OYO,IBARAPA CENTRAL,IGBOLE/PAKO,30-11-07-018,KASALI ONILU,68,252,TRUE,0,TRUE,FALSE,FALSE,FALSE,FALSE,0,0,0,0,https://docs.inecelectionresults.net/elections_prod/1292/state/01/lga/11/ward/07/pu/018/018-1677415930.pdf
OYO,IBARAPA CENTRAL,IGBOLE/PAKO,30-11-07-020,"KASALI ONILU, ASEJANNA",133,364,TRUE,0,TRUE,FALSE,FALSE,FALSE,FALSE,0,0,0,0,https://docs.inecelectionresults.net/elections_prod/1292/state/01/lga/11/ward/07/pu/020/020-1677408869.pdf
OYO,IBARAPA CENTRAL,IGBOLE/PAKO,30-11-07-022,AFRICAN CHURCH SCHOOL,181,673,TRUE,0,TRUE,FALSE,FALSE,FALSE,FALSE,0,0,0,0,https://docs.inecelectionresults.net/elections_prod/1292/state/01/lga/11/ward/07/pu/022/022-1677408356.pdf
OYO,IBARAPA CENTRAL,ISALE-OBA,30-11-08-001,BANSA VILLAGE,5,119,TRUE,0,TRUE,FALSE,FALSE,FALSE,FALSE,0,0,0,0,https://docs.inecelectionresults.net/elections_prod/1292/state/01/lga/11/ward/08/pu/001/001-1677407819.pdf
OYO,IBARAPA CENTRAL,ISALE-OBA,30-11-08-002,ARAROMI VILLAGE,13,150,TRUE,0,TRUE,FALSE,FALSE,FALSE,FALSE,0,0,0,0,https://docs.inecelectionresults.net/elections_prod/1292/state/01/lga/11/ward/08/pu/002/002-1677404896.pdf
OYO,IBARAPA CENTRAL,ISALE-OBA,30-11-08-003,JAGODE COMPOUND,216,618,TRUE,0,TRUE,FALSE,FALSE,FALSE,FALSE,0,0,0,0,https://docs.inecelectionresults.net/elections_prod/1292/state/01/lga/11/ward/08/pu/003/003-1677405364.pdf
OYO,IBARAPA CENTRAL,ISALE-OBA,30-11-08-012,"ITA ELEGUN, ONILEKUN",146,482,TRUE,0,TRUE,FALSE,FALSE,FALSE,FALSE,0,0,0,0,https://docs.inecelectionresults.net/elections_prod/1292/state/01/lga/11/ward/08/pu/012/012-1677411858.pdf
OYO,IBARAPA CENTRAL,ISALE-OBA,30-11-08-016,FEDEGBO VILLAGE,41,427,TRUE,0,TRUE,FALSE,FALSE,FALSE,FALSE,0,0,0,0,https://docs.inecelectionresults.net/elections_prod/1292/state/01/lga/11/ward/08/pu/016/016-1677412649.pdf
OYO,IBARAPA CENTRAL,OKESERIN I & II,30-11-09-001,OBATADE VILLAGE,40,290,TRUE,0,TRUE,FALSE,FALSE,FALSE,FALSE,0,0,0,0,https://docs.inecelectionresults.net/elections_prod/1292/state/01/lga/11/ward/09/pu/001/001-1677401116.pdf
OYO,IBARAPA CENTRAL,OKESERIN I & II,30-11-09-004,"OLUPIRA COMPOUND, (GIRI)",157,399,TRUE,0,TRUE,FALSE,FALSE,FALSE,FALSE,0,0,0,0,https://docs.inecelectionresults.net/elections_prod/1292/state/01/lga/11/ward/09/pu/004/004-1677408388.pdf
OYO,IBARAPA CENTRAL,OKESERIN I & II,30-11-09-006,"COURT HALL, LASELE",173,475,TRUE,0,TRUE,FALSE,FALSE,FALSE,FALSE,0,0,0,0,https://docs.inecelectionresults.net/elections_prod/1292/state/01/lga/11/ward/09/pu/006/006-1677405665.pdf
OYO,IBARAPA CENTRAL,OKESERIN I & II,30-11-09-007,"COURT HALL, AYANKOSO, AYERINNA",87,248,TRUE,0,TRUE,FALSE,FALSE,FALSE,FALSE,0,0,0,0,https://docs.inecelectionresults.net/elections_prod/1292/state/01/lga/11/ward/09/pu/007/007-1677403170.pdf
OYO,IBARAPA CENTRAL,OKESERIN I & II,30-11-09-008,OLUKOTUN COMPOUND,45,215,TRUE,0,TRUE,FALSE,FALSE,FALSE,FALSE,0,0,0,0,https://docs.inecelectionresults.net/elections_prod/1292/state/01/lga/11/ward/09/pu/008/008-1677407926.pdf
OYO,IBARAPA CENTRAL,OKESERIN I & II,30-11-09-009,OLUKOTUN COMPOUND (OTAOBOLA),149,407,TRUE,0,TRUE,FALSE,FALSE,FALSE,FALSE,0,0,0,0,https://docs.inecelectionresults.net/elections_prod/1292/state/01/lga/11/ward/09/pu/009/009-1677408625.pdf
OYO,IBARAPA CENTRAL,OKESERIN I & II,30-11-09-010,AJEGUNLE MARKET,58,240,TRUE,0,TRUE,FALSE,FALSE,FALSE,FALSE,0,0,0,0,https://docs.inecelectionresults.net/elections_prod/1292/state/01/lga/11/ward/09/pu/010/010-1677407375.pdf
OYO,IBARAPA CENTRAL,OKESERIN I & II,30-11-09-012,"BAPTIST SCHOOL I, OJANBA",83,229,TRUE,0,TRUE,FALSE,FALSE,FALSE,FALSE,0,0,0,0,https://docs.inecelectionresults.net/elections_prod/1292/state/01/lga/11/ward/09/pu/012/012-1677408165.pdf
OYO,IBARAPA CENTRAL,OKESERIN I & II,30-11-09-013,"BAPTIST SCHOOL, ONIKEKE",170,477,TRUE,0,TRUE,FALSE,FALSE,FALSE,FALSE,0,0,0,0,https://docs.inecelectionresults.net/elections_prod/1292/state/01/lga/11/ward/09/pu/013/013-1677406878.pdf
OYO,IBARAPA CENTRAL,OKESERIN I & II,30-11-09-016,C.A.C. ONILADO,228,750,TRUE,0,TRUE,FALSE,FALSE,FALSE,FALSE,0,0,0,0,https://docs.inecelectionresults.net/elections_prod/1292/state/01/lga/11/ward/09/pu/016/016-1677409494.pdf
OYO,IBARAPA CENTRAL,OKESERIN I & II,30-11-09-018,"ONIYERI COMPOUND, AJIBESIN I",107,334,TRUE,0,TRUE,FALSE,FALSE,FALSE,FALSE,0,0,0,0,https://docs.inecelectionresults.net/elections_prod/1292/state/01/lga/11/ward/09/pu/018/018-1677404019.pdf
OYO,IBARAPA CENTRAL,OKESERIN I & II,30-11-09-019,"ONIYERI COMPOUND, AJIBESIN II",85,280,TRUE,0,TRUE,FALSE,FALSE,FALSE,FALSE,0,0,0,0,https://docs.inecelectionresults.net/elections_prod/1292/state/01/lga/11/ward/09/pu/019/019-1677406608.pdf
OYO,IBARAPA CENTRAL,OKESERIN I & II,30-11-09-020,"ONIYERI COMPOUND, AREGBESOLA",87,267,TRUE,0,TRUE,FALSE,FALSE,FALSE,FALSE,0,0,0,0,https://docs.inecelectionresults.net/elections_prod/1292/state/01/lga/11/ward/09/pu/020/020-1677402526.pdf
OYO,IBARAPA CENTRAL,OKESERIN I & II,30-11-09-021,AJANA ORITA,207,653,TRUE,0,TRUE,FALSE,FALSE,FALSE,FALSE,0,0,0,0,https://docs.inecelectionresults.net/elections_prod/1292/state/01/lga/11/ward/09/pu/021/021-1677407613.pdf
OYO,IBARAPA CENTRAL,OKESERIN I & II,30-11-09-022,"AJANA ORITA, ASOROLU",98,380,TRUE,0,TRUE,FALSE,FALSE,FALSE,FALSE,0,0,0,0,https://docs.inecelectionresults.net/elections_prod/1292/state/01/lga/11/ward/09/pu/022/022-1677403445.pdf
OYO,IBARAPA CENTRAL,OKESERIN I & II,30-11-09-023,"AJANA ORITA, APONGBA",161,401,TRUE,0,TRUE,FALSE,FALSE,FALSE,FALSE,0,0,0,0,https://docs.inecelectionresults.net/elections_prod/1292/state/01/lga/11/ward/09/pu/023/023-1677400705.pdf
OYO,IBARAPA CENTRAL,OKE-ODO,30-11-10-001,N.U.D. SCHOOL I,151,368,TRUE,0,TRUE,FALSE,FALSE,FALSE,FALSE,0,0,0,0,https://docs.inecelectionresults.net/elections_prod/1292/state/01/lga/11/ward/10/pu/001/001-1677408118.pdf
OYO,IBARAPA CENTRAL,OKE-ODO,30-11-10-005,"METHODIST SCHOOL II, ITA IDOWU",164,420,TRUE,0,TRUE,FALSE,FALSE,FALSE,FALSE,0,0,0,0,https://docs.inecelectionresults.net/elections_prod/1292/state/01/lga/11/ward/10/pu/005/005-1677412764.pdf
OYO,IBARAPA CENTRAL,OKE-ODO,30-11-10-007,AGBEDE ITA OLUKOTUN I,184,496,TRUE,0,TRUE,FALSE,FALSE,FALSE,FALSE,0,0,0,0,https://docs.inecelectionresults.net/elections_prod/1292/state/01/lga/11/ward/10/pu/007/007-1677415119.pdf
OYO,IBARAPA EAST,OKE -OBA,30-12-01-002,ALAPINNI COMPOUND II,104,339,TRUE,0,TRUE,FALSE,FALSE,FALSE,TRUE,53,3,33,0,https://inec-cvr-cache.s3.eu-west-1.amazonaws.com/cached/results/101130/result_87995_1677508478_thumb.jpg
OYO,IBARAPA EAST,OKE -OBA,30-12-01-004,ASALU COMPOUND II,74,224,TRUE,0,TRUE,FALSE,FALSE,FALSE,FALSE,0,0,0,0,https://inec-cvr-cache.s3.eu-west-1.amazonaws.com/cached/results/101132/result_87997_1677512763_thumb.jpg
OYO,IBARAPA EAST,OKE -OBA,30-12-01-009,"L.A. SCHOOL I, ERUWA II",180,458,TRUE,0,TRUE,FALSE,FALSE,FALSE,TRUE,87,7,38,2,https://inec-cvr-cache.s3.eu-west-1.amazonaws.com/cached/results/101137/result_88002_1677529687_thumb.jpg
OYO,IBARAPA EAST,ANKO,30-12-02-004,"TOWN HALL, ANKO ERUWA IV",50,167,TRUE,0,TRUE,FALSE,FALSE,FALSE,FALSE,0,0,0,0,https://inec-cvr-cache.s3.eu-west-1.amazonaws.com/cached/results/101149/result_88014_1677661943_thumb.jpg
OYO,IBARAPA EAST,ANKO,30-12-02-010,OPPOSITE ALAYANDE,118,340,TRUE,0,TRUE,FALSE,FALSE,FALSE,TRUE,0,0,0,0,https://inec-cvr-cache.s3.eu-west-1.amazonaws.com/cached/results/101155/result_88020_1677521916_thumb.jpg
OYO,IBARAPA EAST,ANKO,30-12-02-015,AJIBADE COMPOUND,123,324,TRUE,0,TRUE,FALSE,FALSE,FALSE,FALSE,118,10,28,0,https://inec-cvr-cache.s3.eu-west-1.amazonaws.com/cached/results/101160/result_88025_1677533048_thumb.jpg
OYO,IBARAPA EAST,ISABA,30-12-03-003,"BAPTIST SCHOOL, ISABA I",119,429,TRUE,0,TRUE,FALSE,FALSE,FALSE,FALSE,36,0,11,0,https://inec-cvr-cache.s3.eu-west-1.amazonaws.com/cached/results/101164/result_88029_1677671718_thumb.jpg
OYO,IBARAPA EAST,ISABA,30-12-03-009,LAWOORE VILLAGE II,60,177,TRUE,0,TRUE,FALSE,FALSE,FALSE,FALSE,0,0,0,0,https://docs.inecelectionresults.net/elections_prod/1292/state/1/lga/3745/ward/24845/pu/102270/102270-1677487798.pdf
OYO,IBARAPA EAST,ISABA,30-12-03-010,IDI-OPE VILLAGE,127,319,TRUE,0,FALSE,TRUE,FALSE,FALSE,TRUE,65,1,47,0,https://docs.inecelectionresults.net/elections_prod/1292/state/1/lga/3745/ward/24845/pu/102271/102271-1677487116.pdf
OYO,IBARAPA EAST,ABORERIN,30-12-04-001,"AFRICAN SCHOOL, ERUWA I",160,566,TRUE,0,TRUE,FALSE,FALSE,FALSE,FALSE,0,0,0,0,https://inec-cvr-cache.s3.eu-west-1.amazonaws.com/cached/results/101172/result_88037_1677668575_thumb.jpg
OYO,IBARAPA EAST,ABORERIN,30-12-04-011,OKE-OLA JUNCTION I,149,746,TRUE,0,TRUE,FALSE,FALSE,FALSE,FALSE,0,0,0,0,https://inec-cvr-cache.s3.eu-west-1.amazonaws.com/cached/results/101182/result_88047_1677529329_thumb.jpg
OYO,IBARAPA EAST,ABORERIN,30-12-04-014,ELEWUNLA COMPOUND I,76,212,TRUE,0,FALSE,FALSE,FALSE,FALSE,FALSE,45,5,19,0,https://docs.inecelectionresults.net/elections_prod/1292/state/1/lga/3745/ward/24846/pu/102285/102285-1677495047.pdf
OYO,IBARAPA EAST,ABORERIN,30-12-04-015,ELEWUNLA COMPOUND II,48,142,TRUE,0,TRUE,FALSE,FALSE,FALSE,FALSE,0,0,0,0,https://docs.inecelectionresults.net/elections_prod/1292/state/1/lga/3745/ward/24846/pu/102286/102286-1677502973.pdf
OYO,IBARAPA EAST,NEW ERUWA,30-12-05-002,"L.A. SCHOOL I, NEW ERUWA II",253,788,TRUE,0,TRUE,FALSE,FALSE,FALSE,FALSE,0,0,0,0,https://inec-cvr-cache.s3.eu-west-1.amazonaws.com/cached/results/101189/result_88057_1677785625_thumb.jpg
OYO,IBARAPA EAST,NEW ERUWA,30-12-05-007,ADEDEJI COMPOUND  NEW ERUWA I,183,532,TRUE,0,TRUE,FALSE,FALSE,FALSE,FALSE,0,0,0,0,https://inec-cvr-cache.s3.eu-west-1.amazonaws.com/cached/results/101194/result_88062_1677785919_thumb.jpg
OYO,IBARAPA EAST,NEW ERUWA,30-12-05-012,"L.A. SCHOOL, LAGAYE II",69,271,TRUE,0,TRUE,FALSE,FALSE,FALSE,FALSE,36,0,21,0,https://docs.inecelectionresults.net/elections_prod/1292/state/1/lga/3745/ward/24847/pu/102299/102299-1677487717.pdf
OYO,IBARAPA EAST,SANGO,30-12-06-005,"ISLAMIC SCHOOL, SANGO I",219,750,TRUE,0,TRUE,FALSE,FALSE,FALSE,FALSE,0,0,0,0,https://docs.inecelectionresults.net/elections_prod/1292/state/1/lga/3745/ward/24848/pu/102305/102305-1677490566.pdf
OYO,IBARAPA EAST,OKE-IMALE,30-12-07-013,"COMMUNITY PRIMARY SCHOOL, ILADO",85,240,TRUE,0,TRUE,TRUE,FALSE,FALSE,TRUE,63,0,20,0,https://inec-cvr-cache.s3.eu-west-1.amazonaws.com/cached/results/101227/result_88100_1677787991_thumb.jpg
OYO,IBARAPA EAST,ISALE TOGUN,30-12-08-004,"BAPTIST SCHOOL, LANLATE I",165,386,TRUE,0,TRUE,FALSE,FALSE,FALSE,FALSE,0,0,0,0,https://inec-cvr-cache.s3.eu-west-1.amazonaws.com/cached/results/101231/result_88104_1677665489_thumb.jpg
OYO,IBARAPA EAST,ITABO,30-12-10-003,ASUNNARA COMPOUND I,129,316,TRUE,0,TRUE,TRUE,FALSE,FALSE,TRUE,0,0,0,0,https://inec-cvr-cache.s3.eu-west-1.amazonaws.com/cached/results/101257/result_88130_1677491823_thumb.jpg
OYO,IBARAPA EAST,ITABO,30-12-10-004,ASUNNARA COMPOUND II,130,298,TRUE,0,TRUE,FALSE,FALSE,FALSE,FALSE,0,0,0,0,https://inec-cvr-cache.s3.eu-west-1.amazonaws.com/cached/results/101258/result_88131_1677491757_thumb.jpg
OYO,IBARAPA EAST,ITABO,30-12-10-010,OLOHUNDE VILLAGE,111,327,TRUE,0,TRUE,FALSE,FALSE,FALSE,FALSE,0,0,0,0,https://inec-cvr-cache.s3.eu-west-1.amazonaws.com/cached/results/101264/result_88137_1677491249_thumb.jpg
OYO,IBARAPA NORTH,AYETE I,30-13-01-009,COMMUNITY HALL III,90,362,TRUE,0,TRUE,FALSE,FALSE,FALSE,FALSE,44,5,13,0,https://docs.inecelectionresults.net/elections_prod/1292/state/1/lga/3746/ward/24853/pu/102377/102377-1677530029.pdf
OYO,IBARAPA NORTH,AYETE I,30-13-01-012,IMOFIN MOSQUE II,136,458,TRUE,0,TRUE,FALSE,FALSE,FALSE,FALSE,0,0,0,0,https://docs.inecelectionresults.net/elections_prod/1292/state/1/lga/3746/ward/24853/pu/102380/102380-1677531477.pdf
OYO,IBARAPA NORTH,AYETE II,30-13-02-013,OLOKUTA I,56,208,TRUE,0,TRUE,FALSE,FALSE,FALSE,FALSE,0,0,0,0,https://docs.inecelectionresults.net/elections_prod/1292/state/1/lga/3746/ward/24854/pu/102395/102395-1677514194.pdf
OYO,IBARAPA NORTH,AYETE II,30-13-02-016,OLOKUTA IV,46,163,TRUE,0,TRUE,FALSE,FALSE,FALSE,FALSE,0,0,0,0,https://docs.inecelectionresults.net/elections_prod/1292/state/1/lga/3746/ward/24854/pu/102398/102398-1677487715.pdf
OYO,IBARAPA NORTH,AYETE II,30-13-02-017,OLOKUTA V,48,168,TRUE,0,TRUE,FALSE,FALSE,FALSE,FALSE,0,0,0,0,https://docs.inecelectionresults.net/elections_prod/1292/state/1/lga/3746/ward/24854/pu/102399/102399-1677593732.pdf
OYO,IBARAPA NORTH,IGANGAN I,30-13-03-001,COMMUNITY HALL I,111,328,TRUE,0,TRUE,FALSE,FALSE,FALSE,FALSE,0,0,0,0,https://docs.inecelectionresults.net/elections_prod/1292/state/01/lga/13/ward/03/pu/001/001-1677376116.pdf
OYO,IBARAPA NORTH,IGANGAN I,30-13-03-002,COMMUNITY HALL II,83,362,TRUE,0,TRUE,FALSE,FALSE,FALSE,FALSE,0,0,0,0,https://docs.inecelectionresults.net/elections_prod/1292/state/1/lga/3746/ward/24855/pu/102401/102401-1677573940.pdf
OYO,IBARAPA NORTH,IGANGAN I,30-13-03-003,COMMUNITY HALL III,128,366,TRUE,0,TRUE,FALSE,FALSE,FALSE,FALSE,0,0,0,0,https://docs.inecelectionresults.net/elections_prod/1292/state/1/lga/3746/ward/24855/pu/102402/102402-1677577920.pdf
OYO,IBARAPA NORTH,IGANGAN I,30-13-03-004,COMMUNITY HALL IV,100,291,TRUE,0,TRUE,FALSE,FALSE,FALSE,FALSE,0,0,0,0,https://docs.inecelectionresults.net/elections_prod/1292/state/1/lga/3746/ward/24855/pu/102403/102403-1677595188.pdf
OYO,IBARAPA NORTH,IGANGAN I,30-13-03-006,MOTOR PARK I,86,225,TRUE,0,TRUE,FALSE,FALSE,FALSE,FALSE,0,0,0,0,https://docs.inecelectionresults.net/elections_prod/1292/state/01/lga/13/ward/03/pu/006/006-1677370752.pdf
OYO,IBARAPA NORTH,IGANGAN I,30-13-03-009,MOTOR PARK IV,114,338,TRUE,0,TRUE,FALSE,FALSE,FALSE,FALSE,0,0,0,0,https://docs.inecelectionresults.net/elections_prod/1292/state/1/lga/3746/ward/24855/pu/102408/102408-1677586822.pdf
OYO,IBARAPA NORTH,IGANGAN II,30-13-04-003,TOWOBOWO MARKET IKOKOOGUN,78,201,TRUE,0,TRUE,FALSE,FALSE,FALSE,FALSE,0,0,0,0,https://docs.inecelectionresults.net/elections_prod/1292/state/01/lga/13/ward/04/pu/003/003-1677413969.pdf
OYO,IBARAPA NORTH,IGANGAN II,30-13-04-004,TOWOBOWO MARKET ELEMOSIN,140,318,TRUE,0,TRUE,FALSE,FALSE,FALSE,FALSE,0,0,0,0,https://docs.inecelectionresults.net/elections_prod/1292/state/01/lga/13/ward/04/pu/004/004-1677415973.pdf
OYO,IBARAPA NORTH,IGANGAN II,30-13-04-005,TOWOBOWO MARKET IPADEOLA,161,464,TRUE,0,TRUE,FALSE,FALSE,FALSE,FALSE,0,0,0,0,https://docs.inecelectionresults.net/elections_prod/1292/state/01/lga/13/ward/04/pu/005/005-1677416173.pdf
OYO,IBARAPA NORTH,IGANGAN II,30-13-04-006,KULO QUARTERS OJELOLA HOUSE,153,380,TRUE,0,TRUE,FALSE,FALSE,FALSE,FALSE,0,0,0,0,https://docs.inecelectionresults.net/elections_prod/1292/state/01/lga/13/ward/04/pu/006/006-1677416338.pdf
OYO,IBARAPA NORTH,IGANGAN III,30-13-05-010,BALOGUN COMPOUND AREA II,104,238,TRUE,0,TRUE,FALSE,FALSE,FALSE,FALSE,770,1,18,894,https://docs.inecelectionresults.net/elections_prod/1292/state/1/lga/3746/ward/24857/pu/102435/102435-1677571525.pdf
OYO,IBARAPA NORTH,IGANGAN III,30-13-05-011,OKE OLA MARKET I,103,317,TRUE,0,TRUE,FALSE,FALSE,FALSE,FALSE,0,0,0,0,https://docs.inecelectionresults.net/elections_prod/1292/state/1/lga/3746/ward/24857/pu/102436/102436-1677579361.pdf
OYO,IBARAPA NORTH,IGANGAN III,30-13-05-016,AROMAYE COMPOUND II,112,315,TRUE,0,TRUE,FALSE,FALSE,FALSE,FALSE,0,0,0,0,https://docs.inecelectionresults.net/elections_prod/1292/state/1/lga/3746/ward/24857/pu/102441/102441-1677571189.pdf
OYO,IBARAPA NORTH,IGANGAN IV,30-13-06-002,IGITELE COMPOUND AREA II,85,252,TRUE,0,TRUE,FALSE,FALSE,FALSE,FALSE,0,0,0,0,https://docs.inecelectionresults.net/elections_prod/1292/state/1/lga/3746/ward/24858/pu/102447/102447-1677516534.pdf
OYO,IBARAPA NORTH,IGANGAN IV,30-13-06-003,IGITELE  COMPOUND AREA III,115,391,TRUE,0,TRUE,FALSE,FALSE,FALSE,FALSE,694,11,6,635,https://docs.inecelectionresults.net/elections_prod/1292/state/1/lga/3746/ward/24858/pu/102448/102448-1677515402.pdf
OYO,IBARAPA NORTH,IGANGAN IV,30-13-06-004,IGITELE COMPOUND AREA IV,99,251,TRUE,0,TRUE,FALSE,FALSE,FALSE,FALSE,0,0,0,0,https://docs.inecelectionresults.net/elections_prod/1292/state/1/lga/3746/ward/24858/pu/102449/102449-1677520636.pdf
OYO,IBARAPA NORTH,IGANGAN IV,30-13-06-005,BABA OYO COMPOUND AREA I,81,339,TRUE,0,TRUE,FALSE,FALSE,FALSE,FALSE,0,0,0,0,https://docs.inecelectionresults.net/elections_prod/1292/state/1/lga/3746/ward/24858/pu/102450/102450-1677517701.pdf
OYO,IBARAPA NORTH,IGANGAN IV,30-13-06-006,BABA OYO COMPOUND AREA II,92,269,TRUE,0,TRUE,FALSE,FALSE,FALSE,FALSE,0,0,0,0,https://docs.inecelectionresults.net/elections_prod/1292/state/1/lga/3746/ward/24858/pu/102451/102451-1677518123.pdf
OYO,IBARAPA NORTH,IGANGAN IV,30-13-06-008,ARA OJE COMPOUND AREA II,169,401,TRUE,0,TRUE,FALSE,FALSE,FALSE,FALSE,0,0,0,0,https://docs.inecelectionresults.net/elections_prod/1292/state/1/lga/3746/ward/24858/pu/102453/102453-1677521324.pdf
OYO,IBARAPA NORTH,IGANGAN IV,30-13-06-009,ASALUWALA COMPOUND AREA I,165,528,TRUE,0,TRUE,FALSE,FALSE,FALSE,FALSE,0,0,0,0,https://docs.inecelectionresults.net/elections_prod/1292/state/1/lga/3746/ward/24858/pu/102454/102454-1677519791.pdf
OYO,IBARAPA NORTH,OFIKI I,30-13-07-001,BELLO VILLAGE I,64,215,TRUE,0,TRUE,FALSE,FALSE,FALSE,FALSE,23,0,9,0,https://docs.inecelectionresults.net/elections_prod/1292/102456-1677854568.pdf
OYO,IBARAPA NORTH,OFIKI I,30-13-07-002,BELLO VILLAGE II,40,190,TRUE,0,TRUE,FALSE,FALSE,FALSE,FALSE,0,0,0,0,https://docs.inecelectionresults.net/elections_prod/1292/state/01/lga/13/ward/07/pu/002/002-1677416115.pdf
OYO,IBARAPA NORTH,OFIKI II,30-13-08-004,OMINIGBO VILLAGE,113,475,TRUE,0,TRUE,FALSE,FALSE,FALSE,FALSE,0,0,0,0,https://docs.inecelectionresults.net/elections_prod/1292/state/01/lga/13/ward/08/pu/004/004-1677393070.pdf
OYO,IBARAPA NORTH,OFIKI II,30-13-08-005,AKOYA VILLAGE I,159,547,TRUE,0,TRUE,FALSE,FALSE,FALSE,FALSE,67,0,25,7,https://docs.inecelectionresults.net/elections_prod/1292/state/01/lga/13/ward/08/pu/005/005-1677417952.pdf
OYO,IBARAPA NORTH,OFIKI II,30-13-08-006,AKOYA VILLAGE II,106,482,TRUE,0,TRUE,FALSE,FALSE,FALSE,FALSE,0,0,0,0,https://docs.inecelectionresults.net/elections_prod/1292/state/01/lga/13/ward/08/pu/006/006-1677385951.pdf
OYO,IBARAPA NORTH,OFIKI II,30-13-08-008,"BAPTIST SCHOOL, IDIYAN I",170,742,TRUE,0,TRUE,FALSE,FALSE,FALSE,FALSE,65,4,48,0,https://docs.inecelectionresults.net/elections_prod/1292/state/01/lga/13/ward/08/pu/008/008-1677423251.pdf
OYO,IBARAPA NORTH,TAPA I,30-13-09-006,COMMUNITY HALL II,138,400,TRUE,0,TRUE,FALSE,FALSE,FALSE,FALSE,0,0,0,0,https://docs.inecelectionresults.net/elections_prod/1292/state/01/lga/13/ward/09/pu/006/006-1677369600.pdf
OYO,IBARAPA NORTH,TAPA I,30-13-09-015,BAALE ANA II,158,512,TRUE,0,TRUE,FALSE,FALSE,FALSE,FALSE,0,0,0,0,https://docs.inecelectionresults.net/elections_prod/1292/state/01/lga/13/ward/09/pu/015/015-1677369344.pdf
OYO,IBARAPA NORTH,TAPA II,30-13-10-001,ONIWAFIN I,173,451,TRUE,0,TRUE,FALSE,FALSE,FALSE,FALSE,0,0,0,0,https://docs.inecelectionresults.net/elections_prod/1292/state/01/lga/13/ward/10/pu/001/001-1677413426.pdf
OYO,IBARAPA NORTH,TAPA II,30-13-10-004,METHODIST SCHOOL II,164,542,TRUE,0,TRUE,FALSE,FALSE,FALSE,FALSE,0,0,0,0,https://docs.inecelectionresults.net/elections_prod/1292/state/01/lga/13/ward/10/pu/004/004-1677419793.pdf
OYO,IBARAPA NORTH,TAPA II,30-13-10-005,METHODIST SCHOOL III,176,629,TRUE,0,TRUE,FALSE,FALSE,FALSE,FALSE,0,0,0,0,https://docs.inecelectionresults.net/elections_prod/1292/state/01/lga/13/ward/10/pu/005/005-1677423783.pdf
OYO,IBARAPA NORTH,TAPA II,30-13-10-006,METHODIST SCHOOL IV,163,493,TRUE,0,TRUE,FALSE,FALSE,FALSE,FALSE,0,0,0,0,https://docs.inecelectionresults.net/elections_prod/1292/state/01/lga/13/ward/10/pu/006/006-1677420153.pdf
OYO,IBARAPA NORTH,TAPA II,30-13-10-009,ALAPAPO III,133,372,TRUE,0,TRUE,FALSE,FALSE,FALSE,FALSE,0,0,0,0,https://docs.inecelectionresults.net/elections_prod/1292/state/1/lga/3746/ward/24862/pu/102515/102515-1677671241.pdf
OYO,IDO,ABA EMO/ILAJU/ALAKO,30-14-01-004,ALAKO OPEN SPACE,196,728,TRUE,0,TRUE,FALSE,FALSE,FALSE,TRUE,0,0,0,0,https://inec-cvr-cache.s3.eu-west-1.amazonaws.com/cached/results/101420/result_88293_1677587674_thumb.jpg
OYO,IDO,ABA EMO/ILAJU/ALAKO,30-14-01-005,ELEYELE OPEN SPACE,64,361,TRUE,0,TRUE,FALSE,FALSE,FALSE,TRUE,43,2,14,1,https://inec-cvr-cache.s3.eu-west-1.amazonaws.com/cached/results/101421/result_88294_1677587922_thumb.jpg
OYO,IDO,AKUFO/IDIGBA/ARAROMI,30-14-02-006,"COMM. PRIMARY SCHOOL, ARAROMI",433,1935,TRUE,0,TRUE,FALSE,FALSE,FALSE,FALSE,0,0,0,0,https://docs.inecelectionresults.net/elections_prod/1292/state/1/lga/3747/ward/24864/pu/102527/102527-1677470959.pdf
OYO,IDO,BATAKE/IDI-IYA,30-14-05-001,"I.D.C. PRIMARY SCHOOL, IDI-IYA",289,1051,TRUE,0,TRUE,FALSE,FALSE,FALSE,FALSE,0,0,0,0,https://docs.inecelectionresults.net/elections_prod/1292/state/01/lga/14/ward/05/pu/001/001-1677361579.pdf
OYO,IDO,BATAKE/IDI-IYA,30-14-05-007,"OPEN SPACE, OLORUNTEDO",115,542,TRUE,0,TRUE,FALSE,FALSE,FALSE,FALSE,0,0,0,0,https://docs.inecelectionresults.net/elections_prod/1292/state/1/lga/3747/ward/24867/pu/102551/102551-1677491379.pdf
OYO,IDO,ERINWUSI/KOGUO/ODETOLA,30-14-06-003,"OPEN SPACE, KOGUO",227,779,TRUE,0,TRUE,FALSE,FALSE,FALSE,TRUE,168,8,17,0,https://inec-cvr-cache.s3.eu-west-1.amazonaws.com/cached/results/101456/result_88375_1677594008_thumb.jpg
OYO,IDO,ERINWUSI/KOGUO/ODETOLA,30-14-06-007,"PRIMARY SCHOOL, FASAN",74,272,TRUE,0,TRUE,FALSE,FALSE,FALSE,FALSE,0,0,0,0,https://inec-cvr-cache.s3.eu-west-1.amazonaws.com/cached/results/101460/result_88379_1677590387_thumb.jpg
OYO,IDO,FENWA/OGANLA/ELENUSONSO,30-14-07-004,"PRIMARY SCHOOL, LASOKUN ARAROMI",601,2140,TRUE,0,TRUE,FALSE,FALSE,FALSE,FALSE,0,0,0,0,https://inec-cvr-cache.s3.eu-west-1.amazonaws.com/cached/results/101464/result_88386_1677589427_thumb.jpg
OYO,IDO,FENWA/OGANLA/ELENUSONSO,30-14-07-005,"COMM. PRIMARY SCHOOL, OGANLA",513,2093,TRUE,0,TRUE,FALSE,FALSE,FALSE,TRUE,307,126,54,4,https://inec-cvr-cache.s3.eu-west-1.amazonaws.com/cached/results/101465/result_88387_1677510663_thumb.jpg
OYO,IDO,IDO/ONIKEDE/OKUNA AWO,30-14-08-001,"N.U.D. PRIMARY SCHOOL, IDO",414,2121,TRUE,0,TRUE,FALSE,FALSE,FALSE,FALSE,0,0,0,0,https://inec-cvr-cache.s3.eu-west-1.amazonaws.com/cached/results/101469/result_88405_1677584058_thumb.jpg
OYO,IDO,OMI ADIO/OMI ONIGBAGBO BAKATARI,30-14-09-001,"SAINT ANDREW PRIMARY SCHOOL, OMI ADIO I",432,2103,TRUE,0,TRUE,FALSE,FALSE,FALSE,FALSE,0,0,0,0,https://docs.inecelectionresults.net/elections_prod/1292/state/01/lga/14/ward/09/pu/001/001-1677367325.pdf
OYO,IDO,OMI ADIO/OMI ONIGBAGBO BAKATARI,30-14-09-005,OPEN SPACE BODE IGBO,197,750,TRUE,0,TRUE,FALSE,FALSE,FALSE,FALSE,0,0,0,0,https://inec-cvr-cache.s3.eu-west-1.amazonaws.com/cached/results/101477/result_88420_1677594137_thumb.jpg
OYO,IDO,OMI ADIO/OMI ONIGBAGBO BAKATARI,30-14-09-009,"PRIMARY SCHOOL, ALAKASO",142,750,TRUE,0,TRUE,FALSE,FALSE,FALSE,TRUE,29,2,31,0,https://inec-cvr-cache.s3.eu-west-1.amazonaws.com/cached/results/101481/result_88424_1677595589_thumb.jpg
OYO,IDO,OGUNDELE/ALAHO/SIBA/IDI-AHUN,30-14-10-004,"OPEN SPACE, OGUNDELE ALAHO",50,484,TRUE,0,TRUE,FALSE,FALSE,FALSE,FALSE,300,73,61,1,https://inec-cvr-cache.s3.eu-west-1.amazonaws.com/cached/results/101488/result_88458_1677587199_thumb.jpg
OYO,IDO,OGUNDELE/ALAHO/SIBA/IDI-AHUN,30-14-10-005,"PRIMARY SCHOOL, ATEERE",90,487,TRUE,0,TRUE,FALSE,FALSE,FALSE,TRUE,60,0,20,0,https://inec-cvr-cache.s3.eu-west-1.amazonaws.com/cached/results/101489/result_88459_1677610353_thumb.jpg
OYO,IDO,OGUNDELE/ALAHO/SIBA/IDI-AHUN,30-14-10-007,OLOKO OPEN SPACE,504,1915,TRUE,0,TRUE,FALSE,FALSE,FALSE,FALSE,0,0,0,0,https://inec-cvr-cache.s3.eu-west-1.amazonaws.com/cached/results/101491/result_88461_1677611195_thumb.jpg
OYO,IREPO,AJAGUNNA,30-15-02-002,BAPTIST PRIMARY SCHOOL II,298,885,TRUE,0,TRUE,FALSE,FALSE,FALSE,FALSE,0,0,0,0,https://docs.inecelectionresults.net/elections_prod/1292/state/01/lga/15/ward/02/pu/002/002-1677383200.pdf
OYO,IREPO,ATIPA,30-15-03-003,ITA ATIPA I,295,797,TRUE,0,TRUE,TRUE,FALSE,FALSE,TRUE,146,1,101,0,https://docs.inecelectionresults.net/elections_prod/1292/state/01/lga/15/ward/03/pu/003/003-1677383959.pdf
OYO,IREPO,ATIPA,30-15-03-005,ODE GBANGBA I,212,614,TRUE,0,TRUE,FALSE,FALSE,FALSE,FALSE,0,0,0,0,https://docs.inecelectionresults.net/elections_prod/1292/state/01/lga/15/ward/03/pu/005/005-1677379884.pdf
OYO,IREPO,IBA I,30-15-04-001,"L.A. PRIMARY SCHOOL, AGEDE I",261,809,TRUE,0,TRUE,FALSE,FALSE,FALSE,FALSE,0,0,0,0,https://docs.inecelectionresults.net/elections_prod/1292/state/01/lga/15/ward/04/pu/001/001-1677386192.pdf
OYO,IREPO,IBA I,30-15-04-007,ADAGBANGBA VILLAGE II,75,582,TRUE,0,TRUE,FALSE,FALSE,FALSE,FALSE,0,0,0,0,https://docs.inecelectionresults.net/elections_prod/1292/state/1/lga/3748/ward/24876/pu/102624/102624-1677521612.pdf
OYO,IREPO,IBA III,30-15-06-005,"L.A. PRIMARY SCHOOL, ATIPA",302,750,TRUE,0,TRUE,FALSE,FALSE,FALSE,FALSE,0,0,0,0,https://docs.inecelectionresults.net/elections_prod/1292/state/01/lga/15/ward/06/pu/005/005-1677415839.pdf
OYO,IREPO,IBA IV,30-15-07-001,OKE MAPO,272,750,TRUE,0,TRUE,FALSE,FALSE,FALSE,FALSE,0,0,0,0,https://docs.inecelectionresults.net/elections_prod/1292/state/1/lga/3748/ward/24879/pu/102642/102642-1677608190.pdf
OYO,IREPO,IBA V,30-15-08-005,BUDO IBARIBA,71,590,TRUE,0,TRUE,FALSE,FALSE,FALSE,FALSE,0,0,0,0,https://docs.inecelectionresults.net/elections_prod/1292/state/01/lga/15/ward/08/pu/005/005-1677371389.pdf
OYO,IREPO,IKOLABA,30-15-09-004,ITA OLODOGBONA II,358,834,TRUE,0,TRUE,FALSE,FALSE,FALSE,FALSE,0,0,0,0,https://docs.inecelectionresults.net/elections_prod/1292/state/01/lga/15/ward/09/pu/004/004-1677387292.pdf
OYO,IREPO,LAHA/AJANA,30-15-10-002,ITA OTUN II,239,563,TRUE,0,TRUE,FALSE,FALSE,FALSE,FALSE,0,0,0,0,https://docs.inecelectionresults.net/elections_prod/1292/state/1/lga/3748/ward/24882/pu/102664/102664-1677599295.pdf
OYO,ISEYIN,ADO-AWAYE,30-16-01-001,"L.A. SCHOOL, ODO-OGUN",135,574,TRUE,0,TRUE,FALSE,FALSE,FALSE,FALSE,0,0,0,0,https://docs.inecelectionresults.net/elections_prod/1292/state/1/lga/3749/ward/24883/pu/102672/102672-1677580526.pdf
OYO,ISEYIN,ADO-AWAYE,30-16-01-002,"COURT HA LL, ADO-AWAYE I",177,474,TRUE,0,TRUE,FALSE,FALSE,FALSE,FALSE,0,0,0,0,https://docs.inecelectionresults.net/elections_prod/1292/state/1/lga/3749/ward/24883/pu/102673/102673-1677580869.pdf
OYO,ISEYIN,ADO-AWAYE,30-16-01-004,"MATERNITY, ADO-AWAYE I",209,497,TRUE,0,TRUE,FALSE,FALSE,FALSE,FALSE,0,0,0,0,https://docs.inecelectionresults.net/elections_prod/1292/state/1/lga/3749/ward/24883/pu/102675/102675-1677590551.pdf
OYO,ISEYIN,ADO-AWAYE,30-16-01-005,"MATERNITY, ADO-AWAYE II",155,491,TRUE,0,TRUE,FALSE,FALSE,FALSE,FALSE,0,0,0,0,https://docs.inecelectionresults.net/elections_prod/1292/state/1/lga/3749/ward/24883/pu/102676/102676-1677581804.pdf
OYO,ISEYIN,ADO-AWAYE,30-16-01-006,"L.A. SCHOOL, ADO-AWAYE I",207,634,TRUE,0,TRUE,FALSE,FALSE,FALSE,FALSE,0,0,0,0,https://docs.inecelectionresults.net/elections_prod/1292/state/1/lga/3749/ward/24883/pu/102677/102677-1677582309.pdf
OYO,ISEYIN,ADO-AWAYE,30-16-01-007,"L.A. SCHOOL, ADO-AWAYE II",219,668,TRUE,0,TRUE,FALSE,FALSE,FALSE,FALSE,0,0,0,0,https://docs.inecelectionresults.net/elections_prod/1292/state/1/lga/3749/ward/24883/pu/102678/102678-1677582679.pdf
OYO,ISEYIN,ADO-AWAYE,30-16-01-008,"L.A. SCHOOL, ADO-AWAYE III",224,610,TRUE,0,TRUE,FALSE,FALSE,FALSE,FALSE,0,0,0,0,https://docs.inecelectionresults.net/elections_prod/1292/state/1/lga/3749/ward/24883/pu/102679/102679-1677581766.pdf
OYO,ISEYIN,ADO-AWAYE,30-16-01-010,"A.U.D. SCHOOL, OKE-ARO II",198,537,TRUE,0,TRUE,FALSE,FALSE,FALSE,FALSE,0,0,0,0,https://docs.inecelectionresults.net/elections_prod/1292/state/1/lga/3749/ward/24883/pu/102681/102681-1677581456.pdf
OYO,ISEYIN,ADO-AWAYE,30-16-01-011,OKE-OLA ADO-AWAYE,183,555,TRUE,0,TRUE,FALSE,FALSE,FALSE,FALSE,0,0,0,0,https://docs.inecelectionresults.net/elections_prod/1292/state/1/lga/3749/ward/24883/pu/102682/102682-1677575475.pdf
OYO,ISEYIN,ADO-AWAYE,30-16-01-012,"COMMUNITY SCHOOL, ADO-AWAYE",220,606,TRUE,0,TRUE,FALSE,FALSE,FALSE,FALSE,0,0,0,0,https://docs.inecelectionresults.net/elections_prod/1292/state/1/lga/3749/ward/24883/pu/102683/102683-1677581820.pdf
OYO,ISEYIN,ADO-AWAYE,30-16-01-013,"COMMUNITY SCHOOL, WASINMI",63,272,TRUE,0,TRUE,FALSE,FALSE,FALSE,FALSE,0,0,0,0,https://docs.inecelectionresults.net/elections_prod/1292/state/1/lga/3749/ward/24883/pu/102684/102684-1677591663.pdf
OYO,ISEYIN,ADO-AWAYE,30-16-01-014,"COMMUNITY SCHOOL, ONIKO I",49,147,TRUE,0,TRUE,FALSE,FALSE,FALSE,FALSE,0,0,0,0,https://docs.inecelectionresults.net/elections_prod/1292/state/1/lga/3749/ward/24883/pu/102685/102685-1677591709.pdf
OYO,ISEYIN,ADO-AWAYE,30-16-01-015,"COMMUNITY SCHOOL, ONIKO II",61,286,TRUE,0,TRUE,FALSE,FALSE,FALSE,FALSE,0,0,0,0,https://docs.inecelectionresults.net/elections_prod/1292/state/1/lga/3749/ward/24883/pu/102686/102686-1677591270.pdf
OYO,ISEYIN,ADO-AWAYE,30-16-01-016,OHA VILLAGE,29,247,TRUE,0,TRUE,FALSE,FALSE,FALSE,FALSE,0,0,0,0,https://docs.inecelectionresults.net/elections_prod/1292/state/1/lga/3749/ward/24883/pu/102687/102687-1677591163.pdf
OYO,ISEYIN,ADO-AWAYE,30-16-01-017,OLOORE,26,158,TRUE,0,TRUE,FALSE,FALSE,FALSE,FALSE,0,0,0,0,https://docs.inecelectionresults.net/elections_prod/1292/state/1/lga/3749/ward/24883/pu/102688/102688-1677573443.pdf
OYO,ISEYIN,ADO-AWAYE,30-16-01-018,ABORISO,12,124,TRUE,0,TRUE,FALSE,FALSE,FALSE,FALSE,0,0,0,0,https://docs.inecelectionresults.net/elections_prod/1292/state/1/lga/3749/ward/24883/pu/102689/102689-1677591340.pdf
OYO,ISEYIN,ADO-AWAYE,30-16-01-019,AMOLEGBE,60,176,TRUE,0,TRUE,FALSE,FALSE,FALSE,FALSE,0,0,0,0,https://docs.inecelectionresults.net/elections_prod/1292/state/1/lga/3749/ward/24883/pu/102690/102690-1677591588.pdf
OYO,ISEYIN,ADO-AWAYE,30-16-01-020,"BAPTIST SCHOOL, ISERIN",112,520,TRUE,0,TRUE,FALSE,FALSE,FALSE,FALSE,0,0,0,0,https://docs.inecelectionresults.net/elections_prod/1292/state/1/lga/3749/ward/24883/pu/102691/102691-1677581603.pdf
OYO,ISEYIN,ADO-AWAYE,30-16-01-021,OBANESE,44,173,TRUE,0,TRUE,FALSE,FALSE,FALSE,FALSE,0,0,0,0,https://docs.inecelectionresults.net/elections_prod/1292/state/1/lga/3749/ward/24883/pu/102692/102692-1677590451.pdf
OYO,ISEYIN,ADO-AWAYE,30-16-01-022,AAGBA,27,244,TRUE,0,TRUE,FALSE,FALSE,FALSE,FALSE,0,0,0,0,https://docs.inecelectionresults.net/elections_prod/1292/state/1/lga/3749/ward/24883/pu/102693/102693-1677590519.pdf
OYO,ISEYIN,ADO-AWAYE,30-16-01-023,"L.A. SCHOOL, AGELU",69,257,TRUE,0,TRUE,FALSE,FALSE,FALSE,FALSE,0,0,0,0,https://docs.inecelectionresults.net/elections_prod/1292/state/1/lga/3749/ward/24883/pu/102694/102694-1677582538.pdf
OYO,ISEYIN,AKINWUMI/OSOOGUN,30-16-02-002,BAALE SAGBO VILLAGE,72,150,TRUE,0,TRUE,FALSE,FALSE,FALSE,FALSE,44,0,18,0,https://docs.inecelectionresults.net/elections_prod/1292/state/1/lga/3749/ward/24884/pu/102696/102696-1677526294.pdf
OYO,ISEYIN,EKUNLE I,30-16-03-001,COURT HALL,146,585,TRUE,0,TRUE,FALSE,FALSE,FALSE,FALSE,0,0,0,0,https://docs.inecelectionresults.net/elections_prod/1292/state/01/lga/16/ward/03/pu/001/001-1677396830.pdf
OYO,ISEYIN,EKUNLE I,30-16-03-002,KUJIFI,224,810,TRUE,0,TRUE,FALSE,FALSE,FALSE,FALSE,0,0,0,0,https://docs.inecelectionresults.net/elections_prod/1292/state/1/lga/3749/ward/24885/pu/102713/102713-1677525283.pdf
OYO,ISEYIN,EKUNLE I,30-16-03-003,AGBEDE OBA,227,700,TRUE,0,TRUE,FALSE,FALSE,FALSE,FALSE,0,0,0,0,https://docs.inecelectionresults.net/elections_prod/1292/state/1/lga/3749/ward/24885/pu/102714/102714-1677525677.pdf
OYO,ISEYIN,EKUNLE I,30-16-03-004,ERU-OBA,338,763,TRUE,0,TRUE,FALSE,FALSE,FALSE,FALSE,0,0,0,0,https://docs.inecelectionresults.net/elections_prod/1292/state/1/lga/3749/ward/24885/pu/102715/102715-1677526772.pdf
OYO,ISEYIN,EKUNLE I,30-16-03-005,EKERIN/ITA-YANGI,314,868,TRUE,0,TRUE,FALSE,FALSE,FALSE,FALSE,0,0,0,0,https://docs.inecelectionresults.net/elections_prod/1292/state/1/lga/3749/ward/24885/pu/102716/102716-1677605167.pdf
OYO,ISEYIN,EKUNLE I,30-16-03-006,AGBEDE AGBALE,179,619,TRUE,0,TRUE,FALSE,FALSE,FALSE,FALSE,0,0,0,0,https://docs.inecelectionresults.net/elections_prod/1292/state/1/lga/3749/ward/24885/pu/102717/102717-1677605305.pdf
OYO,ISEYIN,EKUNLE I,30-16-03-007,ITA EPO MARKET I,141,427,TRUE,0,TRUE,FALSE,FALSE,FALSE,FALSE,0,0,0,0,https://docs.inecelectionresults.net/elections_prod/1292/state/1/lga/3749/ward/24885/pu/102718/102718-1677570842.pdf
OYO,ISEYIN,EKUNLE I,30-16-03-008,ITA EPO MARKET II,182,668,TRUE,0,TRUE,FALSE,FALSE,FALSE,FALSE,0,0,0,0,https://docs.inecelectionresults.net/elections_prod/1292/state/1/lga/3749/ward/24885/pu/102719/102719-1677574124.pdf
OYO,ISEYIN,EKUNLE I,30-16-03-009,ITAPO ELEGUSI,272,782,TRUE,0,TRUE,FALSE,FALSE,FALSE,FALSE,0,0,0,0,https://docs.inecelectionresults.net/elections_prod/1292/state/1/lga/3749/ward/24885/pu/102720/102720-1677589306.pdf
OYO,ISEYIN,EKUNLE I,30-16-03-010,C.M.S. OKUTAPEMA,204,769,TRUE,0,TRUE,FALSE,FALSE,FALSE,FALSE,0,0,0,0,https://docs.inecelectionresults.net/elections_prod/1292/state/1/lga/3749/ward/24885/pu/102721/102721-1677604664.pdf
OYO,ISEYIN,EKUNLE I,30-16-03-011,ELEGEDE/C.M.S. IDI-IROKO,362,1169,TRUE,0,TRUE,FALSE,FALSE,FALSE,FALSE,0,0,0,0,https://docs.inecelectionresults.net/elections_prod/1292/state/1/lga/3749/ward/24885/pu/102722/102722-1677605037.pdf
OYO,ISEYIN,EKUNLE I,30-16-03-013,I.D.G.S. II,183,1417,TRUE,0,TRUE,FALSE,FALSE,FALSE,FALSE,0,0,0,0,https://docs.inecelectionresults.net/elections_prod/1292/state/1/lga/3749/ward/24885/pu/102724/102724-1677602833.pdf
OYO,ISEYIN,EKUNLE I,30-16-03-014,"COMMUNITY SCHOOL, ODO-OGUN",48,210,TRUE,0,TRUE,FALSE,FALSE,FALSE,FALSE,0,0,0,0,https://docs.inecelectionresults.net/elections_prod/1292/state/1/lga/3749/ward/24885/pu/102725/102725-1677576948.pdf
OYO,ISEYIN,EKUNLE II,30-16-04-001,ITA EPO ONILU I,220,565,TRUE,0,TRUE,FALSE,FALSE,FALSE,FALSE,0,0,0,0,https://docs.inecelectionresults.net/elections_prod/1292/state/1/lga/3749/ward/24886/pu/102729/102729-1677574249.pdf
OYO,ISEYIN,EKUNLE II,30-16-04-002,ITA EPO ONILU II,237,714,TRUE,0,TRUE,FALSE,FALSE,FALSE,FALSE,0,0,0,0,https://docs.inecelectionresults.net/elections_prod/1292/state/1/lga/3749/ward/24886/pu/102730/102730-1677601389.pdf
OYO,ISEYIN,EKUNLE II,30-16-04-004,BASORUN ISALE II,263,809,TRUE,0,TRUE,FALSE,FALSE,FALSE,FALSE,0,0,0,0,https://docs.inecelectionresults.net/elections_prod/1292/state/1/lga/3749/ward/24886/pu/102732/102732-1677577894.pdf
OYO,ISEYIN,EKUNLE II,30-16-04-005,ITA OBELE I,263,768,TRUE,0,TRUE,FALSE,FALSE,FALSE,FALSE,0,0,0,0,https://docs.inecelectionresults.net/elections_prod/1292/state/1/lga/3749/ward/24886/pu/102733/102733-1677580368.pdf
OYO,ISEYIN,EKUNLE II,30-16-04-007,C.P.A.C. ODUMINI,314,947,TRUE,0,TRUE,FALSE,FALSE,FALSE,FALSE,0,0,0,0,https://docs.inecelectionresults.net/elections_prod/1292/state/1/lga/3749/ward/24886/pu/102735/102735-1677576171.pdf
OYO,ISEYIN,EKUNLE II,30-16-04-008,"METHODIST SCHOOL, AGO-IJIO",435,1517,TRUE,0,TRUE,FALSE,FALSE,FALSE,FALSE,0,0,0,0,https://docs.inecelectionresults.net/elections_prod/1292/state/1/lga/3749/ward/24886/pu/102736/102736-1677581884.pdf
OYO,ISEYIN,EKUNLE II,30-16-04-009,ISALE PAPA,216,691,TRUE,0,TRUE,FALSE,FALSE,FALSE,FALSE,0,0,0,0,https://docs.inecelectionresults.net/elections_prod/1292/state/1/lga/3749/ward/24886/pu/102737/102737-1677573836.pdf
OYO,ISEYIN,EKUNLE II,30-16-04-010,AJAO OLOKE JUNCTION I,201,669,TRUE,0,TRUE,FALSE,FALSE,FALSE,FALSE,0,0,0,0,https://docs.inecelectionresults.net/elections_prod/1292/state/1/lga/3749/ward/24886/pu/102738/102738-1677580153.pdf
OYO,ISEYIN,EKUNLE II,30-16-04-011,AJAO OLOKE JUNCTION II,236,728,TRUE,0,TRUE,FALSE,FALSE,FALSE,FALSE,0,0,0,0,https://docs.inecelectionresults.net/elections_prod/1292/state/1/lga/3749/ward/24886/pu/102739/102739-1677576921.pdf
OYO,ISEYIN,EKUNLE II,30-16-04-012,C.P.A.C. ALADURA,92,489,TRUE,0,TRUE,FALSE,FALSE,FALSE,FALSE,0,0,0,0,https://docs.inecelectionresults.net/elections_prod/1292/state/1/lga/3749/ward/24886/pu/102740/102740-1677574092.pdf
OYO,ISEYIN,EKUNLE II,30-16-04-013,"ANGLICAN PRIMARY SCHOOL, ABA-IBADAN",87,346,TRUE,0,TRUE,FALSE,FALSE,FALSE,FALSE,0,0,0,0,https://docs.inecelectionresults.net/elections_prod/1292/state/1/lga/3749/ward/24886/pu/102741/102741-1677574521.pdf
OYO,ISEYIN,EKUNLE II,30-16-04-015,"METHODIST SCHOOL, OGUNGBE I",56,210,TRUE,0,TRUE,FALSE,FALSE,FALSE,FALSE,0,0,0,0,https://docs.inecelectionresults.net/elections_prod/1292/state/1/lga/3749/ward/24886/pu/102743/102743-1677589951.pdf
OYO,ISEYIN,EKUNLE II,30-16-04-016,"METHODIST SCHOOL, OGUNGBE II",57,326,TRUE,0,TRUE,FALSE,FALSE,FALSE,FALSE,0,0,0,0,https://docs.inecelectionresults.net/elections_prod/1292/state/1/lga/3749/ward/24886/pu/102744/102744-1677604405.pdf
OYO,ISEYIN,EKUNLE II,30-16-04-017,"BAPTIST SCHOOL, OKE-EDU",49,231,TRUE,0,TRUE,FALSE,FALSE,FALSE,FALSE,0,0,0,0,https://docs.inecelectionresults.net/elections_prod/1292/state/1/lga/3749/ward/24886/pu/102745/102745-1677577432.pdf
OYO,ISEYIN,EKUNLE II,30-16-04-019,IPOWU VILLAGE,74,405,TRUE,0,TRUE,FALSE,FALSE,FALSE,FALSE,0,0,0,0,https://docs.inecelectionresults.net/elections_prod/1292/state/1/lga/3749/ward/24886/pu/102747/102747-1677572490.pdf
OYO,ISEYIN,EKUNLE II,30-16-04-020,LAWURE,71,339,TRUE,0,TRUE,FALSE,FALSE,FALSE,FALSE,0,0,0,0,https://docs.inecelectionresults.net/elections_prod/1292/state/1/lga/3749/ward/24886/pu/102748/102748-1677580744.pdf
OYO,ISEYIN,FARAMORA,30-16-05-003,"A.U.D. SCHOOL, ATORI",381,1185,TRUE,0,TRUE,FALSE,FALSE,FALSE,FALSE,0,0,0,0,https://docs.inecelectionresults.net/elections_prod/1292/state/1/lga/3749/ward/24887/pu/102751/102751-1677569307.pdf
OYO,ISEYIN,FARAMORA,30-16-05-008,ADABO MARKET I,231,616,TRUE,0,TRUE,FALSE,FALSE,FALSE,FALSE,148,0,32,0,https://docs.inecelectionresults.net/elections_prod/1292/state/1/lga/3749/ward/24887/pu/102756/102756-1677575954.pdf
OYO,ISEYIN,FARAMORA,30-16-05-009,ADABO MARKET II,242,616,TRUE,0,TRUE,FALSE,FALSE,FALSE,FALSE,0,0,0,0,https://docs.inecelectionresults.net/elections_prod/1292/state/1/lga/3749/ward/24887/pu/102757/102757-1677576579.pdf
OYO,ISEYIN,FARAMORA,30-16-05-011,GBOKOYI VILLAGE,129,583,TRUE,0,TRUE,FALSE,FALSE,FALSE,FALSE,0,0,0,0,https://docs.inecelectionresults.net/elections_prod/1292/state/1/lga/3749/ward/24887/pu/102759/102759-1677577557.pdf
OYO,ISEYIN,IJEMBA/OKE-OLA/OKE-OJA,30-16-06-013,AGARAWU II,158,398,TRUE,0,TRUE,FALSE,FALSE,FALSE,FALSE,0,0,0,0,https://docs.inecelectionresults.net/elections_prod/1292/state/1/lga/3749/ward/24888/pu/102772/102772-1677580725.pdf
OYO,ISEYIN,ISALU II,30-16-08-001,"L.A. SCHOOL, ITAN I",395,1340,TRUE,0,TRUE,FALSE,FALSE,FALSE,FALSE,0,0,0,0,https://docs.inecelectionresults.net/elections_prod/1292/state/1/lga/3749/ward/24890/pu/102788/102788-1677578796.pdf
OYO,ISEYIN,ISALU II,30-16-08-002,"L.A. SCHOOL, ITAN II",427,1372,TRUE,0,TRUE,FALSE,FALSE,FALSE,FALSE,0,0,0,0,https://docs.inecelectionresults.net/elections_prod/1292/state/1/lga/3749/ward/24890/pu/102789/102789-1677589526.pdf
OYO,ISEYIN,ISALU II,30-16-08-003,"L.A. SCHOOL, ITAN II",427,1372,TRUE,0,TRUE,FALSE,FALSE,FALSE,FALSE,0,0,0,0,https://docs.inecelectionresults.net/elections_prod/1292/state/1/lga/3749/ward/24890/pu/102789/102789-1677589526.pdf
OYO,ISEYIN,ISALU II,30-16-08-005,AROWOJEDE II,219,770,TRUE,0,TRUE,FALSE,FALSE,FALSE,FALSE,0,0,0,0,https://docs.inecelectionresults.net/elections_prod/1292/state/1/lga/3749/ward/24890/pu/102792/102792-1677575839.pdf
OYO,ISEYIN,ISALU II,30-16-08-006,AROWOJEDE III,238,794,TRUE,0,TRUE,FALSE,FALSE,FALSE,FALSE,0,0,0,0,https://docs.inecelectionresults.net/elections_prod/1292/state/1/lga/3749/ward/24890/pu/102793/102793-1677575631.pdf
OYO,ISEYIN,ISALU II,30-16-08-007,OLOBO,79,334,TRUE,0,TRUE,FALSE,FALSE,FALSE,FALSE,0,0,0,0,https://docs.inecelectionresults.net/elections_prod/1292/state/1/lga/3749/ward/24890/pu/102794/102794-1677590962.pdf
OYO,ISEYIN,ISALU II,30-16-08-008,ALAYIN,66,344,TRUE,0,TRUE,FALSE,FALSE,FALSE,FALSE,0,0,0,0,https://docs.inecelectionresults.net/elections_prod/1292/state/1/lga/3749/ward/24890/pu/102795/102795-1677577347.pdf
OYO,ISEYIN,ISALU II,30-16-08-009,ABUGAGA,55,342,TRUE,0,TRUE,FALSE,FALSE,FALSE,FALSE,0,0,0,0,https://docs.inecelectionresults.net/elections_prod/1292/state/1/lga/3749/ward/24890/pu/102796/102796-1677579278.pdf
OYO,ISEYIN,ISALU II,30-16-08-010,BALELAYO,47,141,TRUE,0,TRUE,FALSE,FALSE,FALSE,FALSE,0,0,0,0,https://docs.inecelectionresults.net/elections_prod/1292/state/1/lga/3749/ward/24890/pu/102797/102797-1677577025.pdf
OYO,ISEYIN,ISALU II,30-16-08-013,AGBEDE/IDI-EMI,82,266,TRUE,0,TRUE,FALSE,FALSE,FALSE,FALSE,0,0,0,0,https://docs.inecelectionresults.net/elections_prod/1292/state/1/lga/3749/ward/24890/pu/102800/102800-1677577663.pdf
OYO,ISEYIN,ISALU II,30-16-08-014,GBOLEYA,63,278,TRUE,0,TRUE,FALSE,FALSE,FALSE,FALSE,0,0,0,0,https://docs.inecelectionresults.net/elections_prod/1292/state/1/lga/3749/ward/24890/pu/102801/102801-1677576156.pdf
OYO,ISEYIN,ISALU II,30-16-08-015,ONITOTO/ONBUWO,35,103,TRUE,0,TRUE,FALSE,FALSE,FALSE,FALSE,0,0,0,0,https://docs.inecelectionresults.net/elections_prod/1292/state/1/lga/3749/ward/24890/pu/102802/102802-1677589972.pdf
OYO,ISEYIN,ISALU II,30-16-08-016,"COMMUNITY PRIMARY SCHOOL, OTIIRI",38,177,TRUE,0,TRUE,FALSE,FALSE,FALSE,FALSE,0,0,0,0,https://docs.inecelectionresults.net/elections_prod/1292/state/1/lga/3749/ward/24890/pu/102803/102803-1677577910.pdf
OYO,ISEYIN,ISALU II,30-16-08-017,IBILEKAN/OLOPE PRIMARY SCHOOL,28,140,TRUE,0,TRUE,FALSE,FALSE,FALSE,FALSE,0,0,0,0,https://docs.inecelectionresults.net/elections_prod/1292/state/1/lga/3749/ward/24890/pu/102804/102804-1677576371.pdf
OYO,ISEYIN,ISALU II,30-16-08-018,ALAGOGO/AJAPE PRIMARY SCHOOL.,34,207,TRUE,0,TRUE,FALSE,FALSE,FALSE,FALSE,0,0,0,0,https://docs.inecelectionresults.net/elections_prod/1292/state/1/lga/3749/ward/24890/pu/102805/102805-1677666090.pdf
OYO,ISEYIN,KOSO I,30-16-09-001,"COMMUNITY PRIMARY SCHOOL, KOSO",274,834,TRUE,0,TRUE,FALSE,FALSE,FALSE,FALSE,1003,14,37,1483,https://inec-cvr-cache.s3.eu-west-1.amazonaws.com/cached/results/101707/result_88762_1677702061_thumb.jpg
OYO,ISEYIN,KOSO I,30-16-09-003,YAARA MARKET,324,1037,TRUE,0,TRUE,FALSE,FALSE,FALSE,FALSE,0,0,0,0,https://docs.inecelectionresults.net/elections_prod/1292/state/1/lga/3749/ward/24891/pu/102808/102808-1677592684.pdf
OYO,ISEYIN,KOSO I,30-16-09-004,AJUMODA,239,870,TRUE,0,FALSE,FALSE,FALSE,FALSE,TRUE,138,2,33,0,https://inec-cvr-cache.s3.eu-west-1.amazonaws.com/cached/results/101710/result_88765_1677862555_thumb.jpg
OYO,ISEYIN,KOSO II,30-16-10-001,BAALE SAGBO I,253,892,TRUE,0,TRUE,FALSE,FALSE,FALSE,FALSE,0,0,0,0,https://docs.inecelectionresults.net/elections_prod/1292/state/01/lga/16/ward/10/pu/001/001-1677384424.pdf
OYO,ISEYIN,KOSO II,30-16-10-003,JAGUN MARKET,364,1238,TRUE,0,FALSE,TRUE,FALSE,FALSE,TRUE,1143,119,83,0,https://docs.inecelectionresults.net/elections_prod/1292/state/1/lga/3749/ward/24892/pu/102816/102816-1677599345.pdf
OYO,ISEYIN,KOSO II,30-16-10-005,CARPENTER'S HALL,332,1230,TRUE,0,TRUE,FALSE,FALSE,FALSE,FALSE,0,0,0,0,https://docs.inecelectionresults.net/elections_prod/1292/state/1/lga/3749/ward/24892/pu/102818/102818-1677575748.pdf
OYO,ISEYIN,KOSO II,30-16-10-006,"BAPTIST PRIMARY SCHOOL, KOSO",459,1679,TRUE,0,TRUE,FALSE,FALSE,FALSE,FALSE,0,0,0,0,https://docs.inecelectionresults.net/elections_prod/1292/state/1/lga/3749/ward/24892/pu/102819/102819-1677581248.pdf
OYO,ISEYIN,LADOGAN/OKE EYIN,30-16-11-002,AKODUDU,261,650,TRUE,0,TRUE,FALSE,FALSE,FALSE,FALSE,0,0,0,0,https://docs.inecelectionresults.net/elections_prod/1292/state/1/lga/3749/ward/24893/pu/102821/102821-1677525469.pdf
OYO,ISEYIN,LADOGAN/OKE EYIN,30-16-11-003,"L.A. SCHOOL, OKE-ESA I",294,814,TRUE,0,TRUE,FALSE,FALSE,FALSE,FALSE,0,0,0,0,https://docs.inecelectionresults.net/elections_prod/1292/state/1/lga/3749/ward/24893/pu/102822/102822-1677525768.pdf
OYO,ISEYIN,LADOGAN/OKE EYIN,30-16-11-004,"L.A. SCHOOL, OKE-ESA II",205,680,TRUE,0,TRUE,FALSE,FALSE,FALSE,FALSE,0,0,0,0,https://docs.inecelectionresults.net/elections_prod/1292/state/1/lga/3749/ward/24893/pu/102823/102823-1677526019.pdf
OYO,ISEYIN,LADOGAN/OKE EYIN,30-16-11-005,OLUGBEMI,293,1052,TRUE,0,TRUE,FALSE,FALSE,FALSE,FALSE,0,0,0,0,https://docs.inecelectionresults.net/elections_prod/1292/state/1/lga/3749/ward/24893/pu/102824/102824-1677526252.pdf
OYO,ISEYIN,LADOGAN/OKE EYIN,30-16-11-006,ARAROMI MARKET I,335,1067,TRUE,0,TRUE,FALSE,FALSE,FALSE,FALSE,0,0,0,0,https://docs.inecelectionresults.net/elections_prod/1292/state/1/lga/3749/ward/24893/pu/102825/102825-1677526506.pdf
OYO,ISEYIN,LADOGAN/OKE EYIN,30-16-11-007,ARAROMI MARKET II,226,778,TRUE,0,TRUE,FALSE,FALSE,FALSE,FALSE,698,9,12,943,https://docs.inecelectionresults.net/elections_prod/1292/state/1/lga/3749/ward/24893/pu/102826/102826-1677526983.pdf
OYO,ISEYIN,LADOGAN/OKE EYIN,30-16-11-008,"N.U.D. SCHOOL, OLUWOLE",343,1257,TRUE,0,TRUE,FALSE,FALSE,FALSE,FALSE,0,0,0,0,https://docs.inecelectionresults.net/elections_prod/1292/state/1/lga/3749/ward/24893/pu/102827/102827-1677528457.pdf
OYO,ISEYIN,LADOGAN/OKE EYIN,30-16-11-009,OWNER'S UNION,384,1476,TRUE,0,TRUE,FALSE,FALSE,FALSE,FALSE,0,0,0,0,https://docs.inecelectionresults.net/elections_prod/1292/state/1/lga/3749/ward/24893/pu/102828/102828-1677528718.pdf
OYO,ISEYIN,LADOGAN/OKE EYIN,30-16-11-010,"N.U.D. SCHOOL, OLUGBADE",58,330,TRUE,0,TRUE,FALSE,FALSE,FALSE,FALSE,0,0,0,0,https://docs.inecelectionresults.net/elections_prod/1292/state/1/lga/3749/ward/24893/pu/102829/102829-1677529048.pdf
OYO,ISEYIN,LADOGAN/OKE EYIN,30-16-11-011,SANGOTE VILLAGE,26,136,TRUE,0,TRUE,FALSE,FALSE,FALSE,FALSE,0,0,0,0,https://docs.inecelectionresults.net/elections_prod/1292/state/1/lga/3749/ward/24893/pu/102830/102830-1677529684.pdf
OYO,ISEYIN,LADOGAN/OKE EYIN,30-16-11-012,PAAGO PRY SCH,59,411,TRUE,0,TRUE,FALSE,FALSE,FALSE,FALSE,0,0,0,0,https://docs.inecelectionresults.net/elections_prod/1292/state/1/lga/3749/ward/24893/pu/102831/102831-1677563069.pdf
OYO,ITESIWAJU,BABAODE,30-17-01-001,"POST OFFICE, BABAODE I",238,489,TRUE,0,TRUE,FALSE,FALSE,FALSE,TRUE,66,1,82,0,https://inec-cvr-cache.s3.eu-west-1.amazonaws.com/cached/results/101734/result_88816_1677517737_thumb.jpg
OYO,ITESIWAJU,BABAODE,30-17-01-002,"POST OFFICE, BABAODE II",185,381,TRUE,0,TRUE,FALSE,FALSE,FALSE,FALSE,0,0,0,0,https://inec-cvr-cache.s3.eu-west-1.amazonaws.com/cached/results/101735/result_88817_1677618877_thumb.jpg
OYO,ITESIWAJU,IGBOJAIYE,30-17-02-006,"BAPTIST SCHOOL, IGBOJAIYE II",161,565,TRUE,0,TRUE,FALSE,FALSE,FALSE,FALSE,0,0,0,0,https://docs.inecelectionresults.net/elections_prod/1292/state/1/lga/3750/ward/24895/pu/102847/102847-1677570079.pdf
OYO,ITESIWAJU,IPAPO,30-17-03-004,"LIBRARY, IPAPO II",156,462,TRUE,0,TRUE,FALSE,FALSE,FALSE,TRUE,64,9,38,0,https://inec-cvr-cache.s3.eu-west-1.amazonaws.com/cached/results/101756/result_88840_1677510840_thumb.jpg
OYO,ITESIWAJU,OKAKA I,30-17-05-001,"SANGO MARKET, OKAKA",222,634,TRUE,0,TRUE,FALSE,FALSE,FALSE,FALSE,0,0,0,0,https://docs.inecelectionresults.net/elections_prod/1292/state/1/lga/3750/ward/24898/pu/102869/102869-1677498451.pdf
OYO,ITESIWAJU,OKAKA I,30-17-05-002,JAGUN O/S,135,375,TRUE,0,TRUE,FALSE,FALSE,FALSE,FALSE,0,0,0,0,https://docs.inecelectionresults.net/elections_prod/1292/state/1/lga/3750/ward/24898/pu/102870/102870-1677499893.pdf
OYO,ITESIWAJU,OKAKA I,30-17-05-003,EKERIN AREA,256,774,TRUE,0,TRUE,FALSE,FALSE,FALSE,FALSE,0,0,0,0,https://docs.inecelectionresults.net/elections_prod/1292/state/1/lga/3750/ward/24898/pu/102871/102871-1677500473.pdf
OYO,ITESIWAJU,OKAKA I,30-17-05-004,"CIVIL COURT, OKAKA I",169,559,TRUE,0,TRUE,FALSE,FALSE,FALSE,FALSE,0,0,0,0,https://docs.inecelectionresults.net/elections_prod/1292/state/1/lga/3750/ward/24898/pu/102872/102872-1677500896.pdf
OYO,ITESIWAJU,OKAKA I,30-17-05-005,"CIVIL COURT, OKAKA II",122,404,TRUE,0,TRUE,FALSE,FALSE,FALSE,FALSE,0,0,0,0,https://docs.inecelectionresults.net/elections_prod/1292/state/1/lga/3750/ward/24898/pu/102873/102873-1677501593.pdf
OYO,ITESIWAJU,OKAKA I,30-17-05-006,OPOO VILLAGE,19,132,TRUE,0,TRUE,FALSE,FALSE,FALSE,FALSE,0,0,0,0,https://docs.inecelectionresults.net/elections_prod/1292/state/1/lga/3750/ward/24898/pu/102874/102874-1677501979.pdf
OYO,ITESIWAJU,OKAKA I,30-17-05-007,ABIDOGUN VILLAGE,101,460,TRUE,0,TRUE,FALSE,FALSE,FALSE,FALSE,0,0,0,0,https://docs.inecelectionresults.net/elections_prod/1292/state/1/lga/3750/ward/24898/pu/102875/102875-1677502296.pdf
OYO,ITESIWAJU,OKAKA I,30-17-05-008,OKUTALOGUN VILLAGE,92,441,TRUE,0,TRUE,FALSE,FALSE,FALSE,FALSE,0,0,0,0,https://docs.inecelectionresults.net/elections_prod/1292/state/1/lga/3750/ward/24898/pu/102876/102876-1677502626.pdf
OYO,ITESIWAJU,OKAKA I,30-17-05-009,IRE-AKARI VILLAGE,87,387,TRUE,0,TRUE,FALSE,FALSE,FALSE,FALSE,0,0,0,0,https://docs.inecelectionresults.net/elections_prod/1292/state/1/lga/3750/ward/24898/pu/102877/102877-1677502875.pdf
OYO,ITESIWAJU,OKAKA II,30-17-06-001,"BAPTIST SCHOOL, OKAKA",268,762,TRUE,0,TRUE,FALSE,FALSE,FALSE,FALSE,0,0,0,0,https://docs.inecelectionresults.net/elections_prod/1292/state/1/lga/3750/ward/24899/pu/102878/102878-1677504076.pdf
OYO,ITESIWAJU,OKAKA II,30-17-06-002,IDI-ILEKUN,221,548,TRUE,0,TRUE,FALSE,FALSE,FALSE,FALSE,0,0,0,0,https://docs.inecelectionresults.net/elections_prod/1292/state/1/lga/3750/ward/24899/pu/102879/102879-1677504355.pdf
OYO,ITESIWAJU,OKAKA II,30-17-06-003,ITA ONILU,141,371,TRUE,0,TRUE,FALSE,FALSE,FALSE,FALSE,0,0,0,0,https://docs.inecelectionresults.net/elections_prod/1292/state/1/lga/3750/ward/24899/pu/102880/102880-1677508367.pdf
OYO,ITESIWAJU,OKAKA II,30-17-06-004,BUDO ORE/LADIPO VILLAGE,129,578,TRUE,0,TRUE,FALSE,FALSE,FALSE,FALSE,0,0,0,0,https://docs.inecelectionresults.net/elections_prod/1292/state/1/lga/3750/ward/24899/pu/102881/102881-1677508706.pdf
OYO,ITESIWAJU,OKAKA II,30-17-06-005,MOKORE AREA,167,485,TRUE,0,TRUE,FALSE,FALSE,FALSE,FALSE,0,0,0,0,https://docs.inecelectionresults.net/elections_prod/1292/state/1/lga/3750/ward/24899/pu/102882/102882-1677509082.pdf
OYO,ITESIWAJU,OKAKA II,30-17-06-006,MATERNITY,267,841,TRUE,0,TRUE,FALSE,FALSE,FALSE,FALSE,0,0,0,0,https://docs.inecelectionresults.net/elections_prod/1292/state/1/lga/3750/ward/24899/pu/102883/102883-1677509400.pdf
OYO,ITESIWAJU,OTU 1,30-17-08-001,"CATH. PRIMARY SCHOOL, OTU TOWN",282,789,TRUE,0,TRUE,FALSE,FALSE,FALSE,FALSE,0,0,0,0,https://docs.inecelectionresults.net/elections_prod/1292/state/1/lga/3750/ward/24901/pu/102891/102891-1677501884.pdf
OYO,ITESIWAJU,OTU 1,30-17-08-002,"N.U.D. SCHOOL, OTU TOWN",211,542,TRUE,0,TRUE,FALSE,FALSE,FALSE,FALSE,0,0,0,0,https://docs.inecelectionresults.net/elections_prod/1292/state/1/lga/3750/ward/24901/pu/102892/102892-1677502244.pdf
OYO,ITESIWAJU,OTU 1,30-17-08-003,OTUN/AYANHUN O/S,237,611,TRUE,0,TRUE,FALSE,FALSE,FALSE,FALSE,0,0,0,0,https://docs.inecelectionresults.net/elections_prod/1292/state/1/lga/3750/ward/24901/pu/102893/102893-1677502569.pdf
OYO,ITESIWAJU,OTU 1,30-17-08-004,"BAPTIST SCHOOL, OTU TOWN I",281,635,TRUE,0,TRUE,FALSE,FALSE,FALSE,FALSE,0,0,0,0,https://docs.inecelectionresults.net/elections_prod/1292/state/1/lga/3750/ward/24901/pu/102894/102894-1677503648.pdf
OYO,ITESIWAJU,OTU 1,30-17-08-005,"BAPTIST SCHOOL, OTU TOWN II",226,571,TRUE,0,TRUE,FALSE,FALSE,FALSE,FALSE,0,0,0,0,https://docs.inecelectionresults.net/elections_prod/1292/state/1/lga/3750/ward/24901/pu/102895/102895-1677504387.pdf
OYO,ITESIWAJU,OTU 1,30-17-08-006,TOWN HALL OTU OPEN SPACE,179,559,TRUE,0,TRUE,FALSE,FALSE,FALSE,FALSE,0,0,0,0,https://docs.inecelectionresults.net/elections_prod/1292/state/1/lga/3750/ward/24901/pu/102896/102896-1677505020.pdf
OYO,ITESIWAJU,OTU 1,30-17-08-007,BALE AYILOLA O/S,118,351,TRUE,0,TRUE,FALSE,FALSE,FALSE,FALSE,0,0,0,0,https://docs.inecelectionresults.net/elections_prod/1292/state/1/lga/3750/ward/24901/pu/102897/102897-1677508416.pdf
OYO,ITESIWAJU,OTU 1,30-17-08-008,ALAGA/ONIROKO/APATA,270,891,TRUE,0,TRUE,FALSE,FALSE,FALSE,FALSE,0,0,0,0,https://docs.inecelectionresults.net/elections_prod/1292/state/1/lga/3750/ward/24901/pu/102898/102898-1677508749.pdf
OYO,ITESIWAJU,OTU 1,30-17-08-009,ONIJOKUN,8,201,TRUE,0,TRUE,FALSE,FALSE,FALSE,FALSE,0,0,0,0,https://docs.inecelectionresults.net/elections_prod/1292/state/1/lga/3750/ward/24901/pu/102899/102899-1677509074.pdf
OYO,ITESIWAJU,OTU II,30-17-09-001,"IBISE COMMUNITY PRIMARY SCHOOL, OTU",289,792,TRUE,0,TRUE,FALSE,FALSE,FALSE,FALSE,0,0,0,0,https://docs.inecelectionresults.net/elections_prod/1292/state/1/lga/3750/ward/24902/pu/102900/102900-1677500475.pdf
OYO,ITESIWAJU,OTU II,30-17-09-002,AROKO O/S,265,640,TRUE,0,TRUE,FALSE,FALSE,FALSE,FALSE,0,0,0,0,https://docs.inecelectionresults.net/elections_prod/1292/state/1/lga/3750/ward/24902/pu/102901/102901-1677500726.pdf
OYO,ITESIWAJU,OTU II,30-17-09-003,AKANKAN I,182,478,TRUE,0,TRUE,FALSE,FALSE,FALSE,FALSE,0,0,0,0,https://docs.inecelectionresults.net/elections_prod/1292/state/1/lga/3750/ward/24902/pu/102902/102902-1677496326.pdf
OYO,ITESIWAJU,OTU II,30-17-09-004,AKANKAN II,147,475,TRUE,0,TRUE,FALSE,FALSE,FALSE,FALSE,0,0,0,0,https://docs.inecelectionresults.net/elections_prod/1292/state/1/lga/3750/ward/24902/pu/102903/102903-1677497627.pdf
OYO,ITESIWAJU,OTU II,30-17-09-005,AJIJOBALE O/S,218,546,TRUE,0,TRUE,FALSE,FALSE,FALSE,FALSE,0,0,0,0,https://docs.inecelectionresults.net/elections_prod/1292/state/1/lga/3750/ward/24902/pu/102904/102904-1677500203.pdf
OYO,ITESIWAJU,OTU II,30-17-09-006,"IWOYE COMMUNITY PRIMARY SCHOOL, OTU I",194,545,TRUE,0,TRUE,FALSE,FALSE,FALSE,FALSE,0,0,0,0,https://docs.inecelectionresults.net/elections_prod/1292/state/1/lga/3750/ward/24902/pu/102905/102905-1677496031.pdf
OYO,ITESIWAJU,OTU II,30-17-09-007,"IWOYE COMMUNITY PRIMARY SCHOOL, OTU II",162,447,TRUE,0,TRUE,FALSE,FALSE,FALSE,FALSE,0,0,0,0,https://docs.inecelectionresults.net/elections_prod/1292/state/1/lga/3750/ward/24902/pu/102906/102906-1677498283.pdf
OYO,ITESIWAJU,OTU II,30-17-09-008,ABA PAANU,70,374,TRUE,0,TRUE,FALSE,FALSE,FALSE,FALSE,0,0,0,0,https://docs.inecelectionresults.net/elections_prod/1292/state/1/lga/3750/ward/24902/pu/102907/102907-1677498764.pdf
OYO,ITESIWAJU,OTU II,30-17-09-009,ELEEKAN VILLAGE,114,369,TRUE,0,TRUE,FALSE,FALSE,FALSE,FALSE,0,0,0,0,https://docs.inecelectionresults.net/elections_prod/1292/state/1/lga/3750/ward/24902/pu/102908/102908-1677499866.pdf
OYO,ITESIWAJU,OTU II,30-17-09-010,OKE-IYE VILLAGE,91,351,TRUE,0,TRUE,FALSE,FALSE,FALSE,FALSE,0,0,0,0,https://docs.inecelectionresults.net/elections_prod/1292/state/1/lga/3750/ward/24902/pu/102909/102909-1677499564.pdf
OYO,ITESIWAJU,OTU II,30-17-09-011,ONIYANRIN VILLAGE,63,291,TRUE,0,TRUE,FALSE,FALSE,FALSE,FALSE,0,0,0,0,https://docs.inecelectionresults.net/elections_prod/1292/state/1/lga/3750/ward/24902/pu/102910/102910-1677496727.pdf
OYO,ITESIWAJU,OWODE/IPAPO,30-17-10-007,GBONKAN VILLAGE,164,522,TRUE,0,TRUE,FALSE,FALSE,FALSE,FALSE,0,0,0,0,https://inec-cvr-cache.s3.eu-west-1.amazonaws.com/cached/results/101819/result_88909_1677536208_thumb.jpg
OYO,IWAJOWA,AGBAAKIN I,30-18-01-003,"FIRST BAPTIST SCHOOL, IGANNA",212,762,TRUE,0,TRUE,FALSE,FALSE,FALSE,FALSE,71,9,99,0,https://docs.inecelectionresults.net/elections_prod/1292/state/1/lga/3751/ward/24904/pu/102923/102923-1677592426.pdf
OYO,IWAJOWA,AGBAAKIN I,30-18-01-004,"OLONU COMPOUND, IGANNA",110,329,TRUE,0,TRUE,TRUE,FALSE,FALSE,TRUE,51,1,26,0,https://docs.inecelectionresults.net/elections_prod/1292/state/1/lga/3751/ward/24904/pu/102924/102924-1677592838.pdf
OYO,IWAJOWA,AGBAAKIN I,30-18-01-006,AGBAAKIN COMPOUND II,91,303,TRUE,0,TRUE,FALSE,FALSE,FALSE,FALSE,29,3,48,0,https://docs.inecelectionresults.net/elections_prod/1292/state/1/lga/3751/ward/24904/pu/102926/102926-1677593358.pdf
OYO,IWAJOWA,AGBAAKIN II,30-18-02-004,"ELERU VILLAGE, IGANNA",135,418,TRUE,0,TRUE,FALSE,FALSE,FALSE,FALSE,104,0,26,0,https://docs.inecelectionresults.net/elections_prod/1292/state/1/lga/3751/ward/24905/pu/102935/102935-1677602688.pdf
OYO,IWAJOWA,AGBAAKIN II,30-18-02-007,OLOMOPUPO VILLAGE,50,212,TRUE,0,TRUE,FALSE,FALSE,FALSE,FALSE,0,0,0,0,https://docs.inecelectionresults.net/elections_prod/1292/state/1/lga/3751/ward/24905/pu/102938/102938-1677604278.pdf
OYO,IWAJOWA,AGBAAKIN II,30-18-02-014,ABA ISEYIN I,10,69,TRUE,0,TRUE,FALSE,FALSE,FALSE,FALSE,0,0,0,0,https://docs.inecelectionresults.net/elections_prod/1292/state/1/lga/3751/ward/24905/pu/102945/102945-1677597504.pdf
OYO,IWAJOWA,AGBAAKIN II,30-18-02-017,OLAIYA MARKET,85,402,TRUE,0,TRUE,FALSE,FALSE,FALSE,TRUE,49,0,28,0,https://docs.inecelectionresults.net/elections_prod/1292/state/1/lga/3751/ward/24905/pu/102948/102948-1677596764.pdf
OYO,IWAJOWA,IWERE-ILE I,30-18-03-002,"MARKET SQUARE, IWERE-ILE II",198,683,TRUE,0,FALSE,FALSE,FALSE,FALSE,TRUE,91,2,55,0,https://docs.inecelectionresults.net/elections_prod/1292/state/1/lga/3751/ward/24906/pu/102950/102950-1677601920.pdf
OYO,IWAJOWA,IWERE-ILE I,30-18-03-005,"BAPTIST SCHOOL, IWERE-ILE III",137,521,TRUE,0,TRUE,FALSE,FALSE,FALSE,TRUE,50,5,39,0,https://docs.inecelectionresults.net/elections_prod/1292/state/1/lga/3751/ward/24906/pu/102953/102953-1677599675.pdf
OYO,IWAJOWA,IWERE-ILE I,30-18-03-012,OGUNGBENLE VILLAGE,43,223,TRUE,0,TRUE,FALSE,FALSE,FALSE,FALSE,0,0,0,0,https://docs.inecelectionresults.net/elections_prod/1292/state/1/lga/3751/ward/24906/pu/102960/102960-1677594608.pdf
OYO,IWAJOWA,IWERE-ILE I,30-18-03-014,EPO VILLAGE,61,410,TRUE,0,TRUE,FALSE,FALSE,FALSE,FALSE,0,0,0,0,https://docs.inecelectionresults.net/elections_prod/1292/state/1/lga/3751/ward/24906/pu/102962/102962-1677597161.pdf
OYO,IWAJOWA,IWERE-ILE II,30-18-04-002,"MARKET SQUARE, AYETORO-ILE",180,502,TRUE,0,TRUE,FALSE,FALSE,FALSE,FALSE,0,0,0,0,https://docs.inecelectionresults.net/elections_prod/1292/state/1/lga/3751/ward/24907/pu/102965/102965-1677603781.pdf
OYO,IWAJOWA,IWERE-ILE II,30-18-04-012,ABA IBADAN,30,157,TRUE,0,TRUE,FALSE,FALSE,FALSE,FALSE,0,0,0,0,https://docs.inecelectionresults.net/elections_prod/1292/state/1/lga/3751/ward/24907/pu/102975/102975-1677603928.pdf
OYO,IWAJOWA,IWERE-ILE IV,30-18-06-012,TEMIDIRE VILLAGE,131,463,TRUE,0,TRUE,FALSE,FALSE,FALSE,FALSE,0,0,0,0,https://docs.inecelectionresults.net/elections_prod/1292/state/01/lga/18/ward/06/pu/012/012-1677360727.pdf
OYO,IWAJOWA,SABI GANA I,30-18-07-002,"TOWN HALL, IGANNA",131,420,TRUE,0,TRUE,FALSE,FALSE,FALSE,FALSE,0,0,0,0,https://docs.inecelectionresults.net/elections_prod/1292/state/1/lga/3751/ward/24910/pu/102998/102998-1677593737.pdf
OYO,IWAJOWA,SABI GANA I,30-18-07-004,"LIBRARY, IGANNA II",110,316,TRUE,0,TRUE,FALSE,FALSE,FALSE,FALSE,0,0,0,0,https://docs.inecelectionresults.net/elections_prod/1292/state/01/lga/18/ward/07/pu/004/004-1677363277.pdf
OYO,IWAJOWA,SABI GANA I,30-18-07-009,HEALTH OFFICE I,68,292,TRUE,0,TRUE,FALSE,FALSE,FALSE,TRUE,44,2,9,0,https://docs.inecelectionresults.net/elections_prod/1292/state/1/lga/3751/ward/24910/pu/103005/103005-1677590322.pdf
OYO,KAJOLA,AYETORO-OKE I,30-19-01-001,BEHIND OLOGELE COMPOUND,274,753,TRUE,0,TRUE,FALSE,FALSE,FALSE,FALSE,0,0,0,0,https://docs.inecelectionresults.net/elections_prod/1292/state/01/lga/19/ward/01/pu/001/001-1677418463.pdf
OYO,KAJOLA,ELERO,30-19-02-002,OLUKOTUN/ONILU COMPOUND,190,505,TRUE,0,TRUE,FALSE,FALSE,FALSE,FALSE,0,0,0,0,https://docs.inecelectionresults.net/elections_prod/1292/state/01/lga/19/ward/02/pu/002/002-1677402373.pdf
OYO,KAJOLA,ELERO,30-19-02-005,AGBERO COMPOUND,291,729,TRUE,0,TRUE,FALSE,FALSE,FALSE,FALSE,0,0,0,0,https://docs.inecelectionresults.net/elections_prod/1292/state/01/lga/19/ward/02/pu/005/005-1677406362.pdf
OYO,KAJOLA,ELERO,30-19-03-001,"MATERNITY CENTRE, ILERO",310,913,TRUE,0,TRUE,FALSE,FALSE,FALSE,FALSE,0,0,0,0,https://docs.inecelectionresults.net/elections_prod/1292/state/01/lga/19/ward/02/pu/008/008-1677408413.pdf
OYO,KAJOLA,GBELEKALE I & II,30-19-03-012,ALOKOLOJA COMPOUND,226,444,TRUE,0,TRUE,FALSE,FALSE,FALSE,FALSE,0,0,0,0,https://docs.inecelectionresults.net/elections_prod/1292/state/1/lga/3752/ward/24916/pu/103062/103062-1677602165.pdf
OYO,KAJOLA,IBA-OGAN,30-19-04-008,OPEN SPACE BODE MARKET SQUARE,188,499,TRUE,0,TRUE,FALSE,FALSE,FALSE,FALSE,0,0,0,0,https://docs.inecelectionresults.net/elections_prod/1292/state/1/lga/3752/ward/24917/pu/103071/103071-1677672305.pdf
OYO,KAJOLA,IBA-OGAN,30-19-04-010,OPEN SPACE BESIDE ALUSEKERE,134,342,TRUE,0,TRUE,FALSE,FALSE,FALSE,FALSE,0,0,0,0,https://docs.inecelectionresults.net/elections_prod/1292/state/1/lga/3752/ward/24917/pu/103073/103073-1677608884.pdf
OYO,KAJOLA,IBA-OGAN,30-19-04-012,"COMMUNITY PRIMARY SCHOOL, BODE",168,492,TRUE,0,FALSE,FALSE,FALSE,FALSE,TRUE,72,4,75,7,https://docs.inecelectionresults.net/elections_prod/1292/state/1/lga/3752/ward/24917/pu/103075/103075-1677606064.pdf
OYO,KAJOLA,IBA-OGAN,30-19-04-015,OPEN SPACE OPPOSITE AJOGELEDE COMPOUND,110,260,TRUE,0,TRUE,FALSE,FALSE,FALSE,FALSE,0,0,0,0,https://docs.inecelectionresults.net/elections_prod/1292/state/1/lga/3752/ward/24917/pu/103078/103078-1677614418.pdf
OYO,KAJOLA,IBA-OGAN,30-19-04-017,OPEN SPACE OPPOSITE SERIKI COMPOUND,133,328,TRUE,0,TRUE,FALSE,FALSE,FALSE,FALSE,0,0,0,0,https://docs.inecelectionresults.net/elections_prod/1292/state/1/lga/3752/ward/24917/pu/103079/103079-1677618737.pdf
OYO,KAJOLA,IBA-OGAN,30-19-04-018,OKE AFOFUN AREA - NEAR MASA PETROL STATION,113,283,TRUE,0,TRUE,FALSE,FALSE,FALSE,FALSE,0,0,0,0,https://docs.inecelectionresults.net/elections_prod/1292/state/1/lga/3752/ward/24917/pu/103081/103081-1677625055.pdf
OYO,KAJOLA,IJO,30-19-05-001,"A.U.D. SCHOOL, EEYELE",291,747,TRUE,0,TRUE,FALSE,FALSE,FALSE,FALSE,0,0,0,0,https://docs.inecelectionresults.net/elections_prod/1292/state/01/lga/19/ward/05/pu/001/001-1677360932.pdf
OYO,KAJOLA,IJO,30-19-05-003,"NEAR BLACKSMITH WORKSHOP, ASIN",194,481,TRUE,0,TRUE,FALSE,FALSE,FALSE,FALSE,0,0,0,0,https://docs.inecelectionresults.net/elections_prod/1292/state/1/lga/3752/ward/24918/pu/103084/103084-1677620936.pdf
OYO,KAJOLA,IJO,30-19-05-004,"TOWN HALL, OKEHO",252,750,TRUE,0,TRUE,FALSE,FALSE,FALSE,FALSE,0,0,0,0,https://docs.inecelectionresults.net/elections_prod/1292/state/1/lga/3752/ward/24918/pu/103086/103086-1677620119.pdf
OYO,KAJOLA,IJO,30-19-05-006,SANGOTE AYETORO ROAD,140,384,TRUE,0,TRUE,FALSE,FALSE,FALSE,TRUE,90,3,44,0,https://docs.inecelectionresults.net/elections_prod/1292/state/1/lga/3752/ward/24918/pu/103088/103088-1677616213.pdf
OYO,KAJOLA,IJO,30-19-05-008,OPEN SPACE NEAR CO-OPERATIVE BANK,230,634,TRUE,0,TRUE,FALSE,FALSE,FALSE,FALSE,0,0,0,0,https://docs.inecelectionresults.net/elections_prod/1292/state/1/lga/3752/ward/24918/pu/103090/103090-1677613608.pdf
OYO,KAJOLA,IJO,30-19-05-009,OPEN SPACE JAGUNCOMPOUND,222,624,TRUE,0,TRUE,FALSE,FALSE,FALSE,FALSE,0,0,0,0,https://docs.inecelectionresults.net/elections_prod/1292/state/01/lga/19/ward/05/pu/009/009-1677361660.pdf
OYO,KAJOLA,ILAJI OKE/IWERE-OKE,30-19-06-006,TOWN HALL IWERE-OKE,216,510,TRUE,0,TRUE,FALSE,FALSE,FALSE,FALSE,0,0,0,0,https://docs.inecelectionresults.net/elections_prod/1292/state/1/lga/3752/ward/24919/pu/103097/103097-1677678623.pdf
OYO,KAJOLA,IMOBA/OKE-OGUN,30-19-07-001,OLOGBIN OKE-OGUN,273,734,TRUE,0,TRUE,FALSE,FALSE,FALSE,FALSE,0,0,0,0,https://docs.inecelectionresults.net/elections_prod/1292/state/01/lga/19/ward/07/pu/001/001-1677424889.pdf
OYO,KAJOLA,IMOBA/OKE-OGUN,30-19-07-003,"L.A. SCHOOL, ALAAPA",225,638,TRUE,0,TRUE,FALSE,FALSE,FALSE,FALSE,0,0,0,0,https://docs.inecelectionresults.net/elections_prod/1292/state/01/lga/19/ward/07/pu/003/003-1677428160.pdf
OYO,KAJOLA,IMOBA/OKE-OGUN,30-19-07-005,"OPEN SPACE ALAGBEDE, ISEMI",259,742,TRUE,0,TRUE,FALSE,FALSE,FALSE,FALSE,0,0,0,0,https://docs.inecelectionresults.net/elections_prod/1292/state/01/lga/19/ward/07/pu/005/005-1677367477.pdf
OYO,KAJOLA,IMOBA/OKE-OGUN,30-19-07-008,"OPEN SPACE, ALAGBEDE COMPOUND, OKE-OGUN",276,821,TRUE,0,TRUE,FALSE,FALSE,FALSE,FALSE,0,0,0,0,https://docs.inecelectionresults.net/elections_prod/1292/state/01/lga/19/ward/07/pu/008/008-1677427116.pdf
OYO,KAJOLA,ISEMI-ILE/IMIA/ILUA,30-19-08-001,"BESIDE ABALETU COMPOUND, OKE AGO",174,414,TRUE,0,TRUE,FALSE,FALSE,FALSE,TRUE,93,4,64,0,https://inec-cvr-cache.s3.eu-west-1.amazonaws.com/cached/results/102010/result_89109_1677580023_thumb.jpg
OYO,KAJOLA,ISEMI-ILE/IMIA/ILUA,30-19-08-008,"A.U.D. PRIMARY SCHOOL, IMIA II",103,298,TRUE,0,TRUE,FALSE,FALSE,FALSE,FALSE,0,0,0,0,https://inec-cvr-cache.s3.eu-west-1.amazonaws.com/cached/results/102017/result_89116_1677580994_thumb.jpg
OYO,KAJOLA,ISIA,30-19-09-004,REST HOUSE JUNCTION,0,856,TRUE,0,TRUE,FALSE,FALSE,FALSE,FALSE,0,0,0,0,https://docs.inecelectionresults.net/elections_prod/1292/state/01/lga/19/ward/09/pu/004/004-1677405227.pdf
OYO,KAJOLA,ISIA,30-19-09-005,REST HOUSE JUNCTION,0,856,TRUE,0,TRUE,FALSE,FALSE,FALSE,FALSE,0,0,0,0,https://docs.inecelectionresults.net/elections_prod/1292/state/01/lga/19/ward/09/pu/004/004-1677405227.pdf
OYO,KAJOLA,KAJOLA,30-19-10-002,DALEMO COMPOUND,267,609,TRUE,0,TRUE,FALSE,FALSE,FALSE,FALSE,0,0,0,0,https://docs.inecelectionresults.net/elections_prod/1292/state/01/lga/19/ward/10/pu/002/002-1677389213.pdf
OYO,KAJOLA,OLELE,30-19-11-002,"OPEN SPACE, BEKAILA AROROLO",196,464,TRUE,0,TRUE,FALSE,FALSE,FALSE,FALSE,0,0,0,0,https://docs.inecelectionresults.net/elections_prod/1292/state/01/lga/19/ward/11/pu/002/002-1677403868.pdf
OYO,KAJOLA,OLELE,30-19-11-009,OPEN SPACE BESIDE AJANA COMPOUND,175,508,TRUE,0,TRUE,FALSE,FALSE,FALSE,FALSE,0,0,0,0,https://docs.inecelectionresults.net/elections_prod/1292/state/01/lga/19/ward/11/pu/009/009-1677398475.pdf
OYO,KAJOLA,OLELE,30-19-11-011,"OPEN SPACE M.T.D., OLELE",149,474,TRUE,0,FALSE,FALSE,FALSE,FALSE,TRUE,83,13,45,0,https://docs.inecelectionresults.net/elections_prod/1292/state/01/lga/19/ward/11/pu/011/011-1677411120.pdf
OYO,LAGELU,AJARA/OPEODU,30-20-01-004,OJU-IRIN ONIKOKORO I,270,1047,TRUE,0,TRUE,FALSE,FALSE,FALSE,TRUE,35,2,11,0,https://docs.inecelectionresults.net/elections_prod/1292/state/01/lga/20/ward/01/pu/004/004-1677405061.pdf
OYO,LAGELU,ARULOGUN EHIN/KELEBE,30-20-03-002,"I.D.C. SCHOOL, EKERIN-OFIJANRAN",49,1060,TRUE,0,TRUE,FALSE,FALSE,FALSE,FALSE,0,0,0,0,https://docs.inecelectionresults.net/elections_prod/1292/state/01/lga/20/ward/03/pu/002/002-1677387536.pdf
OYO,LAGELU,ARULOGUN EHIN/KELEBE,30-20-03-004,"METHODIST PRIMARY SCHOOL, KELEBE",166,1026,TRUE,0,TRUE,FALSE,FALSE,FALSE,TRUE,115,5,29,0,https://docs.inecelectionresults.net/elections_prod/1292/state/01/lga/20/ward/03/pu/004/004-1677385485.pdf
OYO,LAGELU,EJIOKU/IGBON/ARIKU,30-20-04-008,"ST. PAUL'S SCHOOL, ELEGBAADA",49,277,TRUE,0,TRUE,FALSE,FALSE,FALSE,FALSE,0,0,0,0,https://docs.inecelectionresults.net/elections_prod/1292/state/01/lga/20/ward/04/pu/008/008-1677386682.pdf
OYO,LAGELU,EJIOKU/IGBON/ARIKU,30-20-04-009,OLUWO VILLAGE,63,313,TRUE,0,TRUE,FALSE,FALSE,FALSE,FALSE,42,1,10,0,https://docs.inecelectionresults.net/elections_prod/1292/state/01/lga/20/ward/04/pu/009/009-1677384344.pdf
OYO,LAGELU,LAGELU MARKET/KAJOLA/GBENA,30-20-05-003,"OPEN SPACE, TEXACO",176,750,TRUE,0,TRUE,FALSE,FALSE,FALSE,FALSE,0,0,0,0,https://docs.inecelectionresults.net/elections_prod/1292/state/01/lga/20/ward/05/pu/003/003-1677387202.pdf
OYO,LAGELU,LAGUN,30-20-06-007,OYEWOLA VILLAGE,93,401,TRUE,0,TRUE,FALSE,FALSE,FALSE,FALSE,0,0,0,0,https://docs.inecelectionresults.net/elections_prod/1292/state/01/lga/20/ward/06/pu/007/007-1677384523.pdf
OYO,LAGELU,LALUPON I,30-20-07-003,"ISALE OSUN, LALUPON",165,1461,TRUE,0,TRUE,FALSE,FALSE,FALSE,FALSE,119,6,21,0,https://docs.inecelectionresults.net/elections_prod/1292/state/01/lga/20/ward/07/pu/003/003-1677396872.pdf
OYO,LAGELU,LALUPON II,30-20-08-002,"COURT HALL, LALUPON",116,891,TRUE,0,TRUE,FALSE,FALSE,FALSE,FALSE,0,0,0,0,https://inec-cvr-cache.s3.eu-west-1.amazonaws.com/cached/results/102132/result_89317_1677618053_thumb.jpg
OYO,LAGELU,LALUPON III,30-20-09-003,"ILE ERIN-NGBORO, LALUPON",102,702,TRUE,0,TRUE,FALSE,FALSE,FALSE,FALSE,0,0,0,0,https://docs.inecelectionresults.net/elections_prod/1292/state/01/lga/20/ward/09/pu/003/003-1677381119.pdf
OYO,LAGELU,OFA-IGBO,30-20-10-003,"ST. JOHN'S PRIMARY SCHOOL, ABA-OJE",88,347,TRUE,0,TRUE,FALSE,FALSE,FALSE,FALSE,0,0,0,0,https://docs.inecelectionresults.net/elections_prod/1292/state/01/lga/20/ward/10/pu/003/003-1677387831.pdf
OYO,LAGELU,OFA-IGBO,30-20-10-005,"ISLAMIC PRIMARY SCHOOL, ADEDOKUN",92,520,TRUE,0,TRUE,FALSE,FALSE,FALSE,FALSE,0,0,0,0,https://docs.inecelectionresults.net/elections_prod/1292/state/01/lga/20/ward/10/pu/005/005-1677386192.pdf
OYO,LAGELU,OFA-IGBO,30-20-10-006,"ST. AUGUSTINE PRIMARY SCHOOL, AKINSAWE",152,916,TRUE,0,TRUE,FALSE,FALSE,FALSE,FALSE,0,0,0,0,https://docs.inecelectionresults.net/elections_prod/1292/state/01/lga/20/ward/10/pu/006/006-1677385208.pdf
OYO,LAGELU,OFA-IGBO,30-20-10-009,AYETORO VILLAGE,69,401,TRUE,0,TRUE,FALSE,FALSE,FALSE,FALSE,0,0,0,0,https://docs.inecelectionresults.net/elections_prod/1292/state/01/lga/20/ward/10/pu/009/009-1677388679.pdf
OYO,LAGELU,OGUNREMI/OGUNSINA,30-20-12-001,OGUNREMI VILLAGE,151,726,TRUE,0,TRUE,FALSE,FALSE,FALSE,TRUE,58,12,72,1,https://docs.inecelectionresults.net/elections_prod/1292/state/01/lga/20/ward/12/pu/001/001-1677378243.pdf
OYO,LAGELU,OYEDEJI/OLODE/KUTAYI,30-20-13-005,KUTAYI VILLAGE,105,597,TRUE,0,TRUE,FALSE,FALSE,FALSE,FALSE,0,0,0,0,https://docs.inecelectionresults.net/elections_prod/1292/state/01/lga/20/ward/13/pu/005/005-1677383878.pdf
OYO,OGBOMOSO NORTH,ABOGUNDE,30-21-01-006,OJUDE ATUNLAKATE BAAKI AREA,194,750,TRUE,0,TRUE,FALSE,FALSE,FALSE,FALSE,119,40,1,37,https://inec-cvr-cache.s3.eu-west-1.amazonaws.com/cached/results/102192/result_89395_1677603669_thumb.jpg
OYO,OGBOMOSO NORTH,ABOGUNDE,30-21-01-007,ABORA D.C. SCHOOL I,146,797,TRUE,0,TRUE,FALSE,FALSE,FALSE,FALSE,66,51,50,0,https://inec-cvr-cache.s3.eu-west-1.amazonaws.com/cached/results/102193/result_89396_1677604022_thumb.jpg
OYO,OGBOMOSO NORTH,ABOGUNDE,30-21-01-008,ABORA D.C. SCHOOL II,191,864,TRUE,0,TRUE,FALSE,FALSE,FALSE,FALSE,0,0,0,0,https://inec-cvr-cache.s3.eu-west-1.amazonaws.com/cached/results/102194/result_89397_1677604056_thumb.jpg
OYO,OGBOMOSO NORTH,ABOGUNDE,30-21-01-009,"OJUDE OLORUNLA, ABOGUNDE",188,794,TRUE,0,TRUE,TRUE,FALSE,FALSE,FALSE,140,55,44,0,https://inec-cvr-cache.s3.eu-west-1.amazonaws.com/cached/results/102195/result_89398_1677604410_thumb.jpg
OYO,OGBOMOSO NORTH,AAJE/OGUNBADO,30-21-02-005,ILE AJO TAILOR I,79,369,TRUE,0,TRUE,FALSE,FALSE,FALSE,FALSE,41,13,18,0,https://inec-cvr-cache.s3.eu-west-1.amazonaws.com/cached/results/102201/result_89408_1677659001_thumb.jpg
OYO,OGBOMOSO NORTH,AAJE/OGUNBADO,30-21-02-006,ILE AJO TAILOR II,75,358,TRUE,0,TRUE,FALSE,FALSE,FALSE,FALSE,0,0,0,0,https://inec-cvr-cache.s3.eu-west-1.amazonaws.com/cached/results/102202/result_89409_1677659116_thumb.jpg
OYO,OGBOMOSO NORTH,AGUODO/ MASIFA,30-21-03-006,"EMMANUEL BAPTIST SCHOOL, OKE-ADO II",140,435,TRUE,0,TRUE,FALSE,FALSE,FALSE,FALSE,0,0,0,0,https://docs.inecelectionresults.net/elections_prod/1292/state/01/lga/21/ward/03/pu/006/006-1677400224.pdf
OYO,OGBOMOSO NORTH,AGUODO/ MASIFA,30-21-03-009,OJUDE BAALE ISEGUN,173,821,TRUE,0,TRUE,FALSE,FALSE,FALSE,FALSE,0,0,0,0,https://docs.inecelectionresults.net/elections_prod/1292/state/1/lga/3754/ward/24941/pu/103315/103315-1677568668.pdf
OYO,OGBOMOSO NORTH,AGUODO/ MASIFA,30-21-03-013,GAA AJORO/NURUDEEN PRIMARY SCHOOL I,229,750,TRUE,0,TRUE,FALSE,FALSE,FALSE,TRUE,86,82,47,1,https://docs.inecelectionresults.net/elections_prod/1292/state/1/lga/3754/ward/24941/pu/103319/103319-1677569689.pdf
OYO,OGBOMOSO NORTH,AGUODO/ MASIFA,30-21-03-014,GAA AJORO/NURUDEEN PRIMARY SCHOOL II,188,922,TRUE,0,TRUE,FALSE,FALSE,FALSE,FALSE,0,0,0,0,https://docs.inecelectionresults.net/elections_prod/1292/state/01/lga/21/ward/03/pu/014/014-1677375428.pdf
OYO,OGBOMOSO NORTH,AGUODO/ MASIFA,30-21-03-024,OKE-ADO OLOGIDI/MASIFA BAPTIST PRIMARY SCHOOL II,86,458,TRUE,0,TRUE,FALSE,FALSE,FALSE,FALSE,0,0,0,0,https://docs.inecelectionresults.net/elections_prod/1292/state/1/lga/3754/ward/24941/pu/103330/103330-1677518844.pdf
OYO,OGBOMOSO NORTH,AGUODO/ MASIFA,30-21-03-025,STADIUM ROAD I,285,1042,TRUE,0,TRUE,FALSE,FALSE,FALSE,FALSE,0,0,0,0,https://docs.inecelectionresults.net/elections_prod/1292/state/1/lga/3754/ward/24941/pu/103331/103331-1677518515.pdf
OYO,OGBOMOSO NORTH,AGUODO/ MASIFA,30-21-03-027,STADIUM ROAD III,180,718,TRUE,0,TRUE,FALSE,FALSE,FALSE,FALSE,841,16,15,911,https://docs.inecelectionresults.net/elections_prod/1292/state/1/lga/3754/ward/24941/pu/103333/103333-1677517462.pdf
OYO,OGBOMOSO NORTH,ISALE AFON,30-21-04-001,ILE AJO ISALE AFON I,180,529,TRUE,0,TRUE,FALSE,FALSE,FALSE,FALSE,0,0,0,0,https://docs.inecelectionresults.net/elections_prod/1292/state/1/lga/3754/ward/24942/pu/103334/103334-1677502900.pdf
OYO,OGBOMOSO NORTH,ISALE AFON,30-21-04-002,ILE AJO ISALE AFON II,174,546,TRUE,0,TRUE,FALSE,FALSE,FALSE,FALSE,75,31,49,3,https://docs.inecelectionresults.net/elections_prod/1292/state/1/lga/3754/ward/24942/pu/103335/103335-1677503482.pdf
OYO,OGBOMOSO NORTH,ISALE AFON,30-21-04-003,MATERNITY ISALE AFON,105,442,TRUE,0,TRUE,FALSE,FALSE,FALSE,TRUE,65,9,25,0,https://docs.inecelectionresults.net/elections_prod/1292/state/1/lga/3754/ward/24942/pu/103336/103336-1677504016.pdf
OYO,OGBOMOSO NORTH,ISALE AFON,30-21-04-007,OJUDE OLODE POSTAL AGENCY I,187,566,TRUE,0,TRUE,FALSE,FALSE,FALSE,TRUE,78,18,62,0,https://docs.inecelectionresults.net/elections_prod/1292/state/1/lga/3754/ward/24942/pu/103340/103340-1677506404.pdf
OYO,OGBOMOSO NORTH,ISALE AFON,30-21-04-013,"OJUDE FEDEGBO, ISALE AFON I",178,480,TRUE,0,TRUE,TRUE,FALSE,FALSE,TRUE,93,13,48,0,https://docs.inecelectionresults.net/elections_prod/1292/state/1/lga/3754/ward/24942/pu/103346/103346-1677508586.pdf
OYO,OGBOMOSO NORTH,ISALE ALAASA,30-21-05-011,OJUDE ELEBU II,66,153,TRUE,0,TRUE,FALSE,FALSE,FALSE,TRUE,50,1,7,0,https://docs.inecelectionresults.net/elections_prod/1292/state/1/lga/3754/ward/24943/pu/103358/103358-1677509975.pdf
OYO,OGBOMOSO NORTH,ISALE ORA/SAJA,30-21-06-004,OJUDE BAALE ISALE ORA/OGUNRONBI/POSTAL AGENCY I,289,1215,TRUE,0,TRUE,FALSE,FALSE,FALSE,FALSE,0,0,0,0,https://docs.inecelectionresults.net/elections_prod/1292/state/1/lga/3754/ward/24944/pu/103363/103363-1677502858.pdf
OYO,OGBOMOSO NORTH,JAGUN,30-21-07-008,OJUDE ROTI,177,501,TRUE,0,TRUE,FALSE,FALSE,FALSE,FALSE,0,0,0,0,https://docs.inecelectionresults.net/elections_prod/1292/state/01/lga/21/ward/07/pu/008/008-1677402129.pdf
OYO,OGBOMOSO NORTH,OKELERIN,30-21-08-005,OJUDE IPAKO I,173,514,TRUE,0,TRUE,FALSE,FALSE,FALSE,FALSE,0,0,0,0,https://inec-cvr-cache.s3.eu-west-1.amazonaws.com/cached/results/102289/result_89518_1677606753_thumb.jpg
OYO,OGBOMOSO NORTH,OKELERIN,30-21-08-009,OJUDE ARE AGO I,145,470,TRUE,0,TRUE,FALSE,FALSE,FALSE,FALSE,87,16,23,0,https://inec-cvr-cache.s3.eu-west-1.amazonaws.com/cached/results/102293/result_89522_1677606381_thumb.jpg
OYO,OGBOMOSO NORTH,OKELERIN,30-21-08-012,EBENEZER BAPTIST PRIMARY SCHOOL II,175,513,TRUE,0,TRUE,FALSE,FALSE,FALSE,FALSE,0,0,0,0,https://inec-cvr-cache.s3.eu-west-1.amazonaws.com/cached/results/102296/result_89525_1677606083_thumb.jpg
OYO,OGBOMOSO NORTH,SABO/TARA,30-21-10-004,OJUDE ILE ONIGBINDE II,151,450,TRUE,0,TRUE,TRUE,FALSE,FALSE,FALSE,80,29,15,5,https://inec-cvr-cache.s3.eu-west-1.amazonaws.com/cached/results/102320/result_89557_1677607504_thumb.jpg
OYO,OGBOMOSO NORTH,SABO/TARA,30-21-10-006,OJUDE ALAPA LOCAL GOVERNMENT DISPENSARY I,243,626,TRUE,0,TRUE,FALSE,FALSE,FALSE,FALSE,0,0,0,0,https://inec-cvr-cache.s3.eu-west-1.amazonaws.com/cached/results/102322/result_89559_1677607645_thumb.jpg
OYO,OGBOMOSO NORTH,SABO/TARA,30-21-10-016,OJUDE OBA SABO I,206,762,TRUE,0,TRUE,FALSE,FALSE,FALSE,FALSE,79,19,20,7,https://inec-cvr-cache.s3.eu-west-1.amazonaws.com/cached/results/102332/result_89569_1677608527_thumb.jpg
OYO,OGBOMOSO NORTH,SABO/TARA,30-21-10-017,OJUDE OBA SABO II,145,545,TRUE,0,TRUE,FALSE,FALSE,FALSE,FALSE,0,0,0,0,https://inec-cvr-cache.s3.eu-west-1.amazonaws.com/cached/results/102333/result_89570_1677608638_thumb.jpg
OYO,OGBOMOSO SOUTH,AKATA,30-22-01-001,ODE ALAKASU I,167,689,TRUE,0,TRUE,FALSE,FALSE,FALSE,TRUE,19,6,19,0,https://docs.inecelectionresults.net/elections_prod/1292/state/1/lga/3755/ward/24949/pu/103435/103435-1677625132.pdf
OYO,OGBOMOSO SOUTH,AKATA,30-22-01-003,ODE ONIYO I,120,334,TRUE,0,TRUE,TRUE,FALSE,FALSE,FALSE,52,1,45,1,https://docs.inecelectionresults.net/elections_prod/1292/state/1/lga/3755/ward/24949/pu/103437/103437-1677454859.pdf
OYO,OGBOMOSO SOUTH,AKATA,30-22-01-006,ODE DAODU II,110,483,TRUE,0,TRUE,FALSE,FALSE,FALSE,TRUE,44,13,19,0,https://docs.inecelectionresults.net/elections_prod/1292/state/1/lga/3755/ward/24949/pu/103440/103440-1677618517.pdf
OYO,OGBOMOSO SOUTH,AKATA,30-22-01-012,ODE ONIDEURE II,85,474,TRUE,0,TRUE,FALSE,FALSE,FALSE,FALSE,49,21,41,0,https://docs.inecelectionresults.net/elections_prod/1292/state/1/lga/3755/ward/24949/pu/103444/103444-1677621464.pdf
OYO,OGBOMOSO SOUTH,ALAPATA,30-22-02-010,OLOPEMARUN PRIMARYSCHOOL IV,163,544,TRUE,0,TRUE,FALSE,FALSE,FALSE,FALSE,0,0,0,0,https://docs.inecelectionresults.net/elections_prod/1292/state/1/lga/3755/ward/24950/pu/103462/103462-1677691961.pdf
OYO,OGBOMOSO SOUTH,ALAPATA,30-22-02-012,KAJOLA AREA II,253,851,TRUE,0,TRUE,FALSE,FALSE,FALSE,FALSE,0,0,0,0,https://docs.inecelectionresults.net/elections_prod/1292/state/1/lga/3755/ward/24950/pu/103464/103464-1677692967.pdf
OYO,OGBOMOSO SOUTH,ALAPATA,30-22-02-018,CO-OPERATIVE/OLOGBON II,121,698,TRUE,0,TRUE,FALSE,FALSE,FALSE,FALSE,0,0,0,0,https://docs.inecelectionresults.net/elections_prod/1292/state/1/lga/3755/ward/24950/pu/103470/103470-1677693344.pdf
OYO,OGBOMOSO SOUTH,IBAPON,30-22-04-004,ODO KOTO II,236,797,TRUE,0,TRUE,FALSE,FALSE,FALSE,FALSE,0,0,0,0,https://docs.inecelectionresults.net/elections_prod/1292/state/1/lga/3755/ward/24952/pu/103490/103490-1677581960.pdf
OYO,OGBOMOSO SOUTH,IBAPON,30-22-04-015,LOW COST,467,1400,TRUE,0,TRUE,FALSE,FALSE,FALSE,FALSE,0,0,0,0,https://docs.inecelectionresults.net/elections_prod/1292/state/1/lga/3755/ward/24952/pu/103501/103501-1677504487.pdf
OYO,OGBOMOSO SOUTH,IJERU II,30-22-06-001,ODE ALAGADANGBA I,55,233,TRUE,0,TRUE,FALSE,FALSE,FALSE,FALSE,0,0,0,0,https://docs.inecelectionresults.net/elections_prod/1292/state/1/lga/3755/ward/24954/pu/103527/103527-1677711485.pdf
OYO,OGBOMOSO SOUTH,IJERU II,30-22-06-007,ODE ABO II,115,360,TRUE,0,TRUE,FALSE,FALSE,FALSE,FALSE,0,0,0,0,https://docs.inecelectionresults.net/elections_prod/1292/state/1/lga/3755/ward/24954/pu/103533/103533-1677712624.pdf
OYO,OGBOMOSO SOUTH,IJERU II,30-22-06-009,ODE AIREKE I,82,433,TRUE,0,TRUE,FALSE,FALSE,FALSE,FALSE,0,0,0,0,https://docs.inecelectionresults.net/elections_prod/1292/state/1/lga/3755/ward/24954/pu/103535/103535-1677712935.pdf
OYO,OGBOMOSO SOUTH,IJERU II,30-22-06-010,ODE AIREKE II,89,426,TRUE,0,TRUE,FALSE,FALSE,FALSE,TRUE,0,0,0,0,https://docs.inecelectionresults.net/elections_prod/1292/state/1/lga/3755/ward/24954/pu/103536/103536-1677713061.pdf
OYO,OGBOMOSO SOUTH,IJERU II,30-22-06-011,ODE AIREKE III,112,450,TRUE,0,TRUE,FALSE,FALSE,FALSE,FALSE,0,0,0,0,https://docs.inecelectionresults.net/elections_prod/1292/state/1/lga/3755/ward/24954/pu/103537/103537-1677713258.pdf
OYO,OGBOMOSO SOUTH,ILOGBO,30-22-07-004,ODE OLOPETE I,79,325,TRUE,0,TRUE,FALSE,FALSE,FALSE,FALSE,53,2,15,1,https://docs.inecelectionresults.net/elections_prod/1292/state/01/lga/22/ward/07/pu/004/004-1677396209.pdf
OYO,OGBOMOSO SOUTH,ILOGBO,30-22-07-005,ODE OLOPETE II,106,504,TRUE,0,TRUE,FALSE,FALSE,FALSE,FALSE,0,0,0,0,https://docs.inecelectionresults.net/elections_prod/1292/state/01/lga/22/ward/07/pu/005/005-1677428573.pdf
OYO,OGBOMOSO SOUTH,ILOGBO,30-22-08-001,CUSTOMARY COURT V,129,451,TRUE,0,TRUE,FALSE,FALSE,FALSE,FALSE,0,0,0,0,https://inec-cvr-cache.s3.eu-west-1.amazonaws.com/cached/results/102454/result_89717_1677688521_thumb.jpg
OYO,OGBOMOSO SOUTH,ISOKO,30-22-08-005,OJU OJA AKUNKO III,62,436,TRUE,0,TRUE,FALSE,FALSE,FALSE,FALSE,0,0,0,0,https://docs.inecelectionresults.net/elections_prod/1292/state/1/lga/3755/ward/24956/pu/103557/103557-1677771536.pdf
OYO,OGBOMOSO SOUTH,ISOKO,30-22-08-006,ODE OGURO AROJO I,127,487,TRUE,0,TRUE,TRUE,FALSE,FALSE,TRUE,59,18,52,0,https://docs.inecelectionresults.net/elections_prod/1292/state/1/lga/3755/ward/24956/pu/103558/103558-1677773130.pdf
OYO,OGBOMOSO SOUTH,ISOKO,30-22-08-008,ODE OGURO ONIDA I,155,524,TRUE,0,TRUE,FALSE,FALSE,FALSE,FALSE,0,0,0,0,https://docs.inecelectionresults.net/elections_prod/1292/state/1/lga/3755/ward/24956/pu/103560/103560-1677774362.pdf
OYO,OGBOMOSO SOUTH,ISOKO,30-22-08-014,OJUDE OLOTA AKUNKO,110,436,TRUE,0,TRUE,FALSE,FALSE,FALSE,FALSE,0,0,0,0,https://docs.inecelectionresults.net/elections_prod/1292/state/1/lga/3755/ward/24956/pu/103566/103566-1677776687.pdf
OYO,OGBOMOSO SOUTH,OKE-OLA/FARM SETTLEMENT,30-22-10-002,ODE LAFINHAN II,152,505,TRUE,0,TRUE,FALSE,FALSE,FALSE,FALSE,66,22,43,0,https://docs.inecelectionresults.net/elections_prod/1292/state/1/lga/3755/ward/24958/pu/103583/103583-1677527973.pdf
OYO,OGBOMOSO SOUTH,OKE-OLA/FARM SETTLEMENT,30-22-10-004,OWOLAAKE,285,750,TRUE,0,TRUE,FALSE,FALSE,FALSE,FALSE,0,0,0,0,https://docs.inecelectionresults.net/elections_prod/1292/state/1/lga/3755/ward/24958/pu/103585/103585-1677577352.pdf
OYO,OGBOMOSO SOUTH,OKE-OLA/FARM SETTLEMENT,30-22-10-005,ODE OTUN I,127,490,TRUE,0,TRUE,FALSE,FALSE,FALSE,TRUE,62,12,27,0,https://docs.inecelectionresults.net/elections_prod/1292/state/1/lga/3755/ward/24958/pu/103586/103586-1677541678.pdf
OYO,OGBOMOSO SOUTH,OKE-OLA/FARM SETTLEMENT,30-22-10-006,ODE OTUN II,88,495,TRUE,0,TRUE,FALSE,FALSE,FALSE,FALSE,0,0,0,0,https://docs.inecelectionresults.net/elections_prod/1292/state/1/lga/3755/ward/24958/pu/103587/103587-1677541878.pdf
OYO,OGBOMOSO SOUTH,OKE-OLA/FARM SETTLEMENT,30-22-10-010,ODE ADEOGUN II,119,667,TRUE,0,TRUE,FALSE,FALSE,FALSE,FALSE,37,27,26,2,https://docs.inecelectionresults.net/elections_prod/1292/state/1/lga/3755/ward/24958/pu/103591/103591-1677542989.pdf
OYO,OGO-OLUWA,AJAAWA I,30-23-01-001,"BAPTIST PRIMARY SCHOOL, AJAAWA I",258,744,TRUE,0,TRUE,FALSE,FALSE,FALSE,FALSE,77,36,51,13,https://docs.inecelectionresults.net/elections_prod/1292/state/01/lga/23/ward/01/pu/001/001-1677365482.pdf
OYO,OGO-OLUWA,AJAAWA I,30-23-01-002,"BAPTIST PRIMARY SCHOOL, AJAAWA II",234,747,TRUE,0,TRUE,FALSE,FALSE,FALSE,FALSE,0,0,0,0,https://docs.inecelectionresults.net/elections_prod/1292/state/01/lga/23/ward/01/pu/002/002-1677363021.pdf
OYO,OGO-OLUWA,AJAAWA I,30-23-01-004,ODE BALOGUN II,220,610,TRUE,0,TRUE,FALSE,FALSE,FALSE,FALSE,0,0,0,0,https://docs.inecelectionresults.net/elections_prod/1292/state/1/lga/3756/ward/24959/pu/103598/103598-1677592775.pdf
OYO,OGO-OLUWA,AJAAWA I,30-23-01-007,OKE OLA AREA I,248,573,TRUE,0,TRUE,FALSE,FALSE,FALSE,FALSE,0,0,0,0,https://docs.inecelectionresults.net/elections_prod/1292/state/01/lga/23/ward/01/pu/007/007-1677362882.pdf
OYO,OGO-OLUWA,AJAAWA I,30-23-01-008,OKE OLA AREA II,288,597,TRUE,0,TRUE,FALSE,FALSE,FALSE,FALSE,0,0,0,0,https://docs.inecelectionresults.net/elections_prod/1292/state/01/lga/23/ward/01/pu/008/008-1677361277.pdf
OYO,OGO-OLUWA,AJAAWA I,30-23-01-009,ODE ALARO AREA,148,404,TRUE,0,TRUE,FALSE,FALSE,FALSE,FALSE,0,0,0,0,https://docs.inecelectionresults.net/elections_prod/1292/state/01/lga/23/ward/01/pu/009/009-1677366237.pdf
OYO,OGO-OLUWA,AJAAWA I,30-23-01-011,IDI ORI AKINWANDE,191,369,TRUE,0,TRUE,FALSE,FALSE,FALSE,FALSE,0,0,0,0,https://docs.inecelectionresults.net/elections_prod/1292/state/01/lga/23/ward/01/pu/011/011-1677365855.pdf
OYO,OGO-OLUWA,AJAAWA I,30-23-01-013,AGBEJA/AROYA PRIMARY SCHOOL,62,177,TRUE,0,TRUE,FALSE,FALSE,FALSE,FALSE,0,0,0,0,https://docs.inecelectionresults.net/elections_prod/1292/state/01/lga/23/ward/01/pu/013/013-1677373496.pdf
OYO,OGO-OLUWA,AJAAWA II,30-23-02-001,"D.C. SCHOOL, OJUTAYE",286,639,TRUE,0,TRUE,FALSE,FALSE,FALSE,FALSE,110,56,67,16,https://docs.inecelectionresults.net/elections_prod/1292/state/1/lga/3756/ward/24960/pu/103608/103608-1677660353.pdf
OYO,OGO-OLUWA,AJAAWA II,30-23-02-004,"BAPTIST PRIMARY SCHOOL, LADANU",289,729,TRUE,0,FALSE,FALSE,FALSE,FALSE,FALSE,65,32,139,2,https://docs.inecelectionresults.net/elections_prod/1292/state/1/lga/3756/ward/24960/pu/103611/103611-1677662132.pdf
OYO,OGO-OLUWA,AYEDE,30-23-03-001,"D.C. SCHOOL, AYEDE I",83,294,TRUE,0,TRUE,FALSE,FALSE,FALSE,FALSE,0,0,0,0,https://docs.inecelectionresults.net/elections_prod/1292/state/01/lga/23/ward/03/pu/001/001-1677363245.pdf
OYO,OGO-OLUWA,AYEDE,30-23-03-005,ALAWUSA OLOYE PRIMARY SCHOOL II,135,395,TRUE,0,TRUE,FALSE,FALSE,FALSE,FALSE,48,27,25,20,https://docs.inecelectionresults.net/elections_prod/1292/state/01/lga/23/ward/03/pu/005/005-1677364210.pdf
OYO,OGO-OLUWA,IDEWURE,30-23-05-002,"POSTAL AGENCY, IDEWURE I",266,678,TRUE,0,TRUE,FALSE,FALSE,FALSE,FALSE,0,0,0,0,https://docs.inecelectionresults.net/elections_prod/1292/state/01/lga/23/ward/05/pu/002/002-1677374921.pdf
OYO,OGO-OLUWA,IDEWURE,30-23-05-006,AJELANWA VILLAGE,147,298,TRUE,0,TRUE,FALSE,FALSE,FALSE,FALSE,72,13,52,0,https://docs.inecelectionresults.net/elections_prod/1292/state/01/lga/23/ward/05/pu/006/006-1677373587.pdf
OYO,OGO-OLUWA,LAGBEDU,30-23-06-004,LAGBEDU TOWNSHIP I,132,414,TRUE,0,TRUE,FALSE,FALSE,FALSE,FALSE,0,0,0,0,https://docs.inecelectionresults.net/elections_prod/1292/state/01/lga/23/ward/06/pu/004/004-1677365922.pdf
OYO,OGO-OLUWA,OPETE,30-23-09-001,"D.C. SCHOOL, OPETE",196,715,TRUE,0,FALSE,FALSE,FALSE,FALSE,TRUE,81,36,55,10,https://inec-cvr-cache.s3.eu-west-1.amazonaws.com/cached/results/102561/result_89833_1677507222_thumb.jpg
OYO,OGO-OLUWA,OPETE,30-23-09-002,"D.C. SCHOOL, IDI-ARABA",268,723,TRUE,0,TRUE,FALSE,FALSE,FALSE,FALSE,0,0,0,0,https://inec-cvr-cache.s3.eu-west-1.amazonaws.com/cached/results/102562/result_89834_1677507330_thumb.jpg
OYO,OGO-OLUWA,OPETE,30-23-09-004,AYEGUN YEMETU PRIMARY SCHOOL,173,500,TRUE,0,TRUE,FALSE,FALSE,FALSE,FALSE,0,0,0,0,https://inec-cvr-cache.s3.eu-west-1.amazonaws.com/cached/results/102564/result_89836_1677508862_thumb.jpg
OYO,OGO-OLUWA,OTAMOKUN,30-23-10-012,OKE AWO VILLAGE,107,282,TRUE,0,TRUE,FALSE,FALSE,FALSE,FALSE,0,0,0,0,https://docs.inecelectionresults.net/elections_prod/1292/state/1/lga/3756/ward/24968/pu/103679/103679-1677591862.pdf
OYO,OLORUNSOGO,ABOKE (ABOYUN OGUN),30-24-01-001,KONDORO PRIMARY SCHOOL,232,882,TRUE,0,TRUE,FALSE,FALSE,FALSE,FALSE,0,0,0,0,https://docs.inecelectionresults.net/elections_prod/1292/state/01/lga/24/ward/01/pu/001/001-1677406381.pdf
OYO,OLORUNSOGO,ABOKE (ABOYUN OGUN),30-24-01-002,OGUNBODE MEMORIAL GRAMMAR SCHOOL,200,624,TRUE,0,TRUE,FALSE,FALSE,FALSE,FALSE,0,0,0,0,https://docs.inecelectionresults.net/elections_prod/1292/state/01/lga/24/ward/01/pu/002/002-1677391508.pdf
OYO,OLORUNSOGO,ABOKE (ABOYUN OGUN),30-24-01-005,SAINT PAUL PRIMARY SCHOOL,315,893,TRUE,0,TRUE,FALSE,FALSE,FALSE,FALSE,0,0,0,0,https://docs.inecelectionresults.net/elections_prod/1292/state/01/lga/24/ward/01/pu/005/005-1677401331.pdf
OYO,OLORUNSOGO,ABOKE (ABOYUN OGUN),30-24-01-006,U.M.S. PRIMARY SCHOOL,153,471,TRUE,0,TRUE,FALSE,FALSE,FALSE,FALSE,0,0,0,0,https://docs.inecelectionresults.net/elections_prod/1292/state/1/lga/3757/ward/24969/pu/103685/103685-1677604473.pdf
OYO,OLORUNSOGO,ELERUGBA/ELEHINKE/SAGBO (APERU),30-24-02-002,APALA,201,647,TRUE,0,TRUE,FALSE,FALSE,FALSE,FALSE,0,0,0,0,https://docs.inecelectionresults.net/elections_prod/1292/state/01/lga/24/ward/02/pu/002/002-1677378107.pdf
OYO,OLORUNSOGO,ELERUGBA/ELEHINKE/SAGBO (APERU),30-24-02-003,BALODE,210,806,TRUE,0,TRUE,FALSE,FALSE,FALSE,FALSE,704,11,71,1349,https://docs.inecelectionresults.net/elections_prod/1292/state/01/lga/24/ward/02/pu/003/003-1677379163.pdf
OYO,OLORUNSOGO,ELERUGBA/ELEHINKE/SAGBO (APERU),30-24-02-005,JELENKE,57,248,TRUE,0,TRUE,FALSE,FALSE,FALSE,FALSE,0,0,0,0,https://docs.inecelectionresults.net/elections_prod/1292/state/01/lga/24/ward/02/pu/005/005-1677390906.pdf
OYO,OLORUNSOGO,ELERUGBA/ELEHINKE/SAGBO (APERU),30-24-02-006,SAGBO,195,631,TRUE,0,TRUE,FALSE,FALSE,FALSE,FALSE,0,0,0,0,https://docs.inecelectionresults.net/elections_prod/1292/state/01/lga/24/ward/02/pu/006/006-1677391916.pdf
OYO,OLORUNSOGO,IKOLABA/OBADIMO,30-24-03-001,"N.U.D. PRIMARY SCHOOL III, ATANDA",295,833,TRUE,0,TRUE,FALSE,FALSE,FALSE,FALSE,0,0,0,0,https://docs.inecelectionresults.net/elections_prod/1292/state/01/lga/24/ward/03/pu/001/001-1677403308.pdf
OYO,OLORUNSOGO,IKOLABA/OBADIMO,30-24-03-003,BAPTIST PRIMARY SCHOOL II,235,698,TRUE,0,TRUE,FALSE,FALSE,FALSE,FALSE,0,0,0,0,https://docs.inecelectionresults.net/elections_prod/1292/state/01/lga/24/ward/03/pu/003/003-1677411639.pdf
OYO,OLORUNSOGO,IKOLABA/OBADIMO,30-24-03-005,L.A. SCHOOL II,159,556,TRUE,0,TRUE,FALSE,FALSE,FALSE,FALSE,0,0,0,0,https://docs.inecelectionresults.net/elections_prod/1292/state/01/lga/24/ward/03/pu/005/005-1677405538.pdf
OYO,OLORUNSOGO,IKOLABA/OBADIMO,30-24-03-006,OGUNTE NLA,199,658,TRUE,0,TRUE,FALSE,FALSE,FALSE,FALSE,0,0,0,0,https://docs.inecelectionresults.net/elections_prod/1292/state/01/lga/24/ward/03/pu/006/006-1677409761.pdf
OYO,OLORUNSOGO,ONIGBETI I (IYAMOPO),30-24-04-002,COURT HALL I,181,642,TRUE,0,TRUE,FALSE,FALSE,FALSE,FALSE,0,0,0,0,https://docs.inecelectionresults.net/elections_prod/1292/state/01/lga/24/ward/04/pu/002/002-1677361784.pdf
OYO,OLORUNSOGO,ONIGBETI I (IYAMOPO),30-24-04-005,"MATERNITY CENTRE, OKEABE",234,661,TRUE,0,TRUE,FALSE,FALSE,FALSE,FALSE,0,0,0,0,https://docs.inecelectionresults.net/elections_prod/1292/state/01/lga/24/ward/04/pu/005/005-1677360898.pdf
OYO,OLORUNSOGO,ONIGBETI I (IYAMOPO),30-24-04-006,"T.A.C PRIMARY SCHOOL, OLOKO JOBI",94,373,TRUE,0,TRUE,FALSE,FALSE,FALSE,FALSE,0,0,0,0,https://docs.inecelectionresults.net/elections_prod/1292/state/01/lga/24/ward/04/pu/006/006-1677363101.pdf
OYO,OLORUNSOGO,ONIGBETI III & IV (AGBENI),30-24-06-001,"SLAUGHTER SLAB, LOCAL GOVERNMENT MARKET STALL",222,761,TRUE,0,TRUE,FALSE,FALSE,FALSE,FALSE,0,0,0,0,https://docs.inecelectionresults.net/elections_prod/1292/state/01/lga/24/ward/06/pu/001/001-1677394799.pdf
OYO,OLORUNSOGO,ONIGBETI III & IV (AGBENI),30-24-06-002,N.U.D. PRIMARY SCHOOL. I,191,523,TRUE,0,TRUE,FALSE,FALSE,FALSE,FALSE,0,0,0,0,https://docs.inecelectionresults.net/elections_prod/1292/state/01/lga/24/ward/06/pu/002/002-1677398549.pdf
OYO,OLORUNSOGO,ONIGBETI III & IV (AGBENI),30-24-06-003,N.U.D. PRIMARY SCHOOL. I,191,523,TRUE,0,TRUE,FALSE,FALSE,FALSE,FALSE,0,0,0,0,https://docs.inecelectionresults.net/elections_prod/1292/state/01/lga/24/ward/06/pu/002/002-1677398549.pdf
OYO,OLORUNSOGO,ONIGBETI III & IV (AGBENI),30-24-06-004,N.U.D. PRIMARY SCHOOL. III,167,553,TRUE,0,TRUE,FALSE,FALSE,FALSE,FALSE,0,0,0,0,https://docs.inecelectionresults.net/elections_prod/1292/state/01/lga/24/ward/06/pu/004/004-1677393488.pdf
OYO,OLORUNSOGO,ONIGBETI III & IV (AGBENI),30-24-06-005,N.U.D. PRIMARY SCHOOL. IV,148,465,TRUE,0,TRUE,FALSE,FALSE,FALSE,FALSE,0,0,0,0,https://docs.inecelectionresults.net/elections_prod/1292/state/01/lga/24/ward/06/pu/005/005-1677399986.pdf
OYO,OLORUNSOGO,OPA/OGUNNIYI,30-24-07-001,ALADA,109,639,TRUE,0,TRUE,FALSE,FALSE,FALSE,FALSE,0,0,0,0,https://docs.inecelectionresults.net/elections_prod/1292/state/01/lga/24/ward/07/pu/001/001-1677374729.pdf
OYO,OLORUNSOGO,OPA/OGUNNIYI,30-24-07-003,"COMMUNITY PRIMARY SCHOOL, OGUNDIRAN",111,754,TRUE,0,TRUE,FALSE,FALSE,FALSE,FALSE,0,0,0,0,https://docs.inecelectionresults.net/elections_prod/1292/state/01/lga/24/ward/07/pu/003/003-1677371730.pdf
OYO,OLORUNSOGO,OPA/OGUNNIYI,30-24-07-005,"UMC PRIMARY SCHOOL, TESI BABA PUPA",310,1003,TRUE,0,TRUE,FALSE,FALSE,FALSE,FALSE,0,0,0,0,https://docs.inecelectionresults.net/elections_prod/1292/state/01/lga/24/ward/07/pu/005/005-1677416569.pdf
OYO,OLORUNSOGO,SERIKI I & ABOSINO (OKIN),30-24-08-001,ALAGBEDE,219,688,TRUE,0,TRUE,FALSE,FALSE,FALSE,FALSE,0,0,0,0,https://docs.inecelectionresults.net/elections_prod/1292/state/01/lga/24/ward/08/pu/001/001-1677375143.pdf
OYO,OLORUNSOGO,SERIKI I & ABOSINO (OKIN),30-24-08-003,BABAMOJA,178,606,TRUE,0,TRUE,FALSE,FALSE,FALSE,FALSE,0,0,0,0,https://docs.inecelectionresults.net/elections_prod/1292/state/01/lga/24/ward/08/pu/002/002-1677373676.pdf
OYO,OLORUNSOGO,SERIKI I & ABOSINO (OKIN),30-24-08-004,PAAKOYI,136,439,TRUE,0,TRUE,FALSE,FALSE,FALSE,FALSE,0,0,0,0,https://docs.inecelectionresults.net/elections_prod/1292/state/01/lga/24/ward/08/pu/004/004-1677372529.pdf
OYO,OLORUNSOGO,SERIKI I & ABOSINO (OKIN),30-24-08-005,ORIADE,105,367,TRUE,0,TRUE,FALSE,FALSE,FALSE,FALSE,0,0,0,0,https://docs.inecelectionresults.net/elections_prod/1292/state/01/lga/24/ward/08/pu/005/005-1677369378.pdf
OYO,OLORUNSOGO,SERIKI I & ABOSINO (OKIN),30-24-08-006,SERIKI I,95,387,TRUE,0,TRUE,FALSE,FALSE,FALSE,FALSE,0,0,0,0,https://docs.inecelectionresults.net/elections_prod/1292/state/01/lga/24/ward/08/pu/006/006-1677373324.pdf
OYO,OLORUNSOGO,SERIKI I & ABOSINO (OKIN),30-24-08-007,SERIKI II,90,315,TRUE,0,TRUE,FALSE,FALSE,FALSE,FALSE,0,0,0,0,https://docs.inecelectionresults.net/elections_prod/1292/state/01/lga/24/ward/08/pu/007/007-1677369495.pdf
OYO,OLORUNSOGO,SERIKI II (AGBELE),30-24-09-004,"N.U.D. PRIMARY SCHOOL I, IBUKUN OLU",268,678,TRUE,0,TRUE,FALSE,FALSE,FALSE,FALSE,0,0,0,0,https://docs.inecelectionresults.net/elections_prod/1292/state/01/lga/24/ward/09/pu/004/004-1677367738.pdf
OYO,OLORUNSOGO,SERIKI II (AGBELE),30-24-09-005,"MATERNITY CENTRE, OLOGBON",310,857,TRUE,0,TRUE,FALSE,FALSE,FALSE,FALSE,0,0,0,0,https://docs.inecelectionresults.net/elections_prod/1292/state/01/lga/24/ward/09/pu/005/005-1677366572.pdf
OYO,OLORUNSOGO,WARO/APATA-ALAJE,30-24-10-002,"COMMUNITY PRIMARY SCHOOL, OJO ARO",199,759,TRUE,0,TRUE,FALSE,FALSE,FALSE,FALSE,0,0,0,0,https://docs.inecelectionresults.net/elections_prod/1292/state/01/lga/24/ward/10/pu/002/002-1677368035.pdf
OYO,OLORUNSOGO,WARO/APATA-ALAJE,30-24-10-006,PAKOKO/WARO,119,764,TRUE,0,TRUE,FALSE,FALSE,FALSE,FALSE,0,0,0,0,https://docs.inecelectionresults.net/elections_prod/1292/state/01/lga/24/ward/10/pu/006/006-1677369485.pdf
OYO,OLUYOLE,AYEGUN,30-25-01-001,OLGS AYEGUN,390,2083,TRUE,0,TRUE,TRUE,FALSE,FALSE,FALSE,251,38,69,0,https://inec-cvr-cache.s3.eu-west-1.amazonaws.com/cached/results/102646/result_89924_1677530905_thumb.jpg
OYO,OLUYOLE,AYEGUN,30-25-01-002,ABA-IGE,193,613,TRUE,0,TRUE,FALSE,FALSE,FALSE,FALSE,0,0,0,0,https://inec-cvr-cache.s3.eu-west-1.amazonaws.com/cached/results/102647/result_89925_1677536395_thumb.jpg
OYO,OLUYOLE,AYEGUN,30-25-01-006,ODITI-OKITI,95,652,TRUE,0,TRUE,FALSE,FALSE,FALSE,FALSE,0,0,0,0,https://inec-cvr-cache.s3.eu-west-1.amazonaws.com/cached/results/102651/result_89929_1677649232_thumb.jpg
OYO,OLUYOLE,IDI-IROKO/IKEREKU,30-25-02-010,OLUYOLE HIGH SCHOOL I,121,925,TRUE,0,TRUE,FALSE,FALSE,FALSE,FALSE,70,31,9,0,https://docs.inecelectionresults.net/elections_prod/1292/state/1/lga/3758/ward/24980/pu/103762/103762-1677597888.pdf
OYO,OLUYOLE,MUSLIM/OGBERE,30-25-04-008,MATERNITY IFELODUN,178,833,TRUE,0,TRUE,FALSE,FALSE,FALSE,FALSE,0,0,0,0,https://docs.inecelectionresults.net/elections_prod/1292/state/01/lga/25/ward/04/pu/008/008-1677360628.pdf
OYO,OLUYOLE,MUSLIM/OGBERE,30-25-04-009,OPEN SPACE MASFALA JUNCTION I,163,750,TRUE,0,TRUE,FALSE,FALSE,FALSE,FALSE,0,0,0,0,https://docs.inecelectionresults.net/elections_prod/1292/state/1/lga/3758/ward/24982/pu/103786/103786-1677523792.pdf
OYO,OLUYOLE,ODO-ONA NLA,30-25-05-003,ST. MICHAEL ODO-ONA NLA II,166,750,TRUE,0,TRUE,FALSE,FALSE,FALSE,FALSE,0,0,0,0,https://docs.inecelectionresults.net/elections_prod/1292/state/1/lga/3758/ward/24983/pu/103795/103795-1677590752.pdf
OYO,OLUYOLE,ODO-ONA NLA,30-25-05-005,BUS STOP IN FRONT OF LOCAL GOVERNMENT HALL I,172,871,TRUE,0,TRUE,FALSE,FALSE,FALSE,FALSE,0,0,0,0,https://docs.inecelectionresults.net/elections_prod/1292/state/1/lga/3758/ward/24983/pu/103797/103797-1677755994.pdf
OYO,OLUYOLE,OKANHINDE/LATUNDE,30-25-06-001,OLOJUORO PRY. SCH.,134,966,TRUE,0,TRUE,FALSE,FALSE,FALSE,FALSE,77,7,24,1,https://docs.inecelectionresults.net/elections_prod/1292/state/1/lga/3758/ward/24984/pu/103803/103803-1677471461.pdf
OYO,OLUYOLE,OKANHINDE/LATUNDE,30-25-06-003,AGBEJA,84,555,TRUE,0,TRUE,FALSE,FALSE,FALSE,FALSE,0,0,0,0,https://docs.inecelectionresults.net/elections_prod/1292/state/01/lga/25/ward/06/pu/003/003-1677407218.pdf
OYO,OLUYOLE,OLOMI/OLURINDE,30-25-07-011,"MATERNITY CENTRE , OLOMI II",163,842,TRUE,0,TRUE,FALSE,FALSE,FALSE,FALSE,0,0,0,0,https://docs.inecelectionresults.net/elections_prod/1292/state/1/lga/3758/ward/24985/pu/103820/103820-1677692095.pdf
OYO,OLUYOLE,OLOMI/OLURINDE,30-25-07-018,AJOFEBO VILLAGE,0,750,TRUE,0,TRUE,FALSE,FALSE,FALSE,TRUE,155,31,26,1,https://docs.inecelectionresults.net/elections_prod/1292/state/1/lga/3758/ward/24985/pu/103827/103827-1677702675.pdf
OYO,OLUYOLE,ORISUNBARE/OJO-EKUN,30-25-10-005,OJO-EKUN,188,661,TRUE,0,TRUE,FALSE,FALSE,FALSE,FALSE,0,0,0,0,https://docs.inecelectionresults.net/elections_prod/1292/state/1/lga/3758/ward/24988/pu/103854/103854-1677596758.pdf
OYO,ONA-ARA,AKANRAN/OLORUNDA,30-26-01-002,"ST. JAMES SCHOOL, AKANRAN",245,1179,TRUE,0,TRUE,TRUE,FALSE,FALSE,TRUE,59,7,102,0,https://docs.inecelectionresults.net/elections_prod/1292/state/1/lga/3759/ward/24989/pu/103859/103859-1677602254.pdf
OYO,ONA-ARA,ARAROMI/APERIN,30-26-02-003,AFOLABI OBIDEYI,94,412,TRUE,0,TRUE,FALSE,FALSE,FALSE,FALSE,0,0,0,0,https://docs.inecelectionresults.net/elections_prod/1292/state/01/lga/26/ward/02/pu/003/003-1677396945.pdf
OYO,ONA-ARA,ARAROMI/APERIN,30-26-02-004,APASAN,96,466,TRUE,0,TRUE,FALSE,FALSE,FALSE,FALSE,0,0,0,0,https://docs.inecelectionresults.net/elections_prod/1292/state/01/lga/26/ward/02/pu/004/004-1677403973.pdf
OYO,ONA-ARA,ARAROMI/APERIN,30-26-02-005,IYALODE,48,298,TRUE,0,TRUE,FALSE,FALSE,FALSE,FALSE,0,0,0,0,https://docs.inecelectionresults.net/elections_prod/1292/state/01/lga/26/ward/02/pu/005/005-1677395153.pdf
OYO,ONA-ARA,ARAROMI/APERIN,30-26-02-006,FAJOYE,74,294,TRUE,0,TRUE,FALSE,FALSE,FALSE,FALSE,0,0,0,0,https://docs.inecelectionresults.net/elections_prod/1292/state/1/lga/3759/ward/24990/pu/103869/103869-1677582485.pdf
OYO,ONA-ARA,ARAROMI/APERIN,30-26-02-007,KAJOLA,181,563,TRUE,0,TRUE,FALSE,FALSE,FALSE,FALSE,620,15,27,1452,https://docs.inecelectionresults.net/elections_prod/1292/state/01/lga/26/ward/02/pu/007/007-1677397432.pdf
OYO,ONA-ARA,BADEKU,30-26-03-004,OKE-OLA BADEKU,73,389,TRUE,0,TRUE,FALSE,FALSE,FALSE,FALSE,0,0,0,0,https://docs.inecelectionresults.net/elections_prod/1292/state/01/lga/26/ward/03/pu/004/004-1677404448.pdf
OYO,ONA-ARA,BADEKU,30-26-03-006,JAGO,174,783,TRUE,0,TRUE,FALSE,FALSE,FALSE,FALSE,0,0,0,0,https://docs.inecelectionresults.net/elections_prod/1292/state/1/lga/3759/ward/24991/pu/103876/103876-1677601222.pdf
OYO,ONA-ARA,BADEKU,30-26-03-007,BUTU - BUTU,90,451,TRUE,0,FALSE,TRUE,FALSE,FALSE,FALSE,34,3,24,0,https://docs.inecelectionresults.net/elections_prod/1292/state/1/lga/3759/ward/24991/pu/103877/103877-1677601852.pdf
OYO,ONA-ARA,GBADA EFON,30-26-04-002,"ST. LUKE'S PRIMARY SCHOOL, ADIGUN I",114,854,TRUE,0,TRUE,FALSE,FALSE,FALSE,FALSE,0,0,0,0,https://docs.inecelectionresults.net/elections_prod/1292/state/1/lga/3759/ward/24992/pu/103879/103879-1677603030.pdf
OYO,ONA-ARA,GBADA EFON,30-26-04-004,OGIDI,59,286,TRUE,0,TRUE,FALSE,FALSE,FALSE,FALSE,0,0,0,0,https://docs.inecelectionresults.net/elections_prod/1292/state/01/lga/26/ward/04/pu/004/004-1677393154.pdf
OYO,ONA-ARA,GBADA EFON,30-26-04-005,GBANGBA,119,442,TRUE,0,TRUE,FALSE,FALSE,FALSE,FALSE,0,0,0,0,https://docs.inecelectionresults.net/elections_prod/1292/state/1/lga/3759/ward/24992/pu/103882/103882-1677602430.pdf
OYO,ONA-ARA,ODI ODEYALE/ODI APERIN,30-26-05-001,AMULOKO,285,2651,TRUE,0,TRUE,FALSE,FALSE,FALSE,FALSE,0,0,0,0,https://docs.inecelectionresults.net/elections_prod/1292/state/1/lga/3759/ward/24993/pu/103883/103883-1677612602.pdf
OYO,ONA-ARA,ODI ODEYALE/ODI APERIN,30-26-05-002,IDI OSE,327,1798,TRUE,0,TRUE,TRUE,FALSE,FALSE,FALSE,218,20,70,0,https://docs.inecelectionresults.net/elections_prod/1292/state/1/lga/3759/ward/24993/pu/103884/103884-1677613097.pdf
OYO,ONA-ARA,OGBERE,30-26-06-008,GBAREMU,211,728,TRUE,0,TRUE,FALSE,FALSE,FALSE,FALSE,0,0,0,0,https://docs.inecelectionresults.net/elections_prod/1292/state/01/lga/26/ward/06/pu/008/008-1677393092.pdf
OYO,ONA-ARA,OGBERE TIOYA,30-26-07-007,I.D.C. SCHOOL OLUNLOYO II,169,750,TRUE,0,FALSE,TRUE,FALSE,FALSE,FALSE,94,10,43,3,https://docs.inecelectionresults.net/elections_prod/1292/state/1/lga/3759/ward/24995/pu/103903/103903-1677594595.pdf
OYO,ONA-ARA,OLORUNSOGO,30-26-09-006,IFELAJULO,145,750,TRUE,0,TRUE,FALSE,FALSE,FALSE,FALSE,0,0,0,0,https://docs.inecelectionresults.net/elections_prod/1292/state/01/lga/26/ward/09/pu/006/006-1677376962.pdf
OYO,ONA-ARA,OREMEJI/AGUGU,30-26-11-004,ATOLU PRIMARY SCHOOL I,172,750,TRUE,0,TRUE,FALSE,FALSE,FALSE,FALSE,0,0,0,0,https://docs.inecelectionresults.net/elections_prod/1292/state/01/lga/26/ward/11/pu/004/004-1677393943.pdf
OYO,ONA-ARA,OREMEJI/AGUGU,30-26-11-006,ORIYANGI,123,750,TRUE,0,TRUE,FALSE,FALSE,FALSE,FALSE,0,0,0,0,https://docs.inecelectionresults.net/elections_prod/1292/state/01/lga/26/ward/11/pu/006/006-1677399920.pdf
OYO,ONA-ARA,OREMEJI/AGUGU,30-26-11-007,OKIKI ADE,158,750,TRUE,0,FALSE,FALSE,FALSE,FALSE,TRUE,0,0,0,0,https://docs.inecelectionresults.net/elections_prod/1292/state/1/lga/3759/ward/24999/pu/103944/103944-1677618168.pdf
OYO,ONA-ARA,OREMEJI/AGUGU,30-26-11-010,AGBOLU AJE OPEN SPACE,128,511,TRUE,0,TRUE,FALSE,FALSE,FALSE,FALSE,0,0,0,0,https://docs.inecelectionresults.net/elections_prod/1292/state/1/lga/3759/ward/24999/pu/103947/103947-1677618494.pdf
OYO,OORELOPE,BONNI,30-27-03-002,"A.U.D. SCHOOL/LOKO COMP, BONNI II",0,610,TRUE,0,TRUE,FALSE,FALSE,FALSE,FALSE,0,0,0,0,https://docs.inecelectionresults.net/elections_prod/1292/state/01/lga/27/ward/03/pu/002/002-1677393881.pdf
OYO,OORELOPE,BONNI,30-27-03-005,"IKOLABA COMPOUND, BONNI",198,469,TRUE,0,TRUE,FALSE,FALSE,FALSE,FALSE,0,0,0,0,https://docs.inecelectionresults.net/elections_prod/1292/state/01/lga/27/ward/03/pu/005/005-1677389794.pdf
OYO,OORELOPE,IGBOPE/IYEYE I,30-27-04-005,ALAGUNTAN VILLAGE,340,930,TRUE,0,TRUE,FALSE,FALSE,FALSE,FALSE,0,0,0,0,https://docs.inecelectionresults.net/elections_prod/1292/state/01/lga/27/ward/04/pu/005/005-1677384335.pdf
OYO,OORELOPE,IGBOPE/IYEYE II,30-27-05-003,LASI VILLAGE,63,476,TRUE,0,TRUE,FALSE,FALSE,FALSE,FALSE,57,0,0,0,https://docs.inecelectionresults.net/elections_prod/1292/state/01/lga/27/ward/05/pu/003/003-1677385860.pdf
OYO,OORELOPE,IGI ISUBU,30-27-06-001,IGI ISUBU COMMUNITY CENTRE - AGO I,229,750,TRUE,0,TRUE,TRUE,FALSE,FALSE,FALSE,111,8,40,1,https://docs.inecelectionresults.net/elections_prod/1292/state/01/lga/27/ward/06/pu/001/001-1677385086.pdf
OYO,OORELOPE,ONIBODE I,30-27-07-004,MODEKE GARAGE,192,637,TRUE,0,TRUE,FALSE,FALSE,FALSE,FALSE,0,0,0,0,https://docs.inecelectionresults.net/elections_prod/1292/state/01/lga/27/ward/07/pu/004/004-1677378135.pdf
OYO,OORELOPE,ONIBODE I,30-27-07-006,MODEKE TEMPLE,252,696,TRUE,0,TRUE,FALSE,FALSE,FALSE,FALSE,0,0,0,0,https://docs.inecelectionresults.net/elections_prod/1292/state/01/lga/27/ward/07/pu/006/006-1677387683.pdf
OYO,OORELOPE,ONIBODE II,30-27-08-002,MODEKE MARKET,96,437,TRUE,0,TRUE,FALSE,FALSE,FALSE,FALSE,0,0,0,0,https://docs.inecelectionresults.net/elections_prod/1292/state/01/lga/27/ward/08/pu/002/002-1677387954.pdf
OYO,OORELOPE,ONIBODE II,30-27-08-005,ANIKULAPO/KAREGBONLA II,141,394,TRUE,0,TRUE,FALSE,FALSE,FALSE,FALSE,0,0,0,0,https://docs.inecelectionresults.net/elections_prod/1292/state/01/lga/27/ward/08/pu/005/005-1677385552.pdf
OYO,OORELOPE,ONIBODE II,30-27-08-006,"AJEGUNLE COMPOUND, MODEKE",125,392,TRUE,0,TRUE,FALSE,FALSE,FALSE,FALSE,0,0,0,0,https://docs.inecelectionresults.net/elections_prod/1292/state/01/lga/27/ward/08/pu/006/006-1677390338.pdf
OYO,OORELOPE,ONIBODE II,30-27-08-007,IDI ADAMASO COMPOUND,105,375,TRUE,0,TRUE,FALSE,FALSE,FALSE,FALSE,0,0,0,0,https://docs.inecelectionresults.net/elections_prod/1292/state/01/lga/27/ward/08/pu/007/007-1677386821.pdf
OYO,OORELOPE,ONIBODE II,30-27-08-008,"IMALA COMPOUND, MODEKE",211,629,TRUE,0,TRUE,FALSE,FALSE,FALSE,FALSE,0,0,0,0,https://docs.inecelectionresults.net/elections_prod/1292/state/01/lga/27/ward/08/pu/008/008-1677393665.pdf
OYO,OORELOPE,ONIBODE III,30-27-09-001,"BAPTIST PRIMARY SCHOOL, MODEKE",287,822,TRUE,0,TRUE,FALSE,FALSE,FALSE,FALSE,0,0,0,0,https://docs.inecelectionresults.net/elections_prod/1292/state/01/lga/27/ward/09/pu/001/001-1677395921.pdf
OYO,OORELOPE,ONIBODE III,30-27-09-002,"BAPTIST PRIMARY SCHOOL, JAYIN",269,766,TRUE,0,TRUE,FALSE,FALSE,FALSE,FALSE,0,0,0,0,https://docs.inecelectionresults.net/elections_prod/1292/state/01/lga/27/ward/09/pu/002/002-1677392449.pdf
OYO,OORELOPE,ONIBODE III,30-27-09-004,"AJONJAYE COMPOUND, MODEKE",309,855,TRUE,0,TRUE,FALSE,FALSE,FALSE,FALSE,0,0,0,0,https://docs.inecelectionresults.net/elections_prod/1292/state/01/lga/27/ward/09/pu/004/004-1677397858.pdf
OYO,OORELOPE,ONIBODE III,30-27-09-009,"OBA COMPOUND, MODEKE",197,559,TRUE,0,TRUE,FALSE,FALSE,FALSE,FALSE,0,0,0,0,https://docs.inecelectionresults.net/elections_prod/1292/state/01/lga/27/ward/09/pu/009/009-1677396173.pdf
OYO,OORELOPE,ONIBODE III,30-27-09-010,ABA SUNDAY VILLAGE,124,494,TRUE,0,TRUE,FALSE,FALSE,FALSE,FALSE,0,0,0,0,https://docs.inecelectionresults.net/elections_prod/1292/state/01/lga/27/ward/09/pu/010/010-1677393961.pdf
OYO,OORELOPE,ONIBODE III,30-27-10-003,ABA SUNDAY VILLAGE,124,494,TRUE,0,TRUE,FALSE,FALSE,FALSE,FALSE,0,0,0,0,https://docs.inecelectionresults.net/elections_prod/1292/state/01/lga/27/ward/09/pu/010/010-1677393961.pdf
OYO,OORELOPE,ONIGBOHO/ALOMO/OKERE,30-27-10-004,"AKIA COMPOUND, AGO OKERE",199,514,TRUE,0,TRUE,FALSE,FALSE,FALSE,FALSE,0,0,0,0,https://docs.inecelectionresults.net/elections_prod/1292/state/01/lga/27/ward/10/pu/004/004-1677412007.pdf
OYO,OORELOPE,ONIGBOHO/ALOMO/OKERE,30-27-10-005,"BALOGUN COMPOUND, JAKUTA",146,392,TRUE,0,TRUE,FALSE,FALSE,FALSE,FALSE,0,0,0,0,https://docs.inecelectionresults.net/elections_prod/1292/state/01/lga/27/ward/10/pu/005/005-1677411540.pdf
OYO,OORELOPE,ONIGBOHO/ALOMO/OKERE,30-27-10-006,"ASAJU COMPOUND, JAKUTA",180,549,TRUE,0,TRUE,FALSE,FALSE,FALSE,FALSE,0,0,0,0,https://docs.inecelectionresults.net/elections_prod/1292/state/01/lga/27/ward/10/pu/006/006-1677410649.pdf
OYO,OORELOPE,ONIGBOHO/ALOMO/OKERE,30-27-10-007,"AGORO COMPOUND, JAKUTA",156,424,TRUE,0,TRUE,FALSE,FALSE,FALSE,FALSE,0,0,0,0,https://docs.inecelectionresults.net/elections_prod/1292/state/01/lga/27/ward/10/pu/007/007-1677413570.pdf
OYO,OORELOPE,ONIGBOHO/ALOMO/OKERE,30-27-10-008,ALAMURO COMP./IKOLABA OKEGBOHO I,159,509,TRUE,0,TRUE,FALSE,FALSE,FALSE,FALSE,0,0,0,0,https://docs.inecelectionresults.net/elections_prod/1292/state/01/lga/27/ward/10/pu/008/008-1677358640.pdf
OYO,OORELOPE,ONIGBOHO/ALOMO/OKERE,30-27-10-009,ALAMURO COMP./IKOLABA OKEGBOHO II,170,490,TRUE,0,TRUE,FALSE,FALSE,FALSE,FALSE,0,0,0,0,https://docs.inecelectionresults.net/elections_prod/1292/state/01/lga/27/ward/10/pu/009/009-1677406602.pdf
OYO,OORELOPE,ONIGBOHO/ALOMO/OKERE,30-27-10-010,"ARUSA COMPOUND, OKEGBOHO",224,707,TRUE,0,TRUE,FALSE,FALSE,FALSE,FALSE,0,0,0,0,https://docs.inecelectionresults.net/elections_prod/1292/state/01/lga/27/ward/10/pu/010/010-1677407209.pdf
OYO,OORELOPE,ONIGBOHO/ALOMO/OKERE,30-27-10-011,"ARUSA COMPOUND, OKEGBOHO",224,707,TRUE,0,TRUE,FALSE,FALSE,FALSE,FALSE,0,0,0,0,https://docs.inecelectionresults.net/elections_prod/1292/state/01/lga/27/ward/10/pu/010/010-1677407209.pdf
OYO,OORELOPE,ONIGBOHO/ALOMO/OKERE,30-27-10-013,"ARUSA COMPOUND, OKEGBOHO",224,707,TRUE,0,TRUE,FALSE,FALSE,FALSE,FALSE,21,0,13,0,https://docs.inecelectionresults.net/elections_prod/1292/state/01/lga/27/ward/10/pu/010/010-1677407209.pdf
OYO,OORELOPE,ONIGBOHO/ALOMO/OKERE,30-27-10-015,"ARUSA COMPOUND, OKEGBOHO",224,707,TRUE,0,TRUE,TRUE,FALSE,FALSE,FALSE,12,0,34,0,https://docs.inecelectionresults.net/elections_prod/1292/state/01/lga/27/ward/10/pu/010/010-1677407209.pdf
OYO,ORI IRE,ORI IRE I,30-28-01-009,SAAMO OPEN SPACE,173,626,TRUE,0,TRUE,TRUE,FALSE,FALSE,TRUE,78,20,104,3,https://docs.inecelectionresults.net/elections_prod/1292/state/1/lga/3761/ward/25010/pu/104033/104033-1677591071.pdf
OYO,ORI IRE,ORI IRE I,30-28-01-010,SAAMO OPEN SPACE,173,626,TRUE,0,TRUE,FALSE,FALSE,FALSE,FALSE,0,0,0,0,https://docs.inecelectionresults.net/elections_prod/1292/state/1/lga/3761/ward/25010/pu/104033/104033-1677591071.pdf
OYO,ORI IRE,ORI IRE I,30-28-01-014,ABULE ELEMO OPEN SPACE,201,783,TRUE,0,TRUE,FALSE,FALSE,FALSE,FALSE,18,55,59,0,https://docs.inecelectionresults.net/elections_prod/1292/state/01/lga/28/ward/01/pu/013/013-1677401652.pdf
OYO,ORI IRE,ORI IRE I,30-28-01-015,ABULE ELEMO OPEN SPACE,201,783,TRUE,0,TRUE,FALSE,FALSE,FALSE,FALSE,0,0,0,0,https://docs.inecelectionresults.net/elections_prod/1292/state/01/lga/28/ward/01/pu/013/013-1677401652.pdf
OYO,ORI IRE,ORI IRE II,30-28-02-009,ILODO OPEN SPACE,129,338,TRUE,0,TRUE,FALSE,FALSE,FALSE,FALSE,0,0,0,0,https://docs.inecelectionresults.net/elections_prod/1292/state/01/lga/28/ward/02/pu/008/008-1677381393.pdf
OYO,ORI IRE,ORI IRE II,30-28-02-011,OLOSE OPEN SPACE,142,396,TRUE,0,TRUE,FALSE,FALSE,FALSE,FALSE,0,0,0,0,https://inec-cvr-cache.s3.eu-west-1.amazonaws.com/cached/results/102954/result_90428_1677581349_thumb.jpg
OYO,ORI IRE,ORI IRE IV,30-28-04-003,ALAPETE OPEN SPACE,282,708,TRUE,0,TRUE,FALSE,FALSE,FALSE,FALSE,0,0,0,0,https://docs.inecelectionresults.net/elections_prod/1292/state/01/lga/28/ward/04/pu/003/003-1677364609.pdf
OYO,ORI IRE,ORI IRE V,30-28-05-001,ALAWODI OPEN SPACE,206,551,TRUE,0,TRUE,TRUE,FALSE,FALSE,TRUE,0,0,0,0,https://inec-cvr-cache.s3.eu-west-1.amazonaws.com/cached/results/102981/result_90459_1677753797_thumb.jpg
OYO,ORI IRE,ORI IRE V,30-28-05-004,ADEKANMBI OPEN SPACE,95,360,TRUE,0,TRUE,FALSE,FALSE,FALSE,FALSE,36,4,52,0,https://inec-cvr-cache.s3.eu-west-1.amazonaws.com/cached/results/102984/result_90462_1677752801_thumb.jpg
OYO,ORI IRE,ORI IRE V,30-28-05-005,ADEKANMBI OPEN SPACE,95,360,TRUE,0,TRUE,FALSE,FALSE,FALSE,FALSE,0,0,0,0,https://inec-cvr-cache.s3.eu-west-1.amazonaws.com/cached/results/102984/result_90462_1677752801_thumb.jpg
OYO,ORI IRE,ORI IRE V,30-28-05-007,"C.A.C. PRIMARY SCHOOL, OBAMO II",142,538,TRUE,0,TRUE,FALSE,FALSE,FALSE,FALSE,0,0,0,0,https://inec-cvr-cache.s3.eu-west-1.amazonaws.com/cached/results/102987/result_90465_1677752422_thumb.jpg
OYO,ORI IRE,ORI IRE VI,30-28-06-008,OLOKOTO OPEN SPACE,244,750,TRUE,0,TRUE,FALSE,FALSE,FALSE,FALSE,0,0,0,0,https://docs.inecelectionresults.net/elections_prod/1292/state/01/lga/28/ward/06/pu/008/008-1677370330.pdf
OYO,ORI IRE,ORI IRE VII,30-28-07-002,OOLO OPEN SPACE II,172,505,TRUE,0,TRUE,FALSE,FALSE,FALSE,FALSE,0,0,0,0,https://docs.inecelectionresults.net/elections_prod/1292/state/01/lga/28/ward/07/pu/002/002-1677368180.pdf
OYO,ORI IRE,ORI IRE VIII,30-28-08-009,BIIRO OPEN SPACE,165,375,TRUE,0,TRUE,FALSE,FALSE,FALSE,FALSE,0,0,0,0,https://docs.inecelectionresults.net/elections_prod/1292/state/01/lga/28/ward/08/pu/009/009-1677391263.pdf
OYO,ORI IRE,ORI IRE VIII,30-28-08-011,ALAGBEDE OPEN SPACE,90,173,TRUE,0,TRUE,FALSE,FALSE,FALSE,TRUE,60,7,13,0,https://docs.inecelectionresults.net/elections_prod/1292/state/01/lga/28/ward/08/pu/011/011-1677378570.pdf
OYO,ORI IRE,ORI IRE IX,30-28-09-001,"AHORO OKO, OPEN SPACE I",141,395,TRUE,0,TRUE,FALSE,FALSE,FALSE,FALSE,53,29,32,0,https://inec-cvr-cache.s3.eu-west-1.amazonaws.com/cached/results/103042/result_90523_1677878195_thumb.jpg
OYO,ORI IRE,ORI IRE IX,30-28-09-003,"AHORO OKO, OPEN SPACE III",169,549,TRUE,0,TRUE,FALSE,FALSE,FALSE,FALSE,0,0,0,0,https://docs.inecelectionresults.net/elections_prod/1292/state/1/lga/3761/ward/25018/pu/104142/104142-1677504102.pdf
OYO,ORI IRE,ORI IRE IX,30-28-09-014,"DANINU, OPEN SPACE",110,320,TRUE,0,TRUE,FALSE,FALSE,FALSE,FALSE,0,0,0,0,https://inec-cvr-cache.s3.eu-west-1.amazonaws.com/cached/results/103055/result_90536_1677760524_thumb.jpg
OYO,ORI IRE,ORI IRE IX,30-28-09-019,"OLOKITI, OPEN SPACE I",71,169,TRUE,0,TRUE,FALSE,FALSE,FALSE,FALSE,0,0,0,0,https://docs.inecelectionresults.net/elections_prod/1292/state/01/lga/28/ward/09/pu/018/018-1677381826.pdf
OYO,ORI IRE,ORI IRE X,30-28-10-001,ELESUN OPEN SPACE I,183,404,TRUE,0,TRUE,FALSE,FALSE,FALSE,FALSE,0,0,0,0,https://docs.inecelectionresults.net/elections_prod/1292/state/01/lga/28/ward/10/pu/001/001-1677387052.pdf
OYO,ORI IRE,ORI IRE X,30-28-10-003,ALAROPO/AKINYELE OPEN SPACE,81,239,TRUE,0,TRUE,FALSE,FALSE,FALSE,FALSE,0,0,0,0,https://docs.inecelectionresults.net/elections_prod/1292/state/01/lga/28/ward/10/pu/003/003-1677389708.pdf
OYO,ORI IRE,ORI IRE X,30-28-10-004,ABOJOSUN OPEN SPACE,90,246,TRUE,0,TRUE,FALSE,FALSE,FALSE,FALSE,0,0,0,0,https://docs.inecelectionresults.net/elections_prod/1292/state/01/lga/28/ward/10/pu/004/004-1677391651.pdf
OYO,ORI IRE,ORI IRE X,30-28-10-005,AYEGUN OPEN SPACE,69,214,TRUE,0,TRUE,FALSE,FALSE,FALSE,FALSE,0,0,0,0,https://docs.inecelectionresults.net/elections_prod/1292/state/01/lga/28/ward/10/pu/005/005-1677387459.pdf
OYO,ORI IRE,ORI IRE X,30-28-10-006,LASUBU OPEN SPACE I,62,145,TRUE,0,TRUE,FALSE,FALSE,FALSE,FALSE,0,0,0,0,https://docs.inecelectionresults.net/elections_prod/1292/state/01/lga/28/ward/10/pu/006/006-1677388374.pdf
OYO,ORI IRE,ORI IRE X,30-28-10-007,LASUBU OPEN SPACE II,78,167,TRUE,0,TRUE,FALSE,FALSE,FALSE,FALSE,0,0,0,0,https://docs.inecelectionresults.net/elections_prod/1292/state/01/lga/28/ward/10/pu/007/007-1677402254.pdf
OYO,ORI IRE,ORI IRE X,30-28-10-008,ALADA OPEN SPACE,70,176,TRUE,0,TRUE,FALSE,FALSE,FALSE,FALSE,0,0,0,0,https://docs.inecelectionresults.net/elections_prod/1292/state/01/lga/28/ward/10/pu/008/008-1677394754.pdf
OYO,ORI IRE,ORI IRE X,30-28-10-009,BOOSA OPEN SPACE I,130,319,TRUE,0,TRUE,FALSE,FALSE,FALSE,FALSE,0,0,0,0,https://docs.inecelectionresults.net/elections_prod/1292/state/1/lga/3761/ward/25019/pu/104168/104168-1677513364.pdf
OYO,ORI IRE,ORI IRE X,30-28-10-010,BOOSA OPEN SPACE II,116,256,TRUE,0,TRUE,FALSE,FALSE,FALSE,FALSE,0,0,0,0,https://docs.inecelectionresults.net/elections_prod/1292/state/01/lga/28/ward/10/pu/010/010-1677386471.pdf
OYO,ORI IRE,ORI IRE X,30-28-10-011,BOSUNLA OPEN SPACE I,80,249,TRUE,0,TRUE,FALSE,FALSE,FALSE,FALSE,0,0,0,0,https://docs.inecelectionresults.net/elections_prod/1292/state/1/lga/3761/ward/25019/pu/104170/104170-1677489465.pdf
OYO,ORI IRE,ORI IRE X,30-28-10-012,"BOSUNLA, OPEN SPACE II",107,314,TRUE,0,TRUE,FALSE,FALSE,FALSE,FALSE,0,0,0,0,https://docs.inecelectionresults.net/elections_prod/1292/state/01/lga/28/ward/10/pu/012/012-1677385295.pdf
OYO,ORI IRE,ORI IRE X,30-28-10-013,IPORIN OPEN SPACE,128,351,TRUE,0,TRUE,FALSE,FALSE,FALSE,FALSE,0,0,0,0,https://docs.inecelectionresults.net/elections_prod/1292/state/1/lga/3761/ward/25019/pu/104172/104172-1677577028.pdf
OYO,ORI IRE,ORI IRE X,30-28-10-014,ELERE PAMO OPEN SPACE,191,540,TRUE,0,TRUE,FALSE,FALSE,FALSE,FALSE,0,0,0,0,https://docs.inecelectionresults.net/elections_prod/1292/state/1/lga/3761/ward/25019/pu/104173/104173-1677511218.pdf
OYO,ORI IRE,ORI IRE X,30-28-10-015,EGBEJODA OPEN SPACE,74,216,TRUE,0,TRUE,FALSE,FALSE,FALSE,FALSE,0,0,0,0,https://docs.inecelectionresults.net/elections_prod/1292/state/1/lga/3761/ward/25019/pu/104174/104174-1677511936.pdf
OYO,ORI IRE,ORI IRE X,30-28-10-016,AJEGUNLE OBA OPEN SPACE,98,307,TRUE,0,TRUE,FALSE,FALSE,FALSE,FALSE,0,0,0,0,https://docs.inecelectionresults.net/elections_prod/1292/state/1/lga/3761/ward/25019/pu/104175/104175-1677512615.pdf
OYO,ORI IRE,ORI IRE X,30-28-10-017,AWERANKALE OPEN SPACE,91,210,TRUE,0,TRUE,FALSE,FALSE,FALSE,FALSE,0,0,0,0,https://docs.inecelectionresults.net/elections_prod/1292/state/01/lga/28/ward/10/pu/017/017-1677393671.pdf
OYO,ORI IRE,ORI IRE X,30-28-10-018,LAPELU PRIMARY SCHOOL,182,449,TRUE,0,TRUE,FALSE,FALSE,FALSE,FALSE,0,0,0,0,https://docs.inecelectionresults.net/elections_prod/1292/state/01/lga/28/ward/10/pu/018/018-1677388631.pdf
OYO,ORI IRE,ORI IRE X,30-28-10-020,JAGBE OPEN SPACE,45,145,TRUE,0,TRUE,FALSE,FALSE,FALSE,FALSE,0,0,0,0,https://docs.inecelectionresults.net/elections_prod/1292/state/1/lga/3761/ward/25019/pu/104179/104179-1677579536.pdf
OYO,ORI IRE,ORI IRE X,30-28-10-021,ADETUNJI OPEN SPACE,116,242,TRUE,0,TRUE,FALSE,FALSE,FALSE,FALSE,0,0,0,0,https://docs.inecelectionresults.net/elections_prod/1292/state/01/lga/28/ward/10/pu/021/021-1677386558.pdf
OYO,OYO EAST,AGBOYE/MOLETE,30-29-01-003,AGURE O/S,183,597,TRUE,0,TRUE,FALSE,FALSE,FALSE,FALSE,0,0,0,0,https://docs.inecelectionresults.net/elections_prod/1292/state/1/lga/3762/ward/25020/pu/104183/104183-1677510511.pdf
OYO,OYO EAST,AGBOYE/MOLETE,30-29-01-004,MOLETE O/S,222,750,TRUE,0,TRUE,FALSE,FALSE,FALSE,FALSE,0,0,0,0,https://docs.inecelectionresults.net/elections_prod/1292/state/1/lga/3762/ward/25020/pu/104184/104184-1677510824.pdf
OYO,OYO EAST,AGBOYE/MOLETE,30-29-01-005,ODE ALARE O/S,237,750,TRUE,0,TRUE,FALSE,FALSE,FALSE,FALSE,0,0,0,0,https://docs.inecelectionresults.net/elections_prod/1292/state/1/lga/3762/ward/25020/pu/104185/104185-1677511078.pdf
OYO,OYO EAST,AGBOYE/MOLETE,30-29-01-006,MAYE VILLAGE,67,356,TRUE,0,TRUE,FALSE,FALSE,FALSE,FALSE,0,0,0,0,https://docs.inecelectionresults.net/elections_prod/1292/state/01/lga/29/ward/01/pu/006/006-1677384388.pdf
OYO,OYO EAST,AGBOYE/MOLETE,30-29-01-007,ISEKE VILLAGE,55,214,TRUE,0,TRUE,FALSE,FALSE,FALSE,FALSE,0,0,0,0,https://docs.inecelectionresults.net/elections_prod/1292/state/1/lga/3762/ward/25020/pu/104187/104187-1677511497.pdf
OYO,OYO EAST,AJAGBA,30-29-02-001,AJAGBA O/S,227,750,TRUE,0,TRUE,FALSE,FALSE,FALSE,TRUE,157,6,62,0,https://inec-cvr-cache.s3.eu-west-1.amazonaws.com/cached/results/103090/result_90575_1677641879_thumb.jpg
OYO,OYO EAST,AJAGBA,30-29-02-002,OLORI O/S,244,746,TRUE,0,TRUE,FALSE,FALSE,FALSE,FALSE,0,0,0,0,https://inec-cvr-cache.s3.eu-west-1.amazonaws.com/cached/results/103091/result_90576_1677641280_thumb.jpg
OYO,OYO EAST,AJAGBA,30-29-02-004,KOSOBO O/S II,229,750,TRUE,0,TRUE,FALSE,FALSE,FALSE,FALSE,0,0,0,0,https://docs.inecelectionresults.net/elections_prod/1292/state/1/lga/3762/ward/25021/pu/104191/104191-1677497195.pdf
OYO,OYO EAST,AJAGBA,30-29-02-006,AJAGBA VILLAGE,127,484,TRUE,0,TRUE,FALSE,FALSE,FALSE,FALSE,0,0,0,0,https://inec-cvr-cache.s3.eu-west-1.amazonaws.com/cached/results/103095/result_90580_1677638633_thumb.jpg
OYO,OYO EAST,AJAGBA,30-29-02-009,IMELEKE VILLAGE,48,140,TRUE,0,TRUE,FALSE,FALSE,FALSE,FALSE,39,0,4,0,https://inec-cvr-cache.s3.eu-west-1.amazonaws.com/cached/results/103098/result_90583_1677637632_thumb.jpg
OYO,OYO EAST,ALAODI/MODEKE,30-29-03-001,ALAODI O/S,253,750,TRUE,0,TRUE,FALSE,FALSE,FALSE,FALSE,0,0,0,0,https://inec-cvr-cache.s3.eu-west-1.amazonaws.com/cached/results/103102/result_90595_1677572377_thumb.jpg
OYO,OYO EAST,ALAODI/MODEKE,30-29-03-002,MODEKE O/S,264,750,TRUE,0,TRUE,FALSE,FALSE,FALSE,FALSE,0,0,0,0,https://inec-cvr-cache.s3.eu-west-1.amazonaws.com/cached/results/103103/result_90596_1677572626_thumb.jpg
OYO,OYO EAST,ALAODI/MODEKE,30-29-03-003,R.C.M. ASOGO O/S,266,748,TRUE,0,TRUE,FALSE,FALSE,FALSE,FALSE,0,0,0,0,https://inec-cvr-cache.s3.eu-west-1.amazonaws.com/cached/results/103104/result_90597_1677572830_thumb.jpg
OYO,OYO EAST,ALAODI/MODEKE,30-29-03-004,KANGA O/S,275,750,TRUE,0,TRUE,FALSE,FALSE,FALSE,FALSE,0,0,0,0,https://inec-cvr-cache.s3.eu-west-1.amazonaws.com/cached/results/103105/result_90598_1677573085_thumb.jpg
OYO,OYO EAST,ALAODI/MODEKE,30-29-03-005,JAGUN O/S,193,561,TRUE,0,TRUE,FALSE,FALSE,FALSE,FALSE,0,0,0,0,https://inec-cvr-cache.s3.eu-west-1.amazonaws.com/cached/results/103106/result_90599_1677573366_thumb.jpg
OYO,OYO EAST,ALAODI/MODEKE,30-29-03-006,JAGUN O/S,193,561,TRUE,0,TRUE,FALSE,FALSE,FALSE,FALSE,0,0,0,0,https://inec-cvr-cache.s3.eu-west-1.amazonaws.com/cached/results/103106/result_90599_1677573366_thumb.jpg
OYO,OYO EAST,ALAODI/MODEKE,30-29-03-007,GUDUGBU ORILE VILLAGE,70,203,TRUE,0,TRUE,FALSE,FALSE,FALSE,FALSE,0,0,0,0,https://inec-cvr-cache.s3.eu-west-1.amazonaws.com/cached/results/103108/result_90601_1677573705_thumb.jpg
OYO,OYO EAST,ALAODI/MODEKE,30-29-03-008,OTEFOYIN VILLAGE,14,54,TRUE,0,TRUE,FALSE,FALSE,FALSE,FALSE,0,0,0,0,https://inec-cvr-cache.s3.eu-west-1.amazonaws.com/cached/results/103109/result_90602_1677574040_thumb.jpg
OYO,OYO EAST,APAARA,30-29-04-008,GAA APAARA O/S,231,750,TRUE,0,TRUE,FALSE,FALSE,FALSE,FALSE,152,2,62,2,https://inec-cvr-cache.s3.eu-west-1.amazonaws.com/cached/results/103117/result_90613_1677746759_thumb.jpg
OYO,OYO EAST,APAARA,30-29-04-009,APAARA VILLAGE,44,127,TRUE,0,TRUE,FALSE,FALSE,FALSE,FALSE,0,0,0,0,https://inec-cvr-cache.s3.eu-west-1.amazonaws.com/cached/results/103118/result_90614_1677834659_thumb.jpg
OYO,OYO EAST,APINNI,30-29-05-001,ALAPINNI OPEN SPACE,236,750,TRUE,0,TRUE,FALSE,FALSE,FALSE,TRUE,141,3,72,0,https://docs.inecelectionresults.net/elections_prod/1292/state/1/lga/3762/ward/25024/pu/104219/104219-1677455917.pdf
OYO,OYO EAST,APINNI,30-29-05-002,LAKONU O/S,168,517,TRUE,0,TRUE,FALSE,FALSE,FALSE,FALSE,0,0,0,0,https://docs.inecelectionresults.net/elections_prod/1292/state/1/lga/3762/ward/25024/pu/104220/104220-1677456591.pdf
OYO,OYO EAST,APINNI,30-29-05-003,OPE ARINAGO O/S,180,597,TRUE,0,TRUE,FALSE,FALSE,FALSE,FALSE,697,8,46,1383,https://docs.inecelectionresults.net/elections_prod/1292/state/1/lga/3762/ward/25024/pu/104221/104221-1677456899.pdf
OYO,OYO EAST,APINNI,30-29-05-004,AGO ISONA O/S,297,750,TRUE,0,TRUE,FALSE,FALSE,FALSE,FALSE,0,0,0,0,https://docs.inecelectionresults.net/elections_prod/1292/state/1/lga/3762/ward/25024/pu/104222/104222-1677457226.pdf
OYO,OYO EAST,APINNI,30-29-05-005,AROLE /IYA OMOOBA O/S,292,750,TRUE,0,TRUE,FALSE,FALSE,FALSE,FALSE,0,0,0,0,https://docs.inecelectionresults.net/elections_prod/1292/state/01/lga/29/ward/05/pu/005/005-1677359509.pdf
OYO,OYO EAST,APINNI,30-29-05-006,FEDERAL LOW  COST OPEN SPACE,263,750,TRUE,0,TRUE,FALSE,FALSE,FALSE,FALSE,0,0,0,0,https://docs.inecelectionresults.net/elections_prod/1292/state/1/lga/3762/ward/25024/pu/104224/104224-1677482747.pdf
OYO,OYO EAST,APINNI,30-29-05-007,OWODE ELETE VILLAGE,93,478,TRUE,0,TRUE,FALSE,FALSE,FALSE,FALSE,692,5,64,1029,https://docs.inecelectionresults.net/elections_prod/1292/state/1/lga/3762/ward/25024/pu/104225/104225-1677483759.pdf
OYO,OYO EAST,APINNI,30-29-05-008,AGBOYE VILLAGE,65,224,TRUE,0,TRUE,FALSE,FALSE,FALSE,FALSE,0,0,0,0,https://docs.inecelectionresults.net/elections_prod/1292/state/1/lga/3762/ward/25024/pu/104226/104226-1677483385.pdf
OYO,OYO EAST,APINNI,30-29-05-009,IREPO LERINOWON VILLAGE,42,236,TRUE,0,TRUE,FALSE,FALSE,FALSE,FALSE,0,0,0,0,https://docs.inecelectionresults.net/elections_prod/1292/state/1/lga/3762/ward/25024/pu/104227/104227-1677484965.pdf
OYO,OYO EAST,APINNI,30-29-05-010,ONA AKA IGBOGA VILLAGE,92,256,TRUE,0,TRUE,FALSE,FALSE,FALSE,FALSE,0,0,0,0,https://docs.inecelectionresults.net/elections_prod/1292/state/1/lga/3762/ward/25024/pu/104228/104228-1677485322.pdf
OYO,OYO EAST,APINNI,30-29-05-011,ORIYANGI VILLAGE,38,112,TRUE,0,TRUE,FALSE,FALSE,FALSE,FALSE,0,0,0,0,https://docs.inecelectionresults.net/elections_prod/1292/state/1/lga/3762/ward/25024/pu/104229/104229-1677485651.pdf
OYO,OYO EAST,APINNI,30-29-05-012,ILE OBA VILLAGE,54,162,TRUE,0,TRUE,FALSE,FALSE,FALSE,FALSE,0,0,0,0,https://docs.inecelectionresults.net/elections_prod/1292/state/1/lga/3762/ward/25024/pu/104230/104230-1677486006.pdf
OYO,OYO EAST,JABATA,30-29-07-001,MOLABA O/S,237,750,TRUE,0,TRUE,FALSE,FALSE,FALSE,FALSE,0,0,0,0,https://docs.inecelectionresults.net/elections_prod/1292/state/01/lga/29/ward/07/pu/001/001-1677391011.pdf
OYO,OYO EAST,JABATA,30-29-07-002,LAKANLA O/S,252,751,TRUE,0,TRUE,FALSE,FALSE,FALSE,FALSE,0,0,0,0,https://docs.inecelectionresults.net/elections_prod/1292/state/1/lga/3762/ward/25026/pu/104240/104240-1677637599.pdf
OYO,OYO EAST,JABATA,30-29-07-004,LAMULATU/IDIOPE O/S,153,663,TRUE,0,TRUE,FALSE,FALSE,FALSE,FALSE,0,0,0,0,https://docs.inecelectionresults.net/elections_prod/1292/state/1/lga/3762/ward/25026/pu/104242/104242-1677638434.pdf
OYO,OYO EAST,JABATA,30-29-07-005,DUROWOJU AREA O/S,246,1026,TRUE,0,TRUE,FALSE,FALSE,FALSE,FALSE,0,0,0,0,https://docs.inecelectionresults.net/elections_prod/1292/state/1/lga/3762/ward/25026/pu/104243/104243-1677638812.pdf
OYO,OYO EAST,JABATA,30-29-07-006,OLORUNSOGO AREA O/S,149,650,TRUE,0,TRUE,FALSE,FALSE,FALSE,FALSE,0,0,0,0,https://docs.inecelectionresults.net/elections_prod/1292/state/1/lga/3762/ward/25026/pu/104244/104244-1677639118.pdf
OYO,OYO EAST,JABATA,30-29-07-007,GBERU AREA O/S,239,1027,TRUE,0,TRUE,FALSE,FALSE,FALSE,FALSE,0,0,0,0,https://docs.inecelectionresults.net/elections_prod/1292/state/1/lga/3762/ward/25026/pu/104245/104245-1677639416.pdf
OYO,OYO EAST,JABATA,30-29-07-008,OWODE (COURT AREA) O/S,136,750,TRUE,0,TRUE,FALSE,FALSE,FALSE,FALSE,0,0,0,0,https://docs.inecelectionresults.net/elections_prod/1292/state/1/lga/3762/ward/25026/pu/104246/104246-1677639845.pdf
OYO,OYO EAST,OKE APO,30-29-08-001,OKE APO O/S,241,750,TRUE,0,TRUE,FALSE,FALSE,FALSE,FALSE,141,3,87,1,https://inec-cvr-cache.s3.eu-west-1.amazonaws.com/cached/results/103151/result_90665_1677670895_thumb.jpg
OYO,OYO EAST,OKE APO,30-29-08-009,ANLELERIN VILLAGE,15,59,TRUE,0,TRUE,FALSE,FALSE,FALSE,FALSE,0,0,0,0,https://inec-cvr-cache.s3.eu-west-1.amazonaws.com/cached/results/103159/result_90673_1677673478_thumb.jpg
OYO,OYO EAST,OLUAJO,30-29-09-001,OLUAJO O/S,215,750,TRUE,0,FALSE,FALSE,FALSE,FALSE,FALSE,117,5,38,0,https://inec-cvr-cache.s3.eu-west-1.amazonaws.com/cached/results/103162/result_90679_1677684237_thumb.jpg
OYO,OYO EAST,OLUAJO,30-29-09-003,OKOBIYA O/S,178,577,TRUE,0,TRUE,FALSE,FALSE,FALSE,FALSE,0,0,0,0,https://inec-cvr-cache.s3.eu-west-1.amazonaws.com/cached/results/103164/result_90681_1677684747_thumb.jpg
OYO,OYO EAST,OLUAJO,30-29-09-004,OLOJULEMETA O/S,224,603,TRUE,0,TRUE,FALSE,FALSE,FALSE,FALSE,0,0,0,0,https://inec-cvr-cache.s3.eu-west-1.amazonaws.com/cached/results/103165/result_90682_1677682797_thumb.jpg
OYO,OYO EAST,OLUAJO,30-29-09-006,ONA AKA OLOOLA VILLAGE,51,140,TRUE,0,TRUE,FALSE,FALSE,FALSE,FALSE,0,0,0,0,https://inec-cvr-cache.s3.eu-west-1.amazonaws.com/cached/results/103167/result_90684_1677682520_thumb.jpg
OYO,OYO WEST,AKEETAN,30-30-01-003,AKEETAN BALE MARKET I,281,767,TRUE,0,TRUE,FALSE,FALSE,FALSE,FALSE,0,0,0,0,https://docs.inecelectionresults.net/elections_prod/1292/state/01/lga/30/ward/01/pu/003/003-1677381125.pdf
OYO,OYO WEST,AKEETAN,30-30-01-004,AKEETAN BALE MARKET II,234,784,TRUE,0,TRUE,FALSE,FALSE,FALSE,FALSE,0,0,0,0,https://docs.inecelectionresults.net/elections_prod/1292/state/01/lga/30/ward/01/pu/004/004-1677385872.pdf
OYO,OYO WEST,AKEETAN,30-30-01-005,ODOFIN AREA,220,642,TRUE,0,TRUE,FALSE,FALSE,FALSE,FALSE,0,0,0,0,https://docs.inecelectionresults.net/elections_prod/1292/state/01/lga/30/ward/01/pu/005/005-1677386563.pdf
OYO,OYO WEST,AKEETAN,30-30-01-006,IDI-OPE PRIMARY SCHOOL,205,689,TRUE,0,TRUE,FALSE,FALSE,FALSE,FALSE,0,0,0,0,https://docs.inecelectionresults.net/elections_prod/1292/state/01/lga/30/ward/01/pu/006/006-1677381944.pdf
OYO,OYO WEST,AKEETAN,30-30-01-007,ALAGBON JUNCTION,168,750,TRUE,0,TRUE,FALSE,FALSE,FALSE,FALSE,0,0,0,0,https://docs.inecelectionresults.net/elections_prod/1292/state/01/lga/30/ward/01/pu/007/007-1677382668.pdf
OYO,OYO WEST,AJOKIDERO/AKEWUGBERU,30-30-02-001,ANKURI,203,699,TRUE,0,TRUE,FALSE,FALSE,FALSE,FALSE,0,0,0,0,https://inec-cvr-cache.s3.eu-west-1.amazonaws.com/cached/results/103189/result_90723_1677582481_thumb.jpg
OYO,OYO WEST,AJOKIDERO/AKEWUGBERU,30-30-02-002,ASUNMO,214,588,TRUE,0,TRUE,FALSE,FALSE,FALSE,FALSE,0,0,0,0,https://inec-cvr-cache.s3.eu-west-1.amazonaws.com/cached/results/103190/result_90724_1677583931_thumb.jpg
OYO,OYO WEST,AJOKIDERO/AKEWUGBERU,30-30-02-003,OBALOLU I,200,747,TRUE,0,TRUE,FALSE,FALSE,FALSE,FALSE,0,0,0,0,https://inec-cvr-cache.s3.eu-west-1.amazonaws.com/cached/results/103191/result_90725_1677584985_thumb.jpg
OYO,OYO WEST,AJOKIDERO/AKEWUGBERU,30-30-02-006,ONALEMOLE,260,750,TRUE,0,TRUE,FALSE,FALSE,FALSE,FALSE,0,0,0,0,https://inec-cvr-cache.s3.eu-west-1.amazonaws.com/cached/results/103194/result_90728_1677587881_thumb.jpg
OYO,OYO WEST,AJOKIDERO/AKEWUGBERU,30-30-02-007,AJOKIDERO,224,567,TRUE,0,TRUE,FALSE,FALSE,FALSE,FALSE,163,1,45,1,https://inec-cvr-cache.s3.eu-west-1.amazonaws.com/cached/results/103195/result_90729_1677590274_thumb.jpg
OYO,OYO WEST,AJOKIDERO/AKEWUGBERU,30-30-02-009,AKEWUGBERU II,235,727,TRUE,0,TRUE,FALSE,FALSE,FALSE,FALSE,0,0,0,0,https://inec-cvr-cache.s3.eu-west-1.amazonaws.com/cached/results/103197/result_90731_1677591523_thumb.jpg
OYO,OYO WEST,AJOKIDERO/AKEWUGBERU,30-30-02-010,OLOYA VILLAGE,47,174,TRUE,0,TRUE,FALSE,FALSE,FALSE,FALSE,750,9,53,444,https://inec-cvr-cache.s3.eu-west-1.amazonaws.com/cached/results/103198/result_90732_1677592137_thumb.jpg
OYO,OYO WEST,AJOKIDERO/AKEWUGBERU,30-30-02-011,EGBEDA VILLAGE,95,382,TRUE,0,TRUE,FALSE,FALSE,FALSE,FALSE,0,0,0,0,https://inec-cvr-cache.s3.eu-west-1.amazonaws.com/cached/results/103199/result_90733_1677593027_thumb.jpg
OYO,OYO WEST,AJOKIDERO/AKEWUGBERU,30-30-02-012,OGUNDA VILLAGE,68,255,TRUE,0,TRUE,FALSE,FALSE,FALSE,FALSE,0,0,0,0,https://inec-cvr-cache.s3.eu-west-1.amazonaws.com/cached/results/103200/result_90734_1677594334_thumb.jpg
OYO,OYO WEST,AJOKIDERO/AKEWUGBERU,30-30-02-013,ELEJA/KELEBE VILLAGE,25,126,TRUE,0,TRUE,FALSE,FALSE,FALSE,FALSE,0,0,0,0,https://inec-cvr-cache.s3.eu-west-1.amazonaws.com/cached/results/103201/result_90735_1677594942_thumb.jpg
OYO,OYO WEST,FASOLA/SOKU,30-30-03-002,FASOLA II,250,685,TRUE,0,TRUE,FALSE,FALSE,FALSE,FALSE,0,0,0,0,https://docs.inecelectionresults.net/elections_prod/1292/state/01/lga/30/ward/03/pu/002/002-1677392281.pdf
OYO,OYO WEST,FASOLA/SOKU,30-30-03-003,BAPTIST SCHOOL. SOKU VILLAGE I,147,611,TRUE,0,TRUE,FALSE,FALSE,FALSE,FALSE,0,0,0,0,https://docs.inecelectionresults.net/elections_prod/1292/state/01/lga/30/ward/03/pu/003/003-1677392669.pdf
OYO,OYO WEST,FASOLA/SOKU,30-30-03-004,BAPTIST SCHOOL. SOKU VILLAGE II,119,404,TRUE,0,TRUE,FALSE,FALSE,FALSE,FALSE,0,0,0,0,https://docs.inecelectionresults.net/elections_prod/1292/state/01/lga/30/ward/03/pu/004/004-1677391802.pdf
OYO,OYO WEST,FASOLA/SOKU,30-30-03-005,EGUNBIYI VILLAGE,146,656,TRUE,0,TRUE,FALSE,FALSE,FALSE,FALSE,0,0,0,0,https://docs.inecelectionresults.net/elections_prod/1292/state/01/lga/30/ward/03/pu/005/005-1677392863.pdf
OYO,OYO WEST,FASOLA/SOKU,30-30-03-006,IGBOKEKERE VILLAGE,88,235,TRUE,0,TRUE,FALSE,FALSE,FALSE,FALSE,0,0,0,0,https://docs.inecelectionresults.net/elections_prod/1292/state/01/lga/30/ward/03/pu/006/006-1677386062.pdf
OYO,OYO WEST,FASOLA/SOKU,30-30-03-007,IYA IBEJI VILLAGE,79,262,TRUE,0,TRUE,FALSE,FALSE,FALSE,FALSE,0,0,0,0,https://docs.inecelectionresults.net/elections_prod/1292/state/01/lga/30/ward/03/pu/007/007-1677389646.pdf
OYO,OYO WEST,FASOLA/SOKU,30-30-03-008,ALADIE VILLAGE,155,383,TRUE,0,TRUE,FALSE,FALSE,FALSE,FALSE,0,0,0,0,https://docs.inecelectionresults.net/elections_prod/1292/state/01/lga/30/ward/03/pu/008/008-1677390209.pdf
OYO,OYO WEST,FASOLA/SOKU,30-30-03-009,OLUKOTUN VILLAGE,54,151,TRUE,0,TRUE,FALSE,FALSE,FALSE,FALSE,0,0,0,0,https://docs.inecelectionresults.net/elections_prod/1292/state/01/lga/30/ward/03/pu/009/009-1677384204.pdf
OYO,OYO WEST,FASOLA/SOKU,30-30-03-010,LAKONU VILLAGE,62,271,TRUE,0,TRUE,FALSE,FALSE,FALSE,FALSE,0,0,0,0,https://docs.inecelectionresults.net/elections_prod/1292/state/01/lga/30/ward/03/pu/010/010-1677390112.pdf
OYO,OYO WEST,FASOLA/SOKU,30-30-03-011,AKIN-NU VILLAGE,50,172,TRUE,0,TRUE,FALSE,FALSE,FALSE,FALSE,0,0,0,0,https://docs.inecelectionresults.net/elections_prod/1292/state/01/lga/30/ward/03/pu/011/011-1677390829.pdf
OYO,OYO WEST,FASOLA/SOKU,30-30-03-012,GBORUN/ONSA VILLAGE,51,313,TRUE,0,TRUE,FALSE,FALSE,FALSE,FALSE,0,0,0,0,https://docs.inecelectionresults.net/elections_prod/1292/state/01/lga/30/ward/03/pu/012/012-1677389089.pdf
OYO,OYO WEST,ISEKE,30-30-04-001,ISEKE MARKET I,210,725,TRUE,0,TRUE,FALSE,FALSE,FALSE,FALSE,0,0,0,0,https://docs.inecelectionresults.net/elections_prod/1292/state/01/lga/30/ward/04/pu/001/001-1677387960.pdf
OYO,OYO WEST,ISEKE,30-30-04-003,"ELEPE, OPEN SPACE",208,750,TRUE,0,TRUE,FALSE,FALSE,FALSE,FALSE,0,0,0,0,https://docs.inecelectionresults.net/elections_prod/1292/state/01/lga/30/ward/04/pu/003/003-1677385649.pdf
OYO,OYO WEST,ISEKE,30-30-04-004,"ELEYE, OPEN SPACE",198,750,TRUE,0,TRUE,FALSE,FALSE,FALSE,FALSE,0,0,0,0,https://docs.inecelectionresults.net/elections_prod/1292/state/01/lga/30/ward/04/pu/004/004-1677389870.pdf
OYO,OYO WEST,ISEKE,30-30-04-005,"OLUKOSI, OPEN SPACE",214,658,TRUE,0,TRUE,FALSE,FALSE,FALSE,FALSE,0,0,0,0,https://docs.inecelectionresults.net/elections_prod/1292/state/01/lga/30/ward/04/pu/005/005-1677392326.pdf
OYO,OYO WEST,ISEKE,30-30-04-006,"GOGO, OPEN SPACE",229,552,TRUE,0,TRUE,FALSE,FALSE,FALSE,FALSE,0,0,0,0,https://docs.inecelectionresults.net/elections_prod/1292/state/01/lga/30/ward/04/pu/006/006-1677382063.pdf
OYO,OYO WEST,ISEKE,30-30-04-007,"APOGIDAN, OPEN SPACE",225,593,TRUE,0,TRUE,FALSE,FALSE,FALSE,FALSE,0,0,0,0,https://docs.inecelectionresults.net/elections_prod/1292/state/01/lga/30/ward/04/pu/007/007-1677369597.pdf
OYO,OYO WEST,ISEKE,30-30-04-008,"EJEMU, OPEN SPACE",245,750,TRUE,0,TRUE,FALSE,FALSE,FALSE,FALSE,0,0,0,0,https://docs.inecelectionresults.net/elections_prod/1292/state/01/lga/30/ward/04/pu/008/008-1677395390.pdf
OYO,OYO WEST,ISOKUN I,30-30-05-008,OROWOLE VILLAGE,48,167,TRUE,0,TRUE,FALSE,FALSE,FALSE,FALSE,0,0,0,0,https://inec-cvr-cache.s3.eu-west-1.amazonaws.com/cached/results/103229/result_90766_1677774860_thumb.jpg
OYO,OYO WEST,ISOKUN II,30-30-06-003,OTUN ISOKUN MARADESA JUNCTION,168,750,TRUE,0,TRUE,FALSE,FALSE,FALSE,FALSE,0,0,0,0,https://docs.inecelectionresults.net/elections_prod/1292/state/01/lga/30/ward/06/pu/003/003-1677396534.pdf
OYO,OYO WEST,ISOKUN II,30-30-06-005,CELESTIAL AREA,206,750,TRUE,0,TRUE,FALSE,FALSE,FALSE,FALSE,0,0,0,0,https://docs.inecelectionresults.net/elections_prod/1292/state/01/lga/30/ward/06/pu/005/005-1677411412.pdf
OYO,OYO WEST,ISOKUN II,30-30-06-006,CELESTIAL ROAD,290,1085,TRUE,0,TRUE,FALSE,FALSE,FALSE,FALSE,0,0,0,0,https://docs.inecelectionresults.net/elections_prod/1292/state/01/lga/30/ward/06/pu/006/006-1677402891.pdf
OYO,OYO WEST,ISOKUN II,30-30-06-007,IYAJI TITUN LAYOUT,181,779,TRUE,0,TRUE,FALSE,FALSE,FALSE,FALSE,0,0,0,0,https://docs.inecelectionresults.net/elections_prod/1292/state/01/lga/30/ward/06/pu/007/007-1677408970.pdf
OYO,OYO WEST,ISOKUN II,30-30-06-008,GUDUGBU,247,750,TRUE,0,TRUE,FALSE,FALSE,FALSE,FALSE,0,0,0,0,https://docs.inecelectionresults.net/elections_prod/1292/state/01/lga/30/ward/06/pu/008/008-1677373548.pdf
OYO,OYO WEST,IYAJI,30-30-07-003,"IYAJI, OPEN SPACE",218,750,TRUE,0,TRUE,TRUE,FALSE,FALSE,TRUE,187,7,68,0,https://docs.inecelectionresults.net/elections_prod/1292/state/01/lga/30/ward/07/pu/003/003-1677414647.pdf
OYO,OYO WEST,IYAJI,30-30-07-006,"EBU ALAPO, OPEN SPACE",169,658,TRUE,0,TRUE,FALSE,FALSE,FALSE,FALSE,0,0,0,0,https://docs.inecelectionresults.net/elections_prod/1292/state/01/lga/30/ward/07/pu/006/006-1677419047.pdf
OYO,OYO WEST,IYAJI,30-30-07-008,"ABOGUNDE, OPEN SPACE",160,457,TRUE,0,TRUE,FALSE,FALSE,FALSE,FALSE,0,0,0,0,https://docs.inecelectionresults.net/elections_prod/1292/state/01/lga/30/ward/07/pu/008/008-1677416120.pdf
OYO,OYO WEST,IYAJI,30-30-07-009,"AKIN-NU, OPEN SPACE",202,506,TRUE,0,TRUE,FALSE,FALSE,FALSE,FALSE,0,0,0,0,https://docs.inecelectionresults.net/elections_prod/1292/state/01/lga/30/ward/07/pu/009/009-1677418161.pdf
OYO,OYO WEST,OPAPA,30-30-08-001,"ALAGBEDE, OPEN SPACE",256,750,TRUE,0,TRUE,FALSE,FALSE,FALSE,FALSE,0,0,0,0,https://docs.inecelectionresults.net/elections_prod/1292/state/01/lga/30/ward/08/pu/001/001-1677386115.pdf
OYO,OYO WEST,OPAPA,30-30-08-002,"OSIDASA, OPEN SPACE",179,638,TRUE,0,TRUE,FALSE,FALSE,FALSE,FALSE,0,0,0,0,https://docs.inecelectionresults.net/elections_prod/1292/state/01/lga/30/ward/08/pu/002/002-1677386859.pdf
OYO,OYO WEST,OPAPA,30-30-08-003,"FATUKE, OPEN SPACE",251,750,TRUE,0,TRUE,FALSE,FALSE,FALSE,FALSE,769,16,9,907,https://docs.inecelectionresults.net/elections_prod/1292/state/01/lga/30/ward/08/pu/003/003-1677387634.pdf
OYO,OYO WEST,OPAPA,30-30-08-004,"EDUN, OPEN SPACE",217,750,TRUE,0,TRUE,FALSE,FALSE,FALSE,FALSE,0,0,0,0,https://docs.inecelectionresults.net/elections_prod/1292/state/01/lga/30/ward/08/pu/004/004-1677388143.pdf
OYO,OYO WEST,OPAPA,30-30-08-005,"OGBEYO, OPEN SPACE",300,750,TRUE,0,TRUE,FALSE,FALSE,FALSE,FALSE,0,0,0,0,https://docs.inecelectionresults.net/elections_prod/1292/state/01/lga/30/ward/08/pu/005/005-1677388605.pdf
OYO,OYO WEST,OPAPA,30-30-08-006,BABA IBADAN OPEN SPACE,183,709,TRUE,0,TRUE,FALSE,FALSE,FALSE,FALSE,0,0,0,0,https://docs.inecelectionresults.net/elections_prod/1292/state/01/lga/30/ward/08/pu/006/006-1677389721.pdf
OYO,OYO WEST,OPAPA,30-30-08-007,"OPAPA/ASEKE, OPEN SPACE",198,750,TRUE,0,TRUE,FALSE,FALSE,FALSE,FALSE,0,0,0,0,https://docs.inecelectionresults.net/elections_prod/1292/state/01/lga/30/ward/08/pu/007/007-1677392977.pdf
OYO,OYO WEST,OWODE,30-30-09-001,AGODONGBO SAWMILL AREA,168,744,TRUE,0,TRUE,FALSE,FALSE,FALSE,FALSE,0,0,0,0,https://docs.inecelectionresults.net/elections_prod/1292/state/01/lga/30/ward/09/pu/001/001-1677389213.pdf
OYO,OYO WEST,OWODE,30-30-09-010,AKEETAN ATINGISI,201,750,TRUE,0,TRUE,FALSE,FALSE,FALSE,FALSE,0,0,0,0,https://docs.inecelectionresults.net/elections_prod/1292/state/01/lga/30/ward/09/pu/010/010-1677365836.pdf
OYO,OYO WEST,OWODE,30-30-09-011,ALAKA ESTATE,201,750,TRUE,0,TRUE,FALSE,FALSE,FALSE,FALSE,0,0,0,0,https://docs.inecelectionresults.net/elections_prod/1292/state/01/lga/30/ward/09/pu/011/011-1677370185.pdf
OYO,OYO WEST,PAKOYI/IDODE,30-30-10-001,"PAKOYI, OPEN SPACE I",248,662,TRUE,0,TRUE,FALSE,FALSE,FALSE,FALSE,0,0,0,0,https://docs.inecelectionresults.net/elections_prod/1292/state/01/lga/30/ward/10/pu/001/001-1677367616.pdf
OYO,OYO WEST,PAKOYI/IDODE,30-30-10-002,"PAKOYI, OPEN SPACE II",250,750,TRUE,0,TRUE,FALSE,FALSE,FALSE,FALSE,0,0,0,0,https://docs.inecelectionresults.net/elections_prod/1292/state/01/lga/30/ward/10/pu/002/002-1677391873.pdf
OYO,OYO WEST,PAKOYI/IDODE,30-30-10-003,"BESIN, OPEN SPACE",240,566,TRUE,0,TRUE,FALSE,FALSE,FALSE,FALSE,0,0,0,0,https://docs.inecelectionresults.net/elections_prod/1292/state/01/lga/30/ward/10/pu/003/003-1677399693.pdf
OYO,OYO WEST,PAKOYI/IDODE,30-30-10-004,"KOLOBO, OPEN SPACE",266,750,TRUE,0,TRUE,FALSE,FALSE,FALSE,FALSE,0,0,0,0,https://docs.inecelectionresults.net/elections_prod/1292/state/01/lga/30/ward/10/pu/004/004-1677388744.pdf
OYO,OYO WEST,PAKOYI/IDODE,30-30-10-005,"OLU-EWU, OPEN SPACE",295,750,TRUE,0,TRUE,FALSE,FALSE,FALSE,FALSE,0,0,0,0,https://docs.inecelectionresults.net/elections_prod/1292/state/01/lga/30/ward/10/pu/005/005-1677364542.pdf
OYO,OYO WEST,PAKOYI/IDODE,30-30-10-006,"IDODE, OPEN SPACE",269,750,TRUE,0,TRUE,FALSE,FALSE,FALSE,FALSE,0,0,0,0,https://docs.inecelectionresults.net/elections_prod/1292/state/01/lga/30/ward/10/pu/006/006-1677387845.pdf
OYO,OYO WEST,PAKOYI/IDODE,30-30-10-007,ALAKITAN/ONLADA,225,666,TRUE,0,TRUE,FALSE,FALSE,FALSE,FALSE,0,0,0,0,https://docs.inecelectionresults.net/elections_prod/1292/state/01/lga/30/ward/10/pu/007/007-1677366839.pdf
OYO,OYO WEST,PAKOYI/IDODE,30-30-10-008,"IYALAJE, OPEN SPACE",287,692,TRUE,0,TRUE,FALSE,FALSE,FALSE,FALSE,0,0,0,0,https://inec-cvr-cache.s3.eu-west-1.amazonaws.com/cached/results/103281/result_90848_1677499911_thumb.jpg
OYO,SAKI EAST,AGBONLE,30-31-01-005,"ABA ILADO, AGBONLE",58,332,TRUE,0,TRUE,FALSE,FALSE,FALSE,FALSE,0,0,0,0,https://docs.inecelectionresults.net/elections_prod/1292/state/01/lga/31/ward/01/pu/005/005-1677362720.pdf
OYO,SAKI EAST,AGO AMODU I,30-31-02-008,"ITA ALAPO OKE, AGO AMODU",78,396,TRUE,0,TRUE,FALSE,FALSE,FALSE,FALSE,0,0,0,0,https://docs.inecelectionresults.net/elections_prod/1292/state/01/lga/31/ward/02/pu/008/008-1677396416.pdf
OYO,SAKI EAST,AGO AMODU II,30-31-03-001,L.G. DISP. AGO-AMODU,174,618,TRUE,0,TRUE,FALSE,FALSE,FALSE,FALSE,0,0,0,0,https://docs.inecelectionresults.net/elections_prod/1292/state/01/lga/31/ward/03/pu/001/001-1677381766.pdf
OYO,SAKI EAST,AGO AMODU II,30-31-03-004,"ODE OJU OJA, AGO AMODU II",154,497,TRUE,0,TRUE,FALSE,FALSE,FALSE,FALSE,0,0,0,0,https://docs.inecelectionresults.net/elections_prod/1292/state/01/lga/31/ward/03/pu/004/004-1677381349.pdf
OYO,SAKI EAST,AGO AMODU II,30-31-03-005,"ODE BABA META, AGO AMODU",125,455,TRUE,0,TRUE,FALSE,FALSE,FALSE,FALSE,0,0,0,0,https://docs.inecelectionresults.net/elections_prod/1292/state/01/lga/31/ward/03/pu/005/005-1677371365.pdf
OYO,SAKI EAST,AGO AMODU II,30-31-03-007,OLUSAMI TRANSFORMER,63,247,TRUE,0,TRUE,FALSE,FALSE,FALSE,FALSE,37,5,12,1,https://docs.inecelectionresults.net/elections_prod/1292/state/01/lga/31/ward/03/pu/007/007-1677384398.pdf
OYO,SAKI EAST,AGO AMODU II,30-31-03-008,ABA ALADURA,35,154,TRUE,0,TRUE,FALSE,FALSE,FALSE,FALSE,0,0,0,0,https://docs.inecelectionresults.net/elections_prod/1292/state/01/lga/31/ward/03/pu/008/008-1677383972.pdf
OYO,SAKI EAST,AGO AMODU II,30-31-03-009,BUDO BANKI,57,462,TRUE,0,TRUE,FALSE,FALSE,FALSE,FALSE,0,0,0,0,https://docs.inecelectionresults.net/elections_prod/1292/state/01/lga/31/ward/03/pu/009/009-1677383196.pdf
OYO,SAKI EAST,OGBOORO I,30-31-04-001,"MATERNITY CENTRE, OGBOORO I",234,582,TRUE,0,TRUE,FALSE,FALSE,FALSE,FALSE,0,0,0,0,https://docs.inecelectionresults.net/elections_prod/1292/state/01/lga/31/ward/04/pu/001/001-1677394062.pdf
OYO,SAKI EAST,OGBOORO I,30-31-04-002,"MATERNITY CENTRE, OGBOORO II",140,448,TRUE,0,TRUE,FALSE,FALSE,FALSE,FALSE,0,0,0,0,https://docs.inecelectionresults.net/elections_prod/1292/state/01/lga/31/ward/04/pu/002/002-1677394355.pdf
OYO,SAKI EAST,OGBOORO I,30-31-04-003,"BAPTIST PRIMARY SCHOOL, OGBOORO I",267,717,TRUE,0,TRUE,FALSE,FALSE,FALSE,FALSE,0,0,0,0,https://docs.inecelectionresults.net/elections_prod/1292/state/01/lga/31/ward/04/pu/003/003-1677394170.pdf
OYO,SAKI EAST,OGBOORO I,30-31-04-004,"BAPTIST PRIMARY SCHOOL, OGBOORO II",165,549,TRUE,0,TRUE,FALSE,FALSE,FALSE,FALSE,0,0,0,0,https://docs.inecelectionresults.net/elections_prod/1292/state/01/lga/31/ward/04/pu/004/004-1677395035.pdf
OYO,SAKI EAST,OGBOORO I,30-31-04-005,"A.U.D. PRIMARY SCHOOL, OGBOORO I",254,588,TRUE,0,TRUE,FALSE,FALSE,FALSE,FALSE,0,0,0,0,https://docs.inecelectionresults.net/elections_prod/1292/state/01/lga/31/ward/04/pu/005/005-1677395581.pdf
OYO,SAKI EAST,OGBOORO I,30-31-04-006,"A.U.D. PRIMARY SCHOOL, OGBOORO II",192,514,TRUE,0,TRUE,FALSE,FALSE,FALSE,FALSE,0,0,0,0,https://docs.inecelectionresults.net/elections_prod/1292/state/01/lga/31/ward/04/pu/006/006-1677397301.pdf
OYO,SAKI EAST,OGBOORO I,30-31-04-007,"AYETORO, OGBOORO",193,634,TRUE,0,TRUE,FALSE,FALSE,FALSE,FALSE,0,0,0,0,https://docs.inecelectionresults.net/elections_prod/1292/state/01/lga/31/ward/04/pu/007/007-1677395782.pdf
OYO,SAKI EAST,OGBOORO I,30-31-04-008,"ABA ALAJUBA, OGBOORO",93,557,TRUE,0,TRUE,FALSE,FALSE,FALSE,FALSE,0,0,0,0,https://docs.inecelectionresults.net/elections_prod/1292/state/01/lga/31/ward/04/pu/008/008-1677397876.pdf
OYO,SAKI EAST,OGBOORO I,30-31-04-009,"ABA OJUMOKAN, OGBOORO",71,810,TRUE,0,TRUE,FALSE,FALSE,FALSE,FALSE,0,0,0,0,https://docs.inecelectionresults.net/elections_prod/1292/state/01/lga/31/ward/04/pu/009/009-1677397786.pdf
OYO,SAKI EAST,OGBOORO II,30-31-05-001,"AYEBOOPO I, OGBOORO A",252,730,TRUE,0,TRUE,FALSE,FALSE,FALSE,FALSE,0,0,0,0,https://docs.inecelectionresults.net/elections_prod/1292/state/01/lga/31/ward/05/pu/001/001-1677400590.pdf
OYO,SAKI EAST,OGBOORO II,30-31-05-002,"AYEBOOPO I, OGBOORO B",220,567,TRUE,0,TRUE,FALSE,FALSE,FALSE,FALSE,0,0,0,0,https://docs.inecelectionresults.net/elections_prod/1292/state/01/lga/31/ward/05/pu/002/002-1677398707.pdf
OYO,SAKI EAST,OGBOORO II,30-31-05-003,"AYEBOOPO II, OGBOORO A",186,559,TRUE,0,TRUE,FALSE,FALSE,FALSE,FALSE,0,0,0,0,https://docs.inecelectionresults.net/elections_prod/1292/state/01/lga/31/ward/05/pu/003/003-1677399176.pdf
OYO,SAKI EAST,OGBOORO II,30-31-05-004,"AYEBOOPO II, OGBOORO B",155,449,TRUE,0,TRUE,FALSE,FALSE,FALSE,FALSE,0,0,0,0,https://docs.inecelectionresults.net/elections_prod/1292/state/01/lga/31/ward/05/pu/004/004-1677401773.pdf
OYO,SAKI EAST,OGBOORO II,30-31-05-005,"ABA DAODU, OGBOORO",82,397,TRUE,0,TRUE,FALSE,FALSE,FALSE,FALSE,0,0,0,0,https://docs.inecelectionresults.net/elections_prod/1292/state/01/lga/31/ward/05/pu/005/005-1677401958.pdf
OYO,SAKI EAST,OGBOORO II,30-31-05-006,"ABA OLANIYAN, OGBOORO I",100,516,TRUE,0,TRUE,FALSE,FALSE,FALSE,FALSE,0,0,0,0,https://docs.inecelectionresults.net/elections_prod/1292/state/01/lga/31/ward/05/pu/006/006-1677403293.pdf
OYO,SAKI EAST,OGBOORO II,30-31-05-007,"ABA OLANIYAN, OGBOORO II",37,422,TRUE,0,TRUE,FALSE,FALSE,FALSE,FALSE,0,0,0,0,https://docs.inecelectionresults.net/elections_prod/1292/state/01/lga/31/ward/05/pu/007/007-1677405423.pdf
OYO,SAKI EAST,OGBOORO II,30-31-05-008,"ABA APATA, OGBOORO",48,270,TRUE,0,TRUE,FALSE,FALSE,FALSE,FALSE,0,0,0,0,https://docs.inecelectionresults.net/elections_prod/1292/state/01/lga/31/ward/05/pu/008/008-1677393531.pdf
OYO,SAKI EAST,OGBOORO II,30-31-05-009,"ABA AMUKOKO, OGBOORO",59,442,TRUE,0,TRUE,FALSE,FALSE,FALSE,FALSE,0,0,0,0,https://docs.inecelectionresults.net/elections_prod/1292/state/01/lga/31/ward/05/pu/009/009-1677395694.pdf
OYO,SAKI EAST,OJE OWODE I,30-31-06-003,"COMMUNITY PRIMARY SCHOOL, OJE OWODE II",269,628,TRUE,0,TRUE,FALSE,FALSE,FALSE,FALSE,0,0,0,0,https://docs.inecelectionresults.net/elections_prod/1292/state/1/lga/3764/ward/25045/pu/104427/104427-1677518915.pdf
OYO,SAKI EAST,OJE OWODE I,30-31-06-004,"COURT HALL, OJE OWODE",99,356,TRUE,0,TRUE,FALSE,FALSE,FALSE,FALSE,0,0,0,0,https://docs.inecelectionresults.net/elections_prod/1292/state/1/lga/3764/ward/25045/pu/104428/104428-1677523408.pdf
OYO,SAKI EAST,SEPETERI I,30-31-08-001,"COMMUNITY PRIMARY SCHOOL, SEPETERI I",222,749,TRUE,0,TRUE,FALSE,FALSE,FALSE,FALSE,0,0,0,0,https://docs.inecelectionresults.net/elections_prod/1292/state/01/lga/31/ward/08/pu/001/001-1677394799.pdf
OYO,SAKI EAST,SEPETERI I,30-31-08-002,"COMMUNITY PRIMARY SCHOOL, SEPETERI II",215,632,TRUE,0,TRUE,FALSE,FALSE,FALSE,FALSE,0,0,0,0,https://docs.inecelectionresults.net/elections_prod/1292/state/01/lga/31/ward/08/pu/002/002-1677396526.pdf
OYO,SAKI EAST,SEPETERI I,30-31-08-003,"ODE ALAPO, SEPETERI",193,538,TRUE,0,TRUE,FALSE,FALSE,FALSE,FALSE,0,0,0,0,https://docs.inecelectionresults.net/elections_prod/1292/state/01/lga/31/ward/08/pu/003/003-1677396853.pdf
OYO,SAKI EAST,SEPETERI I,30-31-08-004,"ODE OTUN AGORO, SEPETERI I",197,539,TRUE,0,TRUE,FALSE,FALSE,FALSE,FALSE,0,0,0,0,https://docs.inecelectionresults.net/elections_prod/1292/state/01/lga/31/ward/08/pu/004/004-1677397467.pdf
OYO,SAKI EAST,SEPETERI I,30-31-08-005,"ODE OTUN AGORO, SEPETERI II",100,317,TRUE,0,TRUE,FALSE,FALSE,FALSE,FALSE,0,0,0,0,https://docs.inecelectionresults.net/elections_prod/1292/state/01/lga/31/ward/08/pu/005/005-1677398322.pdf
OYO,SAKI EAST,SEPETERI I,30-31-08-006,"ODE LAKU, SEPETERI",180,480,TRUE,0,TRUE,FALSE,FALSE,FALSE,FALSE,0,0,0,0,https://docs.inecelectionresults.net/elections_prod/1292/state/01/lga/31/ward/08/pu/006/006-1677399596.pdf
OYO,SAKI EAST,SEPETERI I,30-31-08-007,"ODE OGUNTE, SEPETERI",145,451,TRUE,0,TRUE,FALSE,FALSE,FALSE,FALSE,0,0,0,0,https://docs.inecelectionresults.net/elections_prod/1292/state/01/lga/31/ward/08/pu/007/007-1677401054.pdf
OYO,SAKI EAST,SEPETERI I,30-31-08-008,"ABA ALESINLOYE, SEPETERI",61,450,TRUE,0,TRUE,FALSE,FALSE,FALSE,FALSE,0,0,0,0,https://docs.inecelectionresults.net/elections_prod/1292/state/01/lga/31/ward/08/pu/008/008-1677401536.pdf
OYO,SAKI EAST,SEPETERI I,30-31-08-009,"ABA AMODI, SEPETERI",65,432,TRUE,0,TRUE,FALSE,FALSE,FALSE,FALSE,0,0,0,0,https://docs.inecelectionresults.net/elections_prod/1292/state/01/lga/31/ward/08/pu/009/009-1677403081.pdf
OYO,SAKI EAST,SEPETERI II,30-31-09-001,"BAPTIST PRIMARY SCHOOL, SEPETERI",247,803,TRUE,0,TRUE,FALSE,FALSE,FALSE,FALSE,0,0,0,0,https://docs.inecelectionresults.net/elections_prod/1292/state/01/lga/31/ward/09/pu/001/001-1677391065.pdf
OYO,SAKI EAST,SEPETERI II,30-31-09-002,"ODE ALOGUNLODE, SEPETERI",179,526,TRUE,0,TRUE,FALSE,FALSE,FALSE,FALSE,0,0,0,0,https://docs.inecelectionresults.net/elections_prod/1292/state/01/lga/31/ward/09/pu/002/002-1677394100.pdf
OYO,SAKI EAST,SEPETERI II,30-31-09-003,"ODE ASU, SEPETERI",181,572,TRUE,0,TRUE,FALSE,FALSE,FALSE,FALSE,0,0,0,0,https://docs.inecelectionresults.net/elections_prod/1292/state/01/lga/31/ward/09/pu/003/003-1677397633.pdf
OYO,SAKI EAST,SEPETERI II,30-31-09-004,"ODE BABA OLAIFA, SEPETERI",164,560,TRUE,0,TRUE,FALSE,FALSE,FALSE,FALSE,0,0,0,0,https://docs.inecelectionresults.net/elections_prod/1292/state/01/lga/31/ward/09/pu/004/004-1677403455.pdf
OYO,SAKI EAST,SEPETERI II,30-31-09-005,"ABA KANGA, SEPETERI",48,254,TRUE,0,TRUE,FALSE,FALSE,FALSE,FALSE,0,0,0,0,https://docs.inecelectionresults.net/elections_prod/1292/state/01/lga/31/ward/09/pu/005/005-1677391734.pdf
OYO,SAKI EAST,SEPETERI II,30-31-09-006,"ABA OGUNSIPE, SEPETERI",128,695,TRUE,0,TRUE,FALSE,FALSE,FALSE,FALSE,0,0,0,0,https://docs.inecelectionresults.net/elections_prod/1292/state/01/lga/31/ward/09/pu/006/006-1677394743.pdf
OYO,SAKI EAST,SEPETERI II,30-31-09-007,"ABA ONIKOSA, SEPETERI",36,494,TRUE,0,TRUE,FALSE,FALSE,FALSE,FALSE,0,0,0,0,https://docs.inecelectionresults.net/elections_prod/1292/state/01/lga/31/ward/09/pu/007/007-1677398646.pdf
OYO,SAKI EAST,SEPETERI II,30-31-09-008,"ABA IYAKE, SEPETERI",36,296,TRUE,0,TRUE,FALSE,FALSE,FALSE,FALSE,0,0,0,0,https://docs.inecelectionresults.net/elections_prod/1292/state/01/lga/31/ward/09/pu/008/008-1677392378.pdf
OYO,SAKI EAST,SEPETERI III,30-31-10-001,"COURT HALL, SEPETERI I",233,753,TRUE,0,TRUE,FALSE,FALSE,FALSE,FALSE,0,0,0,0,https://docs.inecelectionresults.net/elections_prod/1292/state/01/lga/31/ward/10/pu/001/001-1677387863.pdf
OYO,SAKI EAST,SEPETERI III,30-31-10-002,"COURT HALL, SEPETERI II",174,634,TRUE,0,TRUE,FALSE,FALSE,FALSE,FALSE,0,0,0,0,https://docs.inecelectionresults.net/elections_prod/1292/state/01/lga/31/ward/10/pu/002/002-1677388978.pdf
OYO,SAKI EAST,SEPETERI III,30-31-10-003,"ODE BAALE IYAKUN, SEPETERI",189,588,TRUE,0,TRUE,FALSE,FALSE,FALSE,FALSE,0,0,0,0,https://docs.inecelectionresults.net/elections_prod/1292/state/01/lga/31/ward/10/pu/003/003-1677389586.pdf
OYO,SAKI EAST,SEPETERI III,30-31-10-004,"ODE IYALAJE, SEPETERI",109,325,TRUE,0,TRUE,FALSE,FALSE,FALSE,FALSE,0,0,0,0,https://docs.inecelectionresults.net/elections_prod/1292/state/01/lga/31/ward/10/pu/004/004-1677391302.pdf
OYO,SAKI EAST,SEPETERI III,30-31-10-005,"ODE OBA ONISANBO, SEPETERI",101,394,TRUE,0,TRUE,FALSE,FALSE,FALSE,FALSE,0,0,0,0,https://docs.inecelectionresults.net/elections_prod/1292/state/01/lga/31/ward/10/pu/005/005-1677396377.pdf
OYO,SAKI EAST,SEPETERI III,30-31-10-006,"ODE KOJUSOBA, SEPETERI",94,287,TRUE,0,TRUE,FALSE,FALSE,FALSE,FALSE,0,0,0,0,https://docs.inecelectionresults.net/elections_prod/1292/state/01/lga/31/ward/10/pu/006/006-1677392831.pdf
OYO,SAKI EAST,SEPETERI III,30-31-10-007,"ODE OWOLABI DADA, SEPETERI",107,307,TRUE,0,TRUE,FALSE,FALSE,FALSE,FALSE,0,0,0,0,https://docs.inecelectionresults.net/elections_prod/1292/state/01/lga/31/ward/10/pu/007/007-1677393633.pdf
OYO,SAKI EAST,SEPETERI III,30-31-10-008,"ISALE AKINDIN, SEPETERI",195,510,TRUE,0,TRUE,FALSE,FALSE,FALSE,FALSE,0,0,0,0,https://docs.inecelectionresults.net/elections_prod/1292/state/01/lga/31/ward/10/pu/008/008-1677394557.pdf
OYO,SAKI EAST,SEPETERI III,30-31-10-009,"GAA KEWULERE, SEPETERI",128,795,TRUE,0,TRUE,FALSE,FALSE,FALSE,FALSE,0,0,0,0,https://docs.inecelectionresults.net/elections_prod/1292/state/01/lga/31/ward/10/pu/009/009-1677395145.pdf
OYO,SAKI EAST,SEPETERI IV,30-31-11-008,"ABA WORU, SEPETERI",17,100,TRUE,0,TRUE,FALSE,FALSE,FALSE,FALSE,8,0,6,0,https://inec-cvr-cache.s3.eu-west-1.amazonaws.com/cached/results/103382/result_90956_1677501794_thumb.jpg
OYO,SAKI WEST,AGANMU/KOOKO,30-32-01-001,BAMOBI'S HOUSE,143,560,TRUE,0,TRUE,FALSE,FALSE,FALSE,FALSE,54,4,33,0,https://docs.inecelectionresults.net/elections_prod/1292/state/1/lga/3765/ward/25051/pu/104481/104481-1677588966.pdf
OYO,SAKI WEST,AGANMU/KOOKO,30-32-01-008,AYEKALE BAPTIST PRIMARY SCHOOL,202,591,TRUE,0,TRUE,FALSE,FALSE,FALSE,FALSE,0,0,0,0,https://docs.inecelectionresults.net/elections_prod/1292/state/01/lga/32/ward/01/pu/008/008-1677373745.pdf
OYO,SAKI WEST,AJEGUNLE,30-32-02-003,CHRIST ANGLICAN SCHOOL III,142,636,TRUE,0,TRUE,FALSE,FALSE,FALSE,FALSE,81,20,18,0,https://docs.inecelectionresults.net/elections_prod/1292/state/1/lga/3765/ward/25052/pu/104500/104500-1677775630.pdf
OYO,SAKI WEST,AJEGUNLE,30-32-02-004,CHRIST ANGLICAN SCHOOL IV,118,546,TRUE,0,TRUE,FALSE,FALSE,FALSE,FALSE,0,0,0,0,https://docs.inecelectionresults.net/elections_prod/1292/state/1/lga/3765/ward/25052/pu/104501/104501-1677776040.pdf
OYO,SAKI WEST,AJEGUNLE,30-32-02-023,FRONT OF ALADE'S HOUSE III,36,206,TRUE,0,TRUE,FALSE,FALSE,FALSE,FALSE,0,0,0,0,https://docs.inecelectionresults.net/elections_prod/1292/state/1/lga/3765/ward/25052/pu/104520/104520-1677787816.pdf
OYO,SAKI WEST,AJEGUNLE,30-32-02-024,FRONT OF ALADE'S HOUSE IV,116,430,TRUE,0,TRUE,FALSE,FALSE,FALSE,FALSE,0,0,0,0,https://docs.inecelectionresults.net/elections_prod/1292/state/1/lga/3765/ward/25052/pu/104521/104521-1677788961.pdf
OYO,SAKI WEST,AJEGUNLE,30-32-02-025,PALAPALA MARKET,29,329,TRUE,0,TRUE,FALSE,FALSE,FALSE,FALSE,0,0,0,0,https://docs.inecelectionresults.net/elections_prod/1292/state/1/lga/3765/ward/25052/pu/104522/104522-1677789263.pdf
OYO,SAKI WEST,AJEGUNLE,30-32-02-026,IDI-ERO (KOOMI ROAD),37,266,TRUE,0,TRUE,FALSE,FALSE,FALSE,FALSE,0,0,0,0,https://docs.inecelectionresults.net/elections_prod/1292/state/1/lga/3765/ward/25052/pu/104523/104523-1677790376.pdf
OYO,SAKI WEST,AJEGUNLE,30-32-02-028,APINNITE COCA COLA,192,748,TRUE,0,TRUE,FALSE,FALSE,FALSE,FALSE,0,0,0,0,https://docs.inecelectionresults.net/elections_prod/1292/state/1/lga/3765/ward/25052/pu/104525/104525-1677832660.pdf
OYO,SAKI WEST,AJEGUNLE,30-32-02-029,APINNITE (TEMPLE),221,750,TRUE,0,TRUE,FALSE,FALSE,FALSE,FALSE,0,0,0,0,https://docs.inecelectionresults.net/elections_prod/1292/state/1/lga/3765/ward/25052/pu/104526/104526-1677833797.pdf
OYO,SAKI WEST,EKOKAN / IMUA,30-32-04-001,"COMMUNITY PRIMARY SCHOOL, OWODE",62,395,TRUE,0,TRUE,FALSE,FALSE,FALSE,FALSE,0,0,0,0,https://docs.inecelectionresults.net/elections_prod/1292/state/01/lga/32/ward/04/pu/001/001-1677418330.pdf
OYO,SAKI WEST,EKOKAN / IMUA,30-32-04-003,"COMMUNITY PRIMARY SCHOOL, SANNI SALA II",134,564,TRUE,0,TRUE,FALSE,FALSE,FALSE,FALSE,0,0,0,0,https://docs.inecelectionresults.net/elections_prod/1292/state/01/lga/32/ward/04/pu/003/003-1677395764.pdf
OYO,SAKI WEST,EKOKAN / IMUA,30-32-04-004,BUDO ALI OKERETE,120,609,TRUE,0,TRUE,FALSE,FALSE,FALSE,FALSE,0,0,0,0,https://docs.inecelectionresults.net/elections_prod/1292/state/01/lga/32/ward/04/pu/004/004-1677397534.pdf
OYO,SAKI WEST,EKOKAN / IMUA,30-32-04-005,ORITA (OKERETE),90,475,TRUE,0,TRUE,FALSE,FALSE,FALSE,FALSE,0,0,0,0,https://docs.inecelectionresults.net/elections_prod/1292/state/01/lga/32/ward/04/pu/005/005-1677406959.pdf
OYO,SAKI WEST,EKOKAN / IMUA,30-32-04-006,ATAYE,78,511,TRUE,0,TRUE,FALSE,FALSE,FALSE,FALSE,0,0,0,0,https://docs.inecelectionresults.net/elections_prod/1292/state/01/lga/32/ward/04/pu/006/006-1677396189.pdf
OYO,SAKI WEST,EKOKAN / IMUA,30-32-04-007,"COMMUNITY PRIMARY SCHOOL, EKOKAN I",138,601,TRUE,0,TRUE,FALSE,FALSE,FALSE,FALSE,0,0,0,0,https://docs.inecelectionresults.net/elections_prod/1292/state/01/lga/32/ward/04/pu/007/007-1677395801.pdf
OYO,SAKI WEST,EKOKAN / IMUA,30-32-04-008,"COMMUNITY PRIMARY SCHOOL, EKOKAN II",127,539,TRUE,0,TRUE,FALSE,FALSE,FALSE,FALSE,0,0,0,0,https://docs.inecelectionresults.net/elections_prod/1292/state/01/lga/32/ward/04/pu/008/008-1677426332.pdf
OYO,SAKI WEST,EKOKAN / IMUA,30-32-04-011,"COMMUNITY PRIMARY SCHOOL, ONIGBONGBO I",50,280,TRUE,0,TRUE,FALSE,FALSE,FALSE,FALSE,0,0,0,0,https://docs.inecelectionresults.net/elections_prod/1292/state/01/lga/32/ward/04/pu/010/010-1677411318.pdf
OYO,SAKI WEST,EKOKAN / IMUA,30-32-04-012,ABA OGBOMOSO,186,718,TRUE,0,TRUE,FALSE,FALSE,FALSE,FALSE,0,0,0,0,https://docs.inecelectionresults.net/elections_prod/1292/state/01/lga/32/ward/04/pu/012/012-1677410745.pdf
OYO,SAKI WEST,EKOKAN / IMUA,30-32-04-014,WASANGARE ALABAFE,92,696,TRUE,0,TRUE,FALSE,FALSE,FALSE,FALSE,0,0,0,0,https://docs.inecelectionresults.net/elections_prod/1292/state/01/lga/32/ward/04/pu/014/014-1677406549.pdf
OYO,SAKI WEST,IYA,30-32-05-003,N.U.D. SCHOOL SANGO III,232,750,TRUE,0,TRUE,FALSE,FALSE,FALSE,FALSE,0,0,0,0,https://docs.inecelectionresults.net/elections_prod/1292/state/1/lga/3765/ward/25055/pu/104559/104559-1677578187.pdf
OYO,SAKI WEST,IYA,30-32-05-006,FRONT OF BABA-ISALE II,163,554,TRUE,0,TRUE,FALSE,FALSE,FALSE,FALSE,0,0,0,0,https://docs.inecelectionresults.net/elections_prod/1292/state/01/lga/32/ward/05/pu/006/006-1677400477.pdf
OYO,SAKI WEST,IYA,30-32-05-009,IYA DISPENSARY II,181,580,TRUE,0,TRUE,FALSE,FALSE,FALSE,FALSE,124,6,22,22,https://docs.inecelectionresults.net/elections_prod/1292/state/1/lga/3765/ward/25055/pu/104565/104565-1677576944.pdf
OYO,SAKI WEST,IYA,30-32-05-014,AFRICAN BAPTIST SCHOOL III,138,434,TRUE,0,TRUE,FALSE,FALSE,FALSE,FALSE,0,0,0,0,https://docs.inecelectionresults.net/elections_prod/1292/state/1/lga/3765/ward/25055/pu/104570/104570-1677501533.pdf
OYO,SAKI WEST,IYA,30-32-05-019,SHITTU ORE,202,616,TRUE,0,TRUE,FALSE,FALSE,FALSE,FALSE,0,0,0,0,https://docs.inecelectionresults.net/elections_prod/1292/state/01/lga/32/ward/05/pu/019/019-1677404389.pdf
OYO,SAKI WEST,OGIDIGBO/KINNIKINNI,30-32-06-003,"L.A. SCHOOL, ONIKEKE I",115,378,TRUE,0,TRUE,FALSE,FALSE,FALSE,FALSE,0,0,0,0,https://docs.inecelectionresults.net/elections_prod/1292/state/01/lga/32/ward/06/pu/003/003-1677405275.pdf
OYO,SAKI WEST,OGIDIGBO/KINNIKINNI,30-32-06-007,ODO-OSUN I,242,750,TRUE,0,TRUE,FALSE,FALSE,FALSE,FALSE,0,0,0,0,https://docs.inecelectionresults.net/elections_prod/1292/state/1/lga/3765/ward/25056/pu/104582/104582-1677588169.pdf
OYO,SAKI WEST,OKE-ORO,30-32-07-001,OKE-ORO MARKET I,111,398,TRUE,0,TRUE,FALSE,FALSE,FALSE,FALSE,0,0,0,0,https://docs.inecelectionresults.net/elections_prod/1292/state/01/lga/32/ward/07/pu/001/001-1677424622.pdf
OYO,SAKI WEST,OKE-ORO,30-32-07-002,OKE-ORO MARKET II,148,520,TRUE,0,TRUE,FALSE,FALSE,FALSE,FALSE,0,0,0,0,https://docs.inecelectionresults.net/elections_prod/1292/state/01/lga/32/ward/07/pu/002/002-1677423494.pdf
OYO,SAKI WEST,OKE-ORO,30-32-07-003,OKE-ORO MARKET III,144,615,TRUE,0,TRUE,FALSE,FALSE,FALSE,FALSE,0,0,0,0,https://docs.inecelectionresults.net/elections_prod/1292/state/01/lga/32/ward/07/pu/003/003-1677411087.pdf
OYO,SAKI WEST,OKE-ORO,30-32-07-004,AJEGUNLE BAPTIST SCHOOL I,171,750,TRUE,0,TRUE,FALSE,FALSE,FALSE,FALSE,0,0,0,0,https://docs.inecelectionresults.net/elections_prod/1292/state/01/lga/32/ward/07/pu/004/004-1677420887.pdf
OYO,SAKI WEST,OKE-ORO,30-32-07-007,TABA DISPENSARY I,242,750,TRUE,0,TRUE,FALSE,FALSE,FALSE,FALSE,0,0,0,0,https://docs.inecelectionresults.net/elections_prod/1292/state/01/lga/32/ward/07/pu/007/007-1677416612.pdf
OYO,SAKI WEST,OKE-ORO,30-32-07-009,COOPERATIVE BANK,212,750,TRUE,0,TRUE,FALSE,FALSE,FALSE,FALSE,0,0,0,0,https://docs.inecelectionresults.net/elections_prod/1292/state/01/lga/32/ward/07/pu/009/009-1677417398.pdf
OYO,SAKI WEST,OKERE I,30-32-08-009,ADABO MARKET II,78,301,TRUE,0,TRUE,FALSE,FALSE,FALSE,FALSE,0,0,0,0,https://docs.inecelectionresults.net/elections_prod/1292/state/01/lga/32/ward/08/pu/009/009-1677403228.pdf
OYO,SAKI WEST,OKERE II,30-32-09-005,OLD VETERINARY I,221,767,TRUE,0,TRUE,FALSE,FALSE,FALSE,FALSE,166,19,0,0,https://inec-cvr-cache.s3.eu-west-1.amazonaws.com/cached/results/103527/result_91116_1677516755_thumb.jpg
OYO,SAKI WEST,SANGOTE/BOODA/BAABO/ILUA,30-32-10-003,ARARO NEAR WATER TAP II,98,421,TRUE,0,TRUE,FALSE,FALSE,FALSE,FALSE,0,0,0,0,https://inec-cvr-cache.s3.eu-west-1.amazonaws.com/cached/results/103543/result_91142_1677716836_thumb.jpg
OYO,SAKI WEST,SANGOTE/BOODA/BAABO/ILUA,30-32-10-006,ELEEGO AREA,146,599,TRUE,0,TRUE,FALSE,FALSE,FALSE,FALSE,0,0,0,0,https://inec-cvr-cache.s3.eu-west-1.amazonaws.com/cached/results/103546/result_91145_1677717175_thumb.jpg
OYO,SAKI WEST,SANGOTE/BOODA/BAABO/ILUA,30-32-10-007,ITA BAALE BAABO I,114,639,TRUE,0,TRUE,FALSE,FALSE,FALSE,FALSE,54,4,32,3,https://inec-cvr-cache.s3.eu-west-1.amazonaws.com/cached/results/103547/result_91146_1677717282_thumb.jpg
OYO,SAKI WEST,SANGOTE/BOODA/BAABO/ILUA,30-32-10-016,OGIDIGBO MARKET I,115,404,TRUE,0,TRUE,FALSE,FALSE,FALSE,FALSE,0,0,0,0,https://inec-cvr-cache.s3.eu-west-1.amazonaws.com/cached/results/103556/result_91155_1677718122_thumb.jpg
OYO,SAKI WEST,SANGOTE/BOODA/BAABO/ILUA,30-32-10-017,OGIDIGBO MARKET II,71,257,TRUE,0,TRUE,FALSE,FALSE,FALSE,FALSE,0,0,0,0,https://inec-cvr-cache.s3.eu-west-1.amazonaws.com/cached/results/103557/result_91156_1677718205_thumb.jpg
OYO,SAKI WEST,SANGOTE/BOODA/BAABO/ILUA,30-32-10-019,SANGOTE,195,624,TRUE,0,TRUE,TRUE,FALSE,FALSE,FALSE,116,10,45,1,https://inec-cvr-cache.s3.eu-west-1.amazonaws.com/cached/results/103559/result_91158_1677718367_thumb.jpg
OYO,SAKI WEST,SANGOTE/BOODA/BAABO/ILUA,30-32-10-021,SANGOTE AREA,123,355,TRUE,0,TRUE,FALSE,FALSE,FALSE,FALSE,76,4,50,0,https://inec-cvr-cache.s3.eu-west-1.amazonaws.com/cached/results/103561/result_91160_1677718529_thumb.jpg
OYO,SURULERE,BAYA-OJE,30-33-01-008,IKOLABA/OGUNBA PRIMARY SCHOOL,120,388,TRUE,0,TRUE,FALSE,FALSE,FALSE,FALSE,0,0,0,0,https://docs.inecelectionresults.net/elections_prod/1292/state/01/lga/33/ward/01/pu/008/008-1677377157.pdf
OYO,SURULERE,BAYA-OJE,30-33-01-010,MUMUNI VILLAGE I,173,590,TRUE,0,TRUE,FALSE,FALSE,FALSE,FALSE,0,0,0,0,https://docs.inecelectionresults.net/elections_prod/1292/state/01/lga/33/ward/01/pu/010/010-1677360379.pdf
OYO,SURULERE,IGBON/GAMBARI,30-33-02-002,ALATE VILLAGE,235,750,TRUE,0,TRUE,FALSE,FALSE,FALSE,FALSE,0,0,0,0,https://docs.inecelectionresults.net/elections_prod/1292/state/01/lga/33/ward/02/pu/002/002-1677383047.pdf
OYO,SURULERE,IGBON/GAMBARI,30-33-02-004,EGBEDA (ABAA),201,750,TRUE,0,TRUE,FALSE,FALSE,FALSE,FALSE,0,0,0,0,https://docs.inecelectionresults.net/elections_prod/1292/state/01/lga/33/ward/02/pu/004/004-1677382978.pdf
OYO,SURULERE,IGBON/GAMBARI,30-33-02-006,GAMBARI SCHOOL,220,621,TRUE,0,TRUE,FALSE,FALSE,FALSE,FALSE,0,0,0,0,https://docs.inecelectionresults.net/elections_prod/1292/state/01/lga/33/ward/02/pu/006/006-1677369080.pdf
OYO,SURULERE,IGBON/GAMBARI,30-33-02-008,GAMBARI MARKET II,226,845,TRUE,0,TRUE,FALSE,FALSE,FALSE,FALSE,0,0,0,0,https://docs.inecelectionresults.net/elections_prod/1292/state/01/lga/33/ward/02/pu/008/008-1677383198.pdf
OYO,SURULERE,IGBON/GAMBARI,30-33-02-009,GAMBARI MARKET III,211,750,TRUE,0,TRUE,FALSE,FALSE,FALSE,FALSE,0,0,0,0,https://docs.inecelectionresults.net/elections_prod/1292/state/01/lga/33/ward/02/pu/009/009-1677393262.pdf
OYO,SURULERE,IGBON/GAMBARI,30-33-02-010,GBEDE VILLAGE I,188,420,TRUE,0,TRUE,FALSE,FALSE,FALSE,FALSE,0,0,0,0,https://docs.inecelectionresults.net/elections_prod/1292/state/01/lga/33/ward/02/pu/010/010-1677383980.pdf
OYO,SURULERE,IGBON/GAMBARI,30-33-02-011,GBEDE VILLAGE II,204,654,TRUE,0,TRUE,FALSE,FALSE,FALSE,FALSE,0,0,0,0,https://docs.inecelectionresults.net/elections_prod/1292/state/01/lga/33/ward/02/pu/011/011-1677382925.pdf
OYO,SURULERE,IGBON/GAMBARI,30-33-02-013,IGBON N.U.D. PRIMARY SCHOOL II,196,659,TRUE,0,TRUE,FALSE,FALSE,FALSE,FALSE,0,0,0,0,https://docs.inecelectionresults.net/elections_prod/1292/state/01/lga/33/ward/02/pu/013/013-1677384675.pdf
OYO,SURULERE,IGBON/GAMBARI,30-33-02-014,IGBON N.U.D. PRIMARY SCHOOL III,71,214,TRUE,0,TRUE,FALSE,FALSE,FALSE,FALSE,0,0,0,0,https://docs.inecelectionresults.net/elections_prod/1292/state/01/lga/33/ward/02/pu/014/014-1677363509.pdf
OYO,SURULERE,IGBON/GAMBARI,30-33-02-015,IYELU VILLAGE,188,461,TRUE,0,TRUE,FALSE,FALSE,FALSE,FALSE,0,0,0,0,https://docs.inecelectionresults.net/elections_prod/1292/state/01/lga/33/ward/02/pu/015/015-1677388665.pdf
OYO,SURULERE,IRESAAPA,30-33-03-012,MAYA (ONIKOKO ABOGUNDE),155,313,TRUE,0,TRUE,FALSE,FALSE,FALSE,FALSE,0,0,0,0,https://docs.inecelectionresults.net/elections_prod/1292/state/01/lga/33/ward/03/pu/012/012-1677378316.pdf
OYO,SURULERE,IRESAAPA,30-33-03-013,OGAALA VILLAGE I,81,257,TRUE,0,TRUE,FALSE,FALSE,FALSE,FALSE,0,0,0,0,https://docs.inecelectionresults.net/elections_prod/1292/state/1/lga/3766/ward/25064/pu/104725/104725-1677520155.pdf
OYO,SURULERE,AROLU,30-33-04-010,IKUNSIN VILLAGE I,227,489,TRUE,0,TRUE,FALSE,FALSE,FALSE,FALSE,0,0,0,0,https://docs.inecelectionresults.net/elections_prod/1292/state/01/lga/33/ward/04/pu/010/010-1677403081.pdf
OYO,SURULERE,AROLU,30-33-04-012,IRANYIN VILLAGE I,256,616,TRUE,0,TRUE,FALSE,FALSE,FALSE,FALSE,0,0,0,0,https://docs.inecelectionresults.net/elections_prod/1292/state/1/lga/3766/ward/25065/pu/104740/104740-1677507848.pdf
OYO,SURULERE,AROLU,30-33-04-013,IRANYIN VILLAGE II,178,440,TRUE,0,TRUE,FALSE,FALSE,FALSE,FALSE,0,0,0,0,https://docs.inecelectionresults.net/elections_prod/1292/state/01/lga/33/ward/04/pu/013/013-1677406842.pdf
OYO,SURULERE,AROLU,30-33-04-014,IRANYIN VILLAGE II,178,440,TRUE,0,TRUE,FALSE,FALSE,FALSE,FALSE,0,0,0,0,https://docs.inecelectionresults.net/elections_prod/1292/state/01/lga/33/ward/04/pu/013/013-1677406842.pdf
OYO,SURULERE,IRESAADU,30-33-05-002,OLOSE VILLAGE,243,573,TRUE,0,TRUE,FALSE,FALSE,FALSE,FALSE,113,38,59,3,https://docs.inecelectionresults.net/elections_prod/1292/state/01/lga/33/ward/05/pu/002/002-1677385071.pdf
OYO,SURULERE,IRESAADU,30-33-05-003,ELESINMETA VILLAGE,183,410,TRUE,0,TRUE,FALSE,FALSE,FALSE,FALSE,0,0,0,0,https://docs.inecelectionresults.net/elections_prod/1292/state/01/lga/33/ward/05/pu/003/003-1677384849.pdf
OYO,SURULERE,IRESAADU,30-33-05-006,IRESAADU MARKET I,276,772,TRUE,0,TRUE,FALSE,FALSE,FALSE,FALSE,75,25,145,0,https://docs.inecelectionresults.net/elections_prod/1292/state/01/lga/33/ward/05/pu/006/006-1677385201.pdf
OYO,SURULERE,IRESAADU,30-33-05-010,OLUKOSI VILLAGE I,102,297,TRUE,0,TRUE,FALSE,FALSE,FALSE,FALSE,0,0,0,0,https://docs.inecelectionresults.net/elections_prod/1292/state/01/lga/33/ward/05/pu/010/010-1677384217.pdf
OYO,SURULERE,IREGBA,30-33-06-001,IDI ORI VILLAGE,258,542,TRUE,0,TRUE,FALSE,FALSE,FALSE,FALSE,0,0,0,0,https://docs.inecelectionresults.net/elections_prod/1292/state/01/lga/33/ward/06/pu/001/001-1677364153.pdf
OYO,SURULERE,IREGBA,30-33-06-005,IREGBA PRIMARY SCHOOL I,202,550,TRUE,0,TRUE,FALSE,FALSE,FALSE,FALSE,0,0,0,0,https://docs.inecelectionresults.net/elections_prod/1292/state/01/lga/33/ward/06/pu/005/005-1677406687.pdf
OYO,SURULERE,IREGBA,30-33-06-008,IREGBA MARKET II,167,416,TRUE,0,TRUE,FALSE,FALSE,FALSE,FALSE,0,0,0,0,https://docs.inecelectionresults.net/elections_prod/1292/state/01/lga/33/ward/06/pu/008/008-1677390552.pdf
OYO,SURULERE,IREGBA,30-33-06-012,FASINA VILLAGE,47,255,TRUE,0,TRUE,FALSE,FALSE,FALSE,FALSE,0,0,0,0,https://docs.inecelectionresults.net/elections_prod/1292/state/01/lga/33/ward/06/pu/012/012-1677370702.pdf
OYO,SURULERE,IREGBA,30-33-06-015,SADIWIN VILLAGE,277,710,TRUE,0,TRUE,FALSE,FALSE,FALSE,FALSE,0,0,0,0,https://docs.inecelectionresults.net/elections_prod/1292/state/01/lga/33/ward/06/pu/015/015-1677365417.pdf
OYO,SURULERE,IWOFIN,30-33-07-005,IWOFIN VILLAGE II,141,485,TRUE,0,TRUE,FALSE,FALSE,FALSE,FALSE,63,12,45,0,https://docs.inecelectionresults.net/elections_prod/1292/state/01/lga/33/ward/07/pu/005/005-1677390751.pdf
OYO,SURULERE,IWOFIN,30-33-07-009,ORI ERAN VILLAGE (ILOTA),216,562,TRUE,0,TRUE,FALSE,FALSE,FALSE,FALSE,131,31,32,2,https://docs.inecelectionresults.net/elections_prod/1292/state/01/lga/33/ward/07/pu/009/009-1677389397.pdf
OYO,SURULERE,ILAJUE,30-33-09-008,IKOLO VILLAGE II,63,155,TRUE,0,TRUE,FALSE,FALSE,FALSE,FALSE,0,0,0,0,https://docs.inecelectionresults.net/elections_prod/1292/state/01/lga/33/ward/09/pu/008/008-1677367331.pdf
OYO,SURULERE,ILAJUE,30-33-09-009,ILAJUE PRIMARY SCHOOL,193,417,TRUE,0,TRUE,TRUE,FALSE,FALSE,FALSE,83,1,17,0,https://docs.inecelectionresults.net/elections_prod/1292/state/01/lga/33/ward/09/pu/009/009-1677385565.pdf
OYO,SURULERE,ILAJUE,30-33-09-010,ILAJUE,160,402,TRUE,0,TRUE,FALSE,FALSE,FALSE,FALSE,0,0,0,0,https://docs.inecelectionresults.net/elections_prod/1292/state/01/lga/33/ward/09/pu/010/010-1677377123.pdf
OYO,SURULERE,ILAJUE,30-33-09-011,OKE AWON,122,216,TRUE,0,TRUE,FALSE,FALSE,FALSE,FALSE,0,0,0,0,https://docs.inecelectionresults.net/elections_prod/1292/state/01/lga/33/ward/09/pu/011/011-1677371533.pdf
OYO,SURULERE,ILAJUE,30-33-09-015,LAEGE PRIMARY SCHOOL,100,254,TRUE,0,TRUE,FALSE,FALSE,FALSE,FALSE,42,5,40,1,https://docs.inecelectionresults.net/elections_prod/1292/state/01/lga/33/ward/09/pu/015/015-1677380646.pdf
OYO,SURULERE,MAYIN,30-33-10-015,TEMIDIRE VILLAGE,101,259,TRUE,0,TRUE,FALSE,FALSE,FALSE,FALSE,0,0,0,0,https://docs.inecelectionresults.net/elections_prod/1292/state/01/lga/33/ward/10/pu/015/015-1677399471.pdf
OYO,AFIJIO,ILORA I,30-01-01-008,OLAOSUN OPEN SPACE,205,459,TRUE,0,TRUE,FALSE,FALSE,FALSE,FALSE,0,0,0,0,https://docs.inecelectionresults.net/elections_prod/1292/state/1/lga/3734/ward/24721/pu/100050/100050-1677597735.pdf
OYO,OYO WEST,ISOKUN II,30-30-06-010,OLUWATEDO VILLAGE,30,197,TRUE,0,TRUE,FALSE,FALSE,FALSE,FALSE,0,0,0,0,https://docs.inecelectionresults.net/elections_prod/1292/state/01/lga/30/ward/06/pu/010/010-1677416218.pdf
OYO,OYO WEST,ISOKUN II,30-30-06-011,"BAPTIST PRIMARY SCHOOL, OLUWATEDO VILLAGE",58,294,TRUE,0,TRUE,FALSE,FALSE,FALSE,FALSE,0,0,0,0,https://docs.inecelectionresults.net/elections_prod/1292/state/01/lga/30/ward/06/pu/011/011-1677408240.pdf
OYO,IBARAPA NORTH,AYETE I,30-13-01-013,IMOFIN MOSQUE III,75,288,TRUE,0,TRUE,FALSE,FALSE,FALSE,FALSE,0,0,0,0,https://docs.inecelectionresults.net/elections_prod/1292/state/01/lga/13/ward/01/pu/013/013-1677413251.pdf
OYO,OYO WEST,ISOKUN I,30-30-05-013,OJUTAYE VILLAGE,57,243,TRUE,0,TRUE,FALSE,FALSE,FALSE,FALSE,0,0,0,0,https://inec-cvr-cache.s3.eu-west-1.amazonaws.com/cached/results/214331/result_90771_1677776671_thumb.jpg
OYO,IBARAPA NORTH,AYETE I,30-13-01-014,BALE KAA,73,211,TRUE,0,TRUE,FALSE,FALSE,FALSE,FALSE,0,0,0,0,https://docs.inecelectionresults.net/elections_prod/1292/state/1/lga/3746/ward/24853/pu/102382/102382-1677533187.pdf
OYO,AFIJIO,ILORA I,30-01-01-009,"OPEN SPACE AT ONIGBONGBO  I, AREA, ILORA",167,275,TRUE,0,TRUE,FALSE,FALSE,FALSE,FALSE,0,0,0,0,https://docs.inecelectionresults.net/elections_prod/1292/state/1/lga/3734/ward/24721/pu/167486/167486-1677598168.pdf
OYO,AFIJIO,ILORA I,30-01-01-011,"OPEN SPACE AT IFESOWAPO COMM,OPP AFOS FARMS, ILORA",121,310,TRUE,0,TRUE,FALSE,FALSE,FALSE,FALSE,0,0,0,0,https://docs.inecelectionresults.net/elections_prod/1292/state/1/lga/3734/ward/24721/pu/167488/167488-1677595723.pdf
OYO,AFIJIO,ILORA I,30-01-01-012,OPEN SPACE ONIGBONGBO II,96,284,TRUE,0,TRUE,FALSE,FALSE,FALSE,FALSE,0,0,0,0,https://docs.inecelectionresults.net/elections_prod/1292/state/1/lga/3734/ward/24721/pu/167489/167489-1677596297.pdf
OYO,AFIJIO,ILORA III,30-01-03-007,"ALAWUSA PRY SCHOOL, ILORA",71,187,TRUE,0,TRUE,FALSE,FALSE,FALSE,FALSE,0,0,0,0,https://docs.inecelectionresults.net/elections_prod/1292/state/1/lga/3734/ward/24723/pu/167495/167495-1677590225.pdf
OYO,AFIJIO,ILORA I,30-01-01-010,"OPEN SPACE, AT AYEFELE",200,424,TRUE,0,TRUE,FALSE,FALSE,FALSE,FALSE,0,0,0,0,https://docs.inecelectionresults.net/elections_prod/1292/state/1/lga/3734/ward/24721/pu/167487/167487-1677598752.pdf
OYO,AKINYELE,ARULOGUN/ENIOSA/ARORO,30-02-03-010,INU KOKO COMMUNITY,100,207,TRUE,0,TRUE,FALSE,FALSE,FALSE,TRUE,54,34,11,0,https://inec-cvr-cache.s3.eu-west-1.amazonaws.com/cached/results/663566/result_85076_1677612682_thumb.jpg
OYO,AKINYELE,ARULOGUN/ENIOSA/ARORO,30-02-03-017,"ADJACENT C&S CHURCH, ATAPA",9,18,TRUE,0,TRUE,FALSE,FALSE,FALSE,TRUE,4,2,0,0,https://inec-cvr-cache.s3.eu-west-1.amazonaws.com/cached/results/663573/result_85083_1677511567_thumb.jpg
OYO,AKINYELE,IWOKOTO/TALONTAN/IDI-ORO,30-02-07-009,"IWOKOTO COMMUNITY GRAMMAR SCHOOL, OLUBO",36,51,TRUE,0,TRUE,TRUE,FALSE,FALSE,FALSE,1,200,10,5,https://inec-cvr-cache.s3.eu-west-1.amazonaws.com/cached/results/663579/result_85188_1677576166_thumb.jpg
OYO,AKINYELE,OJO-EMO/MONIYA,30-02-05-022,OLORORO SAW-MILL II,55,142,TRUE,0,TRUE,FALSE,FALSE,FALSE,FALSE,0,0,0,0,https://inec-cvr-cache.s3.eu-west-1.amazonaws.com/cached/results/663583/result_85112_1677600061_thumb.jpg
OYO,AKINYELE,OJO-EMO/MONIYA,30-02-05-023,"OPEN SPACE, AKINGBILE ZONE 1, UNIT 3",180,750,TRUE,0,TRUE,FALSE,FALSE,FALSE,FALSE,84,61,19,0,https://inec-cvr-cache.s3.eu-west-1.amazonaws.com/cached/results/663584/result_85113_1677508223_thumb.jpg
OYO,AKINYELE,OJO-EMO/MONIYA,30-02-05-041,OPEN SPACE SAGBE JUNCTION,125,632,TRUE,0,TRUE,TRUE,FALSE,FALSE,FALSE,62,36,12,0,https://inec-cvr-cache.s3.eu-west-1.amazonaws.com/cached/results/663602/result_85131_1677563227_thumb.jpg
OYO,AKINYELE,OJO-EMO/MONIYA,30-02-05-043,SAGBE COMMUNITY PRIMARY SCHOOL,47,146,TRUE,0,TRUE,FALSE,FALSE,FALSE,FALSE,0,0,0,0,https://inec-cvr-cache.s3.eu-west-1.amazonaws.com/cached/results/663604/result_85133_1677605671_thumb.jpg
OYO,AKINYELE,OJO-EMO/MONIYA,30-02-05-059,"OPEN SPACE BARRACKS, MONIYA",153,750,TRUE,0,TRUE,FALSE,FALSE,FALSE,FALSE,0,0,0,0,https://inec-cvr-cache.s3.eu-west-1.amazonaws.com/cached/results/663620/result_85149_1677597987_thumb.jpg
OYO,AKINYELE,OJO-EMO/MONIYA,30-02-05-070,TEMIDIRE TANFEANI (OPEN SPACE) ,180,342,TRUE,0,TRUE,FALSE,FALSE,FALSE,FALSE,0,0,0,0,https://inec-cvr-cache.s3.eu-west-1.amazonaws.com/cached/results/663631/result_85160_1677603833_thumb.jpg
OYO,AKINYELE,OJOO/AJIBODE/LANIBA,30-02-08-052,"OPEN SPACE  RAINBOW, ALAGBAYUN AREA",186,672,TRUE,0,TRUE,FALSE,FALSE,FALSE,FALSE,0,0,0,0,https://docs.inecelectionresults.net/elections_prod/1292/state/1/lga/3735/ward/24738/pu/167579/167579-1677476857.pdf
OYO,AKINYELE,OJOO/AJIBODE/LANIBA,30-02-08-057,"OPEN SPACE, AYIGBIRI CLOSE TO GOFAMINT",151,750,TRUE,0,TRUE,FALSE,FALSE,FALSE,FALSE,0,0,0,0,https://docs.inecelectionresults.net/elections/1292/1677448877-167584.pdf
OYO,AKINYELE,OJOO/AJIBODE/LANIBA,30-02-08-063,OPEN SPACE TRINITY JUNCTION,216,750,TRUE,0,TRUE,FALSE,FALSE,FALSE,FALSE,0,0,0,0,https://docs.inecelectionresults.net/elections_prod/1292/state/01/lga/02/ward/08/pu/063/063-1677424318.pdf
OYO,AKINYELE,OJOO/AJIBODE/LANIBA,30-02-08-064,OPEN SPACE ABATAKAN,59,143,TRUE,0,TRUE,FALSE,FALSE,FALSE,FALSE,24,22,8,0,https://inec-cvr-cache.s3.eu-west-1.amazonaws.com/cached/results/663650/result_85252_1677501279_thumb.jpg
OYO,AKINYELE,OJOO/AJIBODE/LANIBA,30-02-08-068,OPEN SPACE CLOSE TO IDI ORI CENTRAL MOSQUE,20,44,TRUE,0,TRUE,FALSE,FALSE,FALSE,FALSE,0,0,0,0,https://docs.inecelectionresults.net/elections_prod/1292/state/1/lga/3735/ward/24738/pu/167595/167595-1677460542.pdf
OYO,AKINYELE,OJOO/AJIBODE/LANIBA,30-02-08-070,OPEN SPACE TEMIDIRE JAKAN,108,341,TRUE,0,TRUE,FALSE,FALSE,FALSE,TRUE,120,16,18,0,https://inec-cvr-cache.s3.eu-west-1.amazonaws.com/cached/results/663656/result_85258_1677502671_thumb.jpg
OYO,AKINYELE,OJOO/AJIBODE/LANIBA,30-02-08-075,OPEN SPACE ABA OPA,81,336,TRUE,0,TRUE,FALSE,FALSE,FALSE,FALSE,0,0,0,0,https://docs.inecelectionresults.net/elections_prod/1292/state/1/lga/3735/ward/24738/pu/167602/167602-1677474403.pdf
OYO,AKINYELE,OJOO/AJIBODE/LANIBA,30-02-08-076,OPEN SPACE ISOKAN JUNCTION CLOSE TO ALAKA,55,151,TRUE,0,TRUE,FALSE,FALSE,FALSE,FALSE,0,0,0,0,https://inec-cvr-cache.s3.eu-west-1.amazonaws.com/cached/results/663662/result_85264_1677504233_thumb.jpg
OYO,AKINYELE,OJOO/AJIBODE/LANIBA,30-02-08-079,OPEN SPACE ADEOLE/OLEGE STREET CLOSE TO AJIGBOTOLUWA MOSQUE,57,341,TRUE,0,TRUE,FALSE,FALSE,FALSE,FALSE,0,0,0,0,https://docs.inecelectionresults.net/elections_prod/1292/state/1/lga/3735/ward/24738/pu/167606/167606-1677476333.pdf
OYO,AKINYELE,OJOO/AJIBODE/LANIBA,30-02-08-088,OPEN SPACE ADEGOKE ADENIRAN STREET,78,285,TRUE,0,TRUE,FALSE,FALSE,FALSE,FALSE,0,0,0,0,https://inec-cvr-cache.s3.eu-west-1.amazonaws.com/cached/results/663674/result_85276_1677503303_thumb.jpg
OYO,ATIBA,AGUNPOPO I,30-03-05-008,OPEN SPACE AT OKORO/GBODOROKO.,75,185,TRUE,0,TRUE,FALSE,FALSE,FALSE,FALSE,0,0,0,0,https://docs.inecelectionresults.net/elections_prod/1292/state/01/lga/03/ward/05/pu/008/008-1677426331.pdf
OYO,ATIBA,AGUNPOPO I,30-03-05-009,OPEN SPACE IDI-AGBON.,47,100,TRUE,0,TRUE,FALSE,FALSE,FALSE,FALSE,0,0,0,0,https://docs.inecelectionresults.net/elections_prod/1292/state/01/lga/03/ward/05/pu/009/009-1677425459.pdf
OYO,ATIBA,AGUNPOPO I,30-03-05-010,"OPEN SPACE, AWELEWA COMPOUND.",53,145,TRUE,0,TRUE,FALSE,FALSE,FALSE,FALSE,0,0,0,0,https://docs.inecelectionresults.net/elections_prod/1292/state/1/lga/3736/ward/24747/pu/167645/167645-1677486642.pdf
OYO,ATIBA,AGUNPOPO I,30-03-05-011,OPEN SPACE OPPOSITE IFE-OLUWA BAPTIST CHURCH.,145,566,TRUE,0,TRUE,FALSE,FALSE,FALSE,FALSE,0,0,0,0,https://docs.inecelectionresults.net/elections_prod/1292/state/01/lga/03/ward/05/pu/011/011-1677424213.pdf
OYO,ATIBA,AGUNPOPO I,30-03-05-012,INSIDE OKE-OLOLA JUNIOR SECONDARY SCHOOL.,166,750,TRUE,0,TRUE,FALSE,FALSE,FALSE,FALSE,0,0,0,0,https://docs.inecelectionresults.net/elections_prod/1292/state/1/lga/3736/ward/24747/pu/167647/167647-1677486799.pdf
OYO,ATIBA,AGUNPOPO I,30-03-05-013,OPEN SPACE ALADOTA,86,195,TRUE,0,TRUE,FALSE,FALSE,FALSE,FALSE,0,0,0,0,https://docs.inecelectionresults.net/elections_prod/1292/state/01/lga/03/ward/05/pu/013/013-1677404697.pdf
OYO,ATIBA,AGUNPOPO I,30-03-05-014,ALAAFIN HIGH SCHOOL,175,499,TRUE,0,TRUE,FALSE,FALSE,FALSE,FALSE,0,0,0,0,https://docs.inecelectionresults.net/elections_prod/1292/state/1/lga/3736/ward/24747/pu/167649/167649-1677490080.pdf
OYO,ATIBA,AGUNPOPO I,30-03-05-015,OPEN SPACE OLUKOKUN/SEMBE,48,116,TRUE,0,TRUE,FALSE,FALSE,FALSE,FALSE,0,0,0,0,https://docs.inecelectionresults.net/elections_prod/1292/state/01/lga/03/ward/05/pu/015/015-1677424144.pdf
OYO,ATIBA,AGUNPOPO II,30-03-06-015,"OPEN SPACE, DAWONRULOGUN COMPOUND",102,220,TRUE,0,TRUE,FALSE,FALSE,FALSE,FALSE,0,0,0,0,https://docs.inecelectionresults.net/elections_prod/1292/state/1/lga/3736/ward/24748/pu/167651/167651-1677480339.pdf
OYO,ATIBA,AGUNPOPO II,30-03-06-016,OPEN SPACE OLUKOKUN,104,300,TRUE,0,TRUE,FALSE,FALSE,FALSE,FALSE,0,0,0,0,https://docs.inecelectionresults.net/elections_prod/1292/state/1/lga/3736/ward/24748/pu/167652/167652-1677484804.pdf
OYO,ATIBA,AGUNPOPO II,30-03-06-017,OPEN SPACE LAGUNNA JUNCTION,248,697,TRUE,0,TRUE,FALSE,FALSE,FALSE,FALSE,0,0,0,0,https://docs.inecelectionresults.net/elections_prod/1292/state/1/lga/3736/ward/24748/pu/167653/167653-1677476198.pdf
OYO,ATIBA,AGUNPOPO III,30-03-07-011,"OPEN SPACE, ALADADE COMPOUND.",56,107,TRUE,0,TRUE,FALSE,FALSE,FALSE,FALSE,0,0,0,0,https://docs.inecelectionresults.net/elections_prod/1292/state/1/lga/3736/ward/24749/pu/167654/167654-1677462438.pdf
OYO,ATIBA,AGUNPOPO III,30-03-07-012,"GBENGA OYEKOLA SCHEME, LANE 1 JUNCTION",298,750,TRUE,0,TRUE,FALSE,FALSE,FALSE,FALSE,0,0,0,0,https://docs.inecelectionresults.net/elections_prod/1292/state/01/lga/03/ward/07/pu/012/012-1677427484.pdf
OYO,ATIBA,AGUNPOPO III,30-03-07-013,OPEN SPACE OLOYE WELDER,193,750,TRUE,0,TRUE,FALSE,FALSE,FALSE,FALSE,0,0,0,0,https://docs.inecelectionresults.net/elections_prod/1292/state/01/lga/03/ward/07/pu/013/013-1677427854.pdf
OYO,ATIBA,AGUNPOPO III,30-03-07-014,OPEN SPACE OLOMOWEWE HEALTH CENTRE,258,750,TRUE,0,TRUE,FALSE,FALSE,FALSE,FALSE,0,0,0,0,https://docs.inecelectionresults.net/elections_prod/1292/state/01/lga/03/ward/07/pu/014/014-1677426034.pdf
OYO,ATIBA,AGUNPOPO III,30-03-07-015,OPEN SPACE GARRI FACTORY BOROBORO,174,618,TRUE,0,TRUE,FALSE,FALSE,FALSE,FALSE,0,0,0,0,https://docs.inecelectionresults.net/elections_prod/1292/state/1/lga/3736/ward/24749/pu/167658/167658-1677464303.pdf
OYO,ATIBA,AGUNPOPO III,30-03-07-016,OPEN SPACE GARRI FACTORY BOROBORO,174,618,TRUE,0,TRUE,FALSE,FALSE,FALSE,FALSE,0,0,0,0,https://docs.inecelectionresults.net/elections_prod/1292/state/1/lga/3736/ward/24749/pu/167658/167658-1677464303.pdf
OYO,ATIBA,AGUNPOPO III,30-03-07-017,"OPEN SPACE, OLD SECRETARIAT",113,330,TRUE,0,TRUE,FALSE,FALSE,FALSE,FALSE,0,0,0,0,https://docs.inecelectionresults.net/elections_prod/1292/state/1/lga/3736/ward/24749/pu/167660/167660-1677463196.pdf
OYO,ATIBA,AGUNPOPO III,30-03-07-018,"OPEN SPACE, IBA SAMU JUNCTION",150,371,TRUE,0,TRUE,FALSE,FALSE,FALSE,FALSE,0,0,0,0,https://docs.inecelectionresults.net/elections_prod/1292/state/1/lga/3736/ward/24749/pu/167661/167661-1677469911.pdf
OYO,ATIBA,AREMO,30-03-03-007,"OPEN SPACE, IKOLABA COMPOUND.",150,256,TRUE,0,TRUE,FALSE,FALSE,FALSE,FALSE,0,0,0,0,https://docs.inecelectionresults.net/elections_prod/1292/state/1/lga/3736/ward/24745/pu/167639/167639-1677471360.pdf
OYO,ATIBA,ASHIPA I,30-03-08-008,"OPEN SPACE, OLORI OSO COMPOUND",155,502,TRUE,0,TRUE,FALSE,FALSE,FALSE,FALSE,0,0,0,0,https://docs.inecelectionresults.net/elections_prod/1292/state/01/lga/03/ward/08/pu/008/008-1677424790.pdf
OYO,ATIBA,ASHIPA I,30-03-08-009,OPEN SPACE LAAGE COMPOUND.,207,622,TRUE,0,TRUE,FALSE,FALSE,FALSE,FALSE,0,0,0,0,https://docs.inecelectionresults.net/elections_prod/1292/state/01/lga/03/ward/08/pu/009/009-1677425227.pdf
OYO,ATIBA,ASHIPA I,30-03-08-011,"OPEN SPACE, ALUSEKERE",36,65,TRUE,0,TRUE,FALSE,FALSE,FALSE,FALSE,0,0,0,0,https://docs.inecelectionresults.net/elections_prod/1292/state/01/lga/03/ward/08/pu/011/011-1677426245.pdf
OYO,ATIBA,ASHIPA I,30-03-08-012,"OPEN SPACE, REMO COMPOUND",65,203,TRUE,0,TRUE,FALSE,FALSE,FALSE,FALSE,0,0,0,0,https://docs.inecelectionresults.net/elections_prod/1292/state/01/lga/03/ward/08/pu/012/012-1677426780.pdf
OYO,ATIBA,ASHIPA I,30-03-08-013,"OPEN SPACE, AJADI COMPOUND",157,424,TRUE,0,TRUE,FALSE,FALSE,FALSE,FALSE,0,0,0,0,https://docs.inecelectionresults.net/elections_prod/1292/state/01/lga/03/ward/08/pu/013/013-1677427281.pdf
OYO,ATIBA,ASHIPA I,30-03-08-014,OPEN SPACE OLOWURO,305,750,TRUE,0,TRUE,FALSE,FALSE,FALSE,FALSE,0,0,0,0,https://docs.inecelectionresults.net/elections_prod/1292/state/01/lga/03/ward/08/pu/014/014-1677427799.pdf
OYO,ATIBA,ASHIPA I,30-03-08-015,OPEN SPACE OPPOSITE OPABODE HOSPITAL,172,294,TRUE,0,TRUE,FALSE,FALSE,FALSE,FALSE,0,0,0,0,https://docs.inecelectionresults.net/elections_prod/1292/state/1/lga/3736/ward/24750/pu/167670/167670-1677461494.pdf
OYO,ATIBA,ASHIPA I,30-03-08-016,OPEN SPACE AMUKI JUNCTION,132,267,TRUE,0,TRUE,FALSE,FALSE,FALSE,FALSE,0,0,0,0,https://docs.inecelectionresults.net/elections_prod/1292/state/1/lga/3736/ward/24750/pu/167671/167671-1677460262.pdf
OYO,ATIBA,ASHIPA II,30-03-09-019,OPEN SPACE OPPOSITE TA'AWUNNU,146,425,TRUE,0,TRUE,FALSE,FALSE,FALSE,FALSE,0,0,0,0,https://docs.inecelectionresults.net/elections_prod/1292/state/1/lga/3736/ward/24751/pu/167674/167674-1677473495.pdf
OYO,ATIBA,ASHIPA II,30-03-09-021,OPEN SPACE OPPOSITE TA'AWUNNU,146,425,TRUE,0,TRUE,FALSE,FALSE,FALSE,FALSE,0,0,0,0,https://docs.inecelectionresults.net/elections_prod/1292/state/1/lga/3736/ward/24751/pu/167674/167674-1677473495.pdf
OYO,ATIBA,ASHIPA II,30-03-09-024,"BAPTIST PRY. SCHOOL, KOSO.",148,436,TRUE,0,TRUE,FALSE,FALSE,FALSE,FALSE,0,0,0,0,https://docs.inecelectionresults.net/elections_prod/1292/state/01/lga/03/ward/09/pu/024/024-1677363133.pdf
OYO,ATIBA,ASHIPA II,30-03-09-025,OPEN SPACE OPPOSITE AGBOOLA  CEMETERY AREA.,105,416,TRUE,0,TRUE,FALSE,FALSE,FALSE,FALSE,0,0,0,0,https://docs.inecelectionresults.net/elections_prod/1292/state/1/lga/3736/ward/24751/pu/167680/167680-1677464151.pdf
OYO,ATIBA,ASHIPA II,30-03-09-026,OPEN SPACE OKU COMPOUND,107,445,TRUE,0,TRUE,FALSE,FALSE,FALSE,FALSE,0,0,0,0,https://docs.inecelectionresults.net/elections_prod/1292/state/1/lga/3736/ward/24751/pu/167681/167681-1677461462.pdf
OYO,ATIBA,ASHIPA II,30-03-09-028,INSIDE  ORANYAN GRAMMAR SCHOOL.,169,614,TRUE,0,TRUE,FALSE,FALSE,FALSE,FALSE,0,0,0,0,https://docs.inecelectionresults.net/elections_prod/1292/state/1/lga/3736/ward/24751/pu/167683/167683-1677467513.pdf
OYO,ATIBA,ASHIPA II,30-03-09-032,OPEN SPACE ILUPEJU HEALTH CENTRE,193,750,TRUE,0,TRUE,FALSE,FALSE,FALSE,FALSE,0,0,0,0,https://docs.inecelectionresults.net/elections_prod/1292/state/1/lga/3736/ward/24751/pu/167687/167687-1677468639.pdf
OYO,ATIBA,ASHIPA II,30-03-09-033,OPEN SPACE GBELEPAWO,216,750,TRUE,0,TRUE,FALSE,FALSE,FALSE,FALSE,0,0,0,0,https://docs.inecelectionresults.net/elections_prod/1292/state/1/lga/3736/ward/24751/pu/167688/167688-1677471797.pdf
OYO,ATIBA,ASHIPA II,30-03-09-035,"OPEN SPACE, AJE COMPOUND.",60,234,TRUE,0,TRUE,FALSE,FALSE,FALSE,FALSE,0,0,0,0,https://docs.inecelectionresults.net/elections_prod/1292/state/1/lga/3736/ward/24751/pu/167690/167690-1677465774.pdf
OYO,ATIBA,ASHIPA II,30-03-09-036,"OPEN SPACE, ONIYERE COMPOUND.",162,559,TRUE,0,TRUE,FALSE,FALSE,FALSE,FALSE,0,0,0,0,https://docs.inecelectionresults.net/elections_prod/1292/state/1/lga/3736/ward/24751/pu/167691/167691-1677465316.pdf
OYO,ATIBA,ASHIPA III,30-03-10-021,OPEN SPACE ALAWO VILLAGE,16,35,TRUE,0,TRUE,FALSE,FALSE,FALSE,FALSE,0,0,0,0,https://docs.inecelectionresults.net/elections/1292/1677448016-167692.pdf
OYO,ATIBA,ASHIPA III,30-03-04-013,OPEN SPACE ALAWO VILLAGE,16,35,TRUE,0,TRUE,FALSE,FALSE,FALSE,FALSE,0,0,0,0,https://docs.inecelectionresults.net/elections/1292/1677448016-167692.pdf
OYO,ATIBA,ASHIPA III,30-03-04-014,OPEN SPACE ALAWO VILLAGE,16,35,TRUE,0,TRUE,FALSE,FALSE,FALSE,FALSE,0,0,0,0,https://docs.inecelectionresults.net/elections/1292/1677448016-167692.pdf
OYO,ATIBA,OKE-AFIN 1,30-03-01-010,OPEN SPACE SANGAN COMPOUND,110,277,TRUE,0,TRUE,FALSE,FALSE,FALSE,FALSE,0,0,0,0,https://docs.inecelectionresults.net/elections_prod/1292/state/01/lga/03/ward/01/pu/010/010-1677424724.pdf
OYO,ATIBA,OKE-AFIN 1,30-03-01-011,OUTSIDE SECOND GATE ATIBA L.G.A SUBEB OFFICE,20,52,TRUE,0,TRUE,FALSE,FALSE,FALSE,FALSE,0,0,0,0,https://docs.inecelectionresults.net/elections_prod/1292/state/1/lga/3736/ward/24743/pu/167634/167634-1677465843.pdf
OYO,ATIBA,OKE-AFIN II,30-03-02-009,OPEN SPACE ARE-AGO COMPOUND.,141,413,TRUE,0,TRUE,FALSE,FALSE,FALSE,FALSE,0,0,0,0,https://docs.inecelectionresults.net/elections_prod/1292/state/1/lga/3736/ward/24744/pu/167635/167635-1677469607.pdf
OYO,ATIBA,OKE-AFIN II,30-03-02-010,OPEN SPACE OLOKUNESIN COMPOUND.,58,130,TRUE,0,TRUE,FALSE,FALSE,FALSE,FALSE,0,0,0,0,https://docs.inecelectionresults.net/elections_prod/1292/state/1/lga/3736/ward/24744/pu/167636/167636-1677471129.pdf
OYO,ATIBA,OKE-AFIN II,30-03-02-012,"OPEN SPACE, OSI-EFA COMPOUND.",80,163,TRUE,0,TRUE,FALSE,FALSE,FALSE,FALSE,0,0,0,0,https://docs.inecelectionresults.net/elections_prod/1292/state/1/lga/3736/ward/24744/pu/167638/167638-1677466869.pdf
OYO,ATISBO,BAASI,30-04-10-007,"BAPTIST PRIMARY SCHOOL, BAASI II",298,478,TRUE,0,TRUE,FALSE,FALSE,FALSE,FALSE,0,0,0,0,https://docs.inecelectionresults.net/elections_prod/1292/state/01/lga/04/ward/10/pu/007/007-1677402581.pdf
OYO,EGBEDA,EGBEDA,30-05-09-009,OPEN SPACE BESIDE BLOCK INDUSTRY KOROBOTO,96,184,TRUE,0,TRUE,FALSE,FALSE,FALSE,TRUE,102,12,27,0,https://inec-cvr-cache.s3.eu-west-1.amazonaws.com/cached/results/663747/result_85828_1677575317_thumb.jpg
OYO,EGBEDA,EGBEDA,30-05-09-011,OPEN SPACE KAJOREPO COMMUNITY HEALTH CENTRE OGUNGBADE,296,750,TRUE,0,TRUE,FALSE,FALSE,FALSE,FALSE,119,122,28,3,https://inec-cvr-cache.s3.eu-west-1.amazonaws.com/cached/results/663749/result_85830_1677574868_thumb.jpg
OYO,EGBEDA,EGBEDA,30-05-09-021,ST JOHN PRY SCHL.OLUWO,204,750,TRUE,0,TRUE,FALSE,FALSE,FALSE,FALSE,116,48,15,1,https://inec-cvr-cache.s3.eu-west-1.amazonaws.com/cached/results/663760/result_85841_1677577355_thumb.jpg
OYO,EGBEDA,OLODE/ALAKIA,30-05-10-018,OPEN SPACE  ONIKEDE JUNCTION IKUOGBOLEKUN,96,193,TRUE,0,TRUE,FALSE,FALSE,FALSE,FALSE,0,0,0,0,https://docs.inecelectionresults.net/elections_prod/1292/state/1/lga/3738/ward/24772/pu/167778/167778-1677581656.pdf
OYO,EGBEDA,OLODE/ALAKIA,30-05-10-019,"OPEN SPACE,ILUDUN OKE AYO",109,140,TRUE,0,TRUE,FALSE,FALSE,FALSE,FALSE,0,0,0,0,https://docs.inecelectionresults.net/elections_prod/1292/state/1/lga/3738/ward/24772/pu/167779/167779-1677581762.pdf
OYO,EGBEDA,OLODE/ALAKIA,30-05-10-022,OPEN SPACE OPP ORELOPE FILLING STATION ABA APATA,7,20,TRUE,0,TRUE,FALSE,FALSE,FALSE,FALSE,0,0,0,0,https://docs.inecelectionresults.net/elections_prod/1292/state/1/lga/3738/ward/24772/pu/167782/167782-1677573044.pdf
OYO,EGBEDA,OLODE/ALAKIA,30-05-10-025,OPEN SPACE  SARUMI (ABA ODE),56,118,TRUE,0,TRUE,FALSE,FALSE,FALSE,FALSE,0,0,0,0,https://docs.inecelectionresults.net/elections_prod/1292/state/1/lga/3738/ward/24772/pu/167785/167785-1677578134.pdf
OYO,EGBEDA,OLODE/ALAKIA,30-05-10-026,OPEN SPACE FOYE JUNCTION,59,125,TRUE,0,TRUE,FALSE,FALSE,FALSE,FALSE,0,0,0,0,https://docs.inecelectionresults.net/elections_prod/1292/state/1/lga/3738/ward/24772/pu/167786/167786-1677578274.pdf
OYO,EGBEDA,OLODE/ALAKIA,30-05-10-029,ELELU JUNCTION OPPOSITE FOYE (NEW ROAD),61,132,TRUE,0,TRUE,FALSE,FALSE,FALSE,FALSE,0,0,0,0,https://docs.inecelectionresults.net/elections_prod/1292/state/1/lga/3738/ward/24772/pu/167789/167789-1677584238.pdf
OYO,EGBEDA,OLODE/ALAKIA,30-05-10-031,MAJAWE JUNCTION,83,206,TRUE,0,TRUE,FALSE,FALSE,FALSE,FALSE,0,0,0,0,https://docs.inecelectionresults.net/elections_prod/1292/state/1/lga/3738/ward/24772/pu/167791/167791-1677578932.pdf
OYO,EGBEDA,OLODE/ALAKIA,30-05-10-032,MAJAWE JUNCTION,83,206,TRUE,0,TRUE,FALSE,FALSE,FALSE,FALSE,0,1000,0,0,https://docs.inecelectionresults.net/elections_prod/1292/state/1/lga/3738/ward/24772/pu/167791/167791-1677578932.pdf
OYO,EGBEDA,OLODE/ALAKIA,30-05-10-033,AJAMETA  IFEDAPO STREET,67,176,TRUE,0,TRUE,FALSE,FALSE,FALSE,FALSE,0,0,0,0,https://docs.inecelectionresults.net/elections_prod/1292/state/1/lga/3738/ward/24772/pu/167793/167793-1677580335.pdf
OYO,EGBEDA,OLODE/ALAKIA,30-05-10-034,KENGBE (DIAMOND JUNCTION),43,80,TRUE,0,TRUE,FALSE,FALSE,FALSE,FALSE,0,0,0,0,https://docs.inecelectionresults.net/elections_prod/1292/state/1/lga/3738/ward/24772/pu/167794/167794-1677583325.pdf
OYO,EGBEDA,OLODE/ALAKIA,30-05-10-035,ALABEDE JUNCTION,24,49,TRUE,0,TRUE,FALSE,FALSE,FALSE,FALSE,0,0,0,0,https://docs.inecelectionresults.net/elections_prod/1292/state/1/lga/3738/ward/24772/pu/167795/167795-1677583517.pdf
OYO,EGBEDA,OLODE/ALAKIA,30-05-10-038,OPEN SPACE JAGUN(DEEPER LIFE JUNCTION),42,85,TRUE,0,TRUE,FALSE,FALSE,FALSE,FALSE,0,0,0,0,https://docs.inecelectionresults.net/elections_prod/1292/state/1/lga/3738/ward/24772/pu/167798/167798-1677583673.pdf
OYO,EGBEDA,OLODE/ALAKIA,30-05-10-039,OPEN SPACE ELELU II,169,277,TRUE,0,TRUE,FALSE,FALSE,FALSE,FALSE,0,0,0,0,https://docs.inecelectionresults.net/elections_prod/1292/state/1/lga/3738/ward/24772/pu/167799/167799-1677576364.pdf
OYO,EGBEDA,OLODE/ALAKIA,30-05-10-040,ADEKOLA JUNCTION BESIDE TRANSFORMER,327,767,TRUE,0,TRUE,FALSE,FALSE,FALSE,FALSE,0,0,0,0,https://docs.inecelectionresults.net/elections_prod/1292/state/1/lga/3738/ward/24772/pu/167800/167800-1677585247.pdf
OYO,EGBEDA,OLODE/ALAKIA,30-05-10-041,OPEN SPACE BEHIND TRANSFORMER OYADARE,123,234,TRUE,0,TRUE,FALSE,FALSE,FALSE,FALSE,0,0,0,0,https://docs.inecelectionresults.net/elections_prod/1292/state/1/lga/3738/ward/24772/pu/167801/167801-1677584445.pdf
OYO,EGBEDA,OLODE/ALAKIA,30-05-10-042,IYANA AGBALA JUNCTION,89,234,TRUE,0,TRUE,FALSE,FALSE,FALSE,FALSE,0,0,0,0,https://docs.inecelectionresults.net/elections_prod/1292/state/1/lga/3738/ward/24772/pu/167802/167802-1677582153.pdf
OYO,EGBEDA,OLODE/ALAKIA,30-05-10-043,OPEN SPACE BESIDE TRANSFORMER  IRE AKARI CELICA,266,441,TRUE,0,TRUE,FALSE,FALSE,FALSE,FALSE,0,0,0,0,https://docs.inecelectionresults.net/elections_prod/1292/state/1/lga/3738/ward/24772/pu/167803/167803-1677586201.pdf
OYO,EGBEDA,OLODE/ALAKIA,30-05-10-044,IYERE JUNCTION,145,293,TRUE,0,TRUE,FALSE,FALSE,FALSE,FALSE,0,0,0,0,https://docs.inecelectionresults.net/elections_prod/1292/state/1/lga/3738/ward/24772/pu/167804/167804-1677575590.pdf
OYO,EGBEDA,OLODE/ALAKIA,30-05-10-045,OPEN SPACE  OLODE/OLORO (OPP YIDI),189,395,TRUE,0,TRUE,FALSE,FALSE,FALSE,FALSE,0,0,0,0,https://docs.inecelectionresults.net/elections_prod/1292/state/1/lga/3738/ward/24772/pu/167805/167805-1677580215.pdf
OYO,EGBEDA,OLODE/ALAKIA,30-05-10-046,IYANA AKANLE JUNCTION,255,522,TRUE,0,TRUE,FALSE,FALSE,FALSE,FALSE,0,0,0,0,https://docs.inecelectionresults.net/elections_prod/1292/state/1/lga/3738/ward/24772/pu/167806/167806-1677583843.pdf
OYO,EGBEDA,OLODE/ALAKIA,30-05-10-047,AGBATI JUNCTION,76,134,TRUE,0,TRUE,FALSE,FALSE,FALSE,FALSE,0,0,0,0,https://docs.inecelectionresults.net/elections_prod/1292/state/1/lga/3738/ward/24772/pu/167807/167807-1677582061.pdf
OYO,EGBEDA,OLODE/ALAKIA,30-05-10-048,CHRIST ANGLICAN CHURCH SCHOOL AKINFENWA II,92,259,TRUE,0,TRUE,FALSE,FALSE,FALSE,FALSE,0,0,0,0,https://docs.inecelectionresults.net/elections_prod/1292/state/1/lga/3738/ward/24772/pu/167808/167808-1677586990.pdf
OYO,EGBEDA,OLODE/ALAKIA,30-05-10-049,"OPEN SPACE OPPOSITE FOURSQUARE GOSPEL CHURCH, ABA IYA AGBA",12,52,TRUE,0,TRUE,FALSE,FALSE,FALSE,FALSE,0,0,0,0,https://docs.inecelectionresults.net/elections_prod/1292/state/1/lga/3738/ward/24772/pu/167809/167809-1677573309.pdf
OYO,EGBEDA,OLODO II,30-05-06-029,OPEN SPACE BESIDE TRANSFORMER AGORO,25,65,TRUE,0,TRUE,FALSE,FALSE,FALSE,FALSE,0,0,0,0,https://inec-cvr-cache.s3.eu-west-1.amazonaws.com/cached/results/663803/result_85756_1677767860_thumb.jpg
OYO,EGBEDA,OLODO II,30-05-06-036,OPEN SPACE AJA MEJI AYEPE,17,26,TRUE,0,TRUE,FALSE,FALSE,FALSE,FALSE,0,0,0,0,https://inec-cvr-cache.s3.eu-west-1.amazonaws.com/cached/results/663810/result_85763_1677789557_thumb.jpg
OYO,EGBEDA,OLODO II,30-05-06-045,OPEN SPACE OPEYEMI JUNCTION,32,104,TRUE,0,TRUE,FALSE,FALSE,FALSE,FALSE,0,0,0,0,https://inec-cvr-cache.s3.eu-west-1.amazonaws.com/cached/results/663819/result_85772_1677790771_thumb.jpg
OYO,EGBEDA,OLODO/KUMAPAYI I,30-05-05-019,OPEN SPACE OPP. ISLAMIC COLLEGE OF NIGERIA KUMAPAYI,259,733,TRUE,0,TRUE,FALSE,FALSE,FALSE,FALSE,0,0,0,0,https://docs.inecelectionresults.net/elections_prod/1292/state/1/lga/3738/ward/24767/pu/167699/167699-1677563120.pdf
OYO,EGBEDA,OLODO/KUMAPAYI I,30-05-05-021,IDC PRIMARY SCHOOL JENRIYIN,238,741,TRUE,0,TRUE,FALSE,FALSE,FALSE,FALSE,0,0,0,0,https://docs.inecelectionresults.net/elections_prod/1292/state/1/lga/3738/ward/24767/pu/167701/167701-1677572302.pdf
OYO,EGBEDA,OLODO/KUMAPAYI I,30-05-05-023,"OPEN SPACE AGBEDE STREET, OKI",94,358,TRUE,0,TRUE,FALSE,FALSE,FALSE,FALSE,0,0,0,0,https://docs.inecelectionresults.net/elections_prod/1292/state/1/lga/3738/ward/24767/pu/167703/167703-1677572967.pdf
OYO,EGBEDA,OLODO/KUMAPAYI I,30-05-05-025,"OPEN SPACE AGBEDE STREET, OKI",94,358,TRUE,0,TRUE,TRUE,FALSE,FALSE,TRUE,70,33,14,0,https://docs.inecelectionresults.net/elections_prod/1292/state/1/lga/3738/ward/24767/pu/167703/167703-1677572967.pdf
OYO,EGBEDA,OLODO/KUMAPAYI I,30-05-05-027,"OPEN SPACE,BESIDE TRANSFORMER KOKO JUNCTION",280,429,TRUE,0,TRUE,FALSE,FALSE,FALSE,FALSE,0,0,0,0,https://docs.inecelectionresults.net/elections_prod/1292/state/1/lga/3738/ward/24767/pu/167707/167707-1677573918.pdf
OYO,EGBEDA,OLODO/KUMAPAYI I,30-05-05-029,OPEN SPACE OPPOSITE CENTRAL MOSQUE KOKOKO,168,392,TRUE,0,TRUE,FALSE,FALSE,FALSE,FALSE,0,0,0,0,https://docs.inecelectionresults.net/elections_prod/1292/state/1/lga/3738/ward/24767/pu/167709/167709-1677574517.pdf
OYO,EGBEDA,OLODO/KUMAPAYI I,30-05-05-016,OPEN SPACE BESIDE AROK BLOCK INDUSTRY ARUBIEWE,112,221,TRUE,0,TRUE,FALSE,FALSE,FALSE,FALSE,0,0,0,0,https://docs.inecelectionresults.net/elections_prod/1292/state/1/lga/3738/ward/24767/pu/167696/167696-1677562512.pdf
OYO,EGBEDA,OLODO/KUMAPAYI I,30-05-05-018,OPEN SPACE BESIDE HIS MERCY BLOCK INDUSTRY OGUNDIPE,190,458,TRUE,0,TRUE,FALSE,FALSE,FALSE,FALSE,0,0,0,0,https://docs.inecelectionresults.net/elections_prod/1292/state/1/lga/3738/ward/24767/pu/167698/167698-1677562914.pdf
OYO,EGBEDA,OLODO/KUMAPAYI I,30-05-05-022,OPEN SPACE ABA ADAA OLUJOLA STREET,119,468,TRUE,0,TRUE,FALSE,FALSE,FALSE,FALSE,0,0,0,0,https://docs.inecelectionresults.net/elections_prod/1292/state/1/lga/3738/ward/24767/pu/167702/167702-1677572692.pdf
OYO,EGBEDA,OLODO/KUMAPAYI I,30-05-05-024,"OPEN SPACE OROGBANGBA, OKI",209,486,TRUE,0,TRUE,FALSE,FALSE,FALSE,FALSE,0,0,0,0,https://docs.inecelectionresults.net/elections_prod/1292/state/1/lga/3738/ward/24767/pu/167704/167704-1677573200.pdf
OYO,EGBEDA,OLODO/KUMAPAYI I,30-05-05-026,OPEN SPACE BESIDE MTN MAST OKEOSUN OKESANYA,78,138,TRUE,0,TRUE,FALSE,FALSE,FALSE,FALSE,0,0,0,0,https://docs.inecelectionresults.net/elections_prod/1292/state/1/lga/3738/ward/24767/pu/167706/167706-1677573772.pdf
OYO,EGBEDA,OLUBADAN ESTATE,30-05-11-029,OSUNKUNLE JUNCTION ALONG FOYE,41,269,TRUE,0,TRUE,FALSE,FALSE,FALSE,FALSE,0,0,0,0,https://docs.inecelectionresults.net/elections_prod/1292/state/1/lga/3738/ward/24773/pu/167810/167810-1677534098.pdf
OYO,EGBEDA,OLUBADAN ESTATE,30-05-11-030,"COMMUNITY HIGH SCH, ALARERE",95,264,TRUE,0,TRUE,FALSE,FALSE,FALSE,FALSE,0,0,0,0,https://docs.inecelectionresults.net/elections_prod/1292/state/1/lga/3738/ward/24773/pu/167811/167811-1677563079.pdf
OYO,EGBEDA,OLUBADAN ESTATE,30-05-11-031,OPEN SPACE EFUN JUNCTION,191,656,TRUE,0,TRUE,FALSE,FALSE,FALSE,FALSE,0,0,0,0,https://docs.inecelectionresults.net/elections_prod/1292/state/1/lga/3738/ward/24773/pu/167812/167812-1677563225.pdf
OYO,EGBEDA,OLUBADAN ESTATE,30-05-11-032,OPEN SPACE LOVE DAY/ALASELA JUNCTION,79,205,TRUE,0,TRUE,FALSE,FALSE,FALSE,FALSE,0,0,0,0,https://docs.inecelectionresults.net/elections_prod/1292/state/1/lga/3738/ward/24773/pu/167813/167813-1677563546.pdf
OYO,EGBEDA,OLUBADAN ESTATE,30-05-11-033,OPEN SPACE AKINGBADE JUNCTION,258,557,TRUE,0,TRUE,FALSE,FALSE,FALSE,FALSE,0,0,0,0,https://docs.inecelectionresults.net/elections_prod/1292/state/1/lga/3738/ward/24773/pu/167814/167814-1677563752.pdf
OYO,EGBEDA,OLUBADAN ESTATE,30-05-11-034,OPEN SPACE MATO JUNCTION,218,750,TRUE,0,TRUE,FALSE,FALSE,FALSE,FALSE,0,0,0,0,https://docs.inecelectionresults.net/elections_prod/1292/state/1/lga/3738/ward/24773/pu/167815/167815-1677563899.pdf
OYO,EGBEDA,OLUBADAN ESTATE,30-05-11-035,"OPEN SPACE ALAJAMETA, AWERO JUNCTION",21,69,TRUE,0,TRUE,FALSE,FALSE,FALSE,FALSE,0,0,0,0,https://docs.inecelectionresults.net/elections_prod/1292/state/1/lga/3738/ward/24773/pu/167816/167816-1677564020.pdf
OYO,EGBEDA,OLUBADAN ESTATE,30-05-11-036,"OPEN SPACE OPP, MORAJ, PURE WATER, AFIJAGBA, ZONE A",112,525,TRUE,0,TRUE,FALSE,FALSE,FALSE,FALSE,0,0,0,0,https://docs.inecelectionresults.net/elections_prod/1292/state/1/lga/3738/ward/24773/pu/167817/167817-1677564217.pdf
OYO,EGBEDA,OLUBADAN ESTATE,30-05-11-037,OPEN SPACE SUCCESS JUNCTION,10,43,TRUE,0,TRUE,FALSE,FALSE,FALSE,FALSE,0,0,0,0,https://docs.inecelectionresults.net/elections_prod/1292/state/1/lga/3738/ward/24773/pu/167818/167818-1677564373.pdf
OYO,EGBEDA,OLUBADAN ESTATE,30-05-11-038,OPEN SPACE OPPOSITE ABEDO JUNCTION,123,463,TRUE,0,TRUE,FALSE,FALSE,FALSE,FALSE,0,0,0,0,https://docs.inecelectionresults.net/elections_prod/1292/state/1/lga/3738/ward/24773/pu/167819/167819-1677564508.pdf
OYO,EGBEDA,OLUBADAN ESTATE,30-05-11-039,OPEN SPACE ASUBI-OJO ABOKE,49,112,TRUE,0,TRUE,FALSE,FALSE,FALSE,FALSE,0,0,0,0,https://docs.inecelectionresults.net/elections_prod/1292/state/1/lga/3738/ward/24773/pu/167820/167820-1677606272.pdf
OYO,EGBEDA,OLUBADAN ESTATE,30-05-11-040,"ROAD P AND N, JUNCTION, OLUBADAN ESTATE",60,220,TRUE,0,TRUE,FALSE,FALSE,FALSE,FALSE,0,0,0,0,https://docs.inecelectionresults.net/elections_prod/1292/state/1/lga/3738/ward/24773/pu/167821/167821-1677564839.pdf
OYO,EGBEDA,OLUBADAN ESTATE,30-05-11-041,OPEN SPACE LOVE JUNCTION (OLD BARRACKS),73,239,TRUE,0,TRUE,FALSE,FALSE,FALSE,FALSE,0,0,0,0,https://docs.inecelectionresults.net/elections_prod/1292/state/1/lga/3738/ward/24773/pu/167822/167822-1677565105.pdf
OYO,EGBEDA,OLUBADAN ESTATE,30-05-11-042,"OPEN SPACE KATE JUNCTION, ILE-IWO",33,88,TRUE,0,TRUE,FALSE,FALSE,FALSE,FALSE,0,0,0,0,https://docs.inecelectionresults.net/elections_prod/1292/state/1/lga/3738/ward/24773/pu/167823/167823-1677565197.pdf
OYO,EGBEDA,OLUBADAN ESTATE,30-05-11-043,ADE-OJO ESTATE JUNCTION,45,120,TRUE,0,TRUE,FALSE,FALSE,FALSE,FALSE,0,0,0,0,https://docs.inecelectionresults.net/elections_prod/1292/state/1/lga/3738/ward/24773/pu/167824/167824-1677604317.pdf
OYO,EGBEDA,OLUBADAN ESTATE,30-05-11-044,AKOKA JUNCTION BESIDE TRANSFORMER,40,181,TRUE,0,TRUE,FALSE,FALSE,FALSE,FALSE,0,0,0,0,https://docs.inecelectionresults.net/elections_prod/1292/state/1/lga/3738/ward/24773/pu/167825/167825-1677565674.pdf
OYO,IBADAN NORTH,WARD I N2,30-06-01-014,BESIDE OMO OSHO COOL SPORT AGBO COMPOUND,71,138,TRUE,0,TRUE,FALSE,FALSE,FALSE,FALSE,0,0,0,0,https://docs.inecelectionresults.net/elections_prod/1292/state/01/lga/06/ward/01/pu/014/014-1677418246.pdf
OYO,IBADAN NORTH,WARD I N2,30-06-01-015,I.M.G GATE SIDE,52,168,TRUE,0,TRUE,FALSE,FALSE,FALSE,FALSE,0,0,0,0,https://docs.inecelectionresults.net/elections_prod/1292/state/01/lga/06/ward/01/pu/015/015-1677419399.pdf
OYO,IBADAN NORTH,WARD I N2,30-06-01-016,OPPOSITE PRY 6 BLOCK ISLAMIC MISSION SCHOOL,53,113,TRUE,0,TRUE,FALSE,FALSE,FALSE,FALSE,0,0,0,0,https://docs.inecelectionresults.net/elections_prod/1292/state/01/lga/06/ward/01/pu/016/016-1677420597.pdf
OYO,IBADAN NORTH,WARD I N2,30-06-01-017,BESIDE SCHOOL MOSQUE ODOYE ISLAMIC MISSION SCHOOL,71,140,TRUE,0,TRUE,FALSE,FALSE,FALSE,FALSE,0,0,0,0,https://docs.inecelectionresults.net/elections_prod/1292/state/01/lga/06/ward/01/pu/017/017-1677421682.pdf
OYO,IBADAN NORTH,WARD I N2,30-06-01-018,"ASSEMBLY AREA, ST MARY SCHOOL",49,100,TRUE,0,TRUE,FALSE,FALSE,FALSE,FALSE,0,0,0,0,https://docs.inecelectionresults.net/elections_prod/1292/state/01/lga/06/ward/01/pu/018/018-1677421577.pdf
OYO,IBADAN NORTH,"WARD II, N3",30-06-02-027,OPEN SPACE CLOSE TO BOLA MOSQUE,63,123,TRUE,0,TRUE,FALSE,FALSE,FALSE,FALSE,0,0,0,0,https://docs.inecelectionresults.net/elections_prod/1292/state/01/lga/06/ward/02/pu/027/027-1677408509.pdf
OYO,IBADAN NORTH,"WARD II, N3",30-06-02-028,BESIDE ST STEPHEN CHURCH,114,269,TRUE,0,TRUE,FALSE,FALSE,FALSE,FALSE,0,0,0,0,https://docs.inecelectionresults.net/elections_prod/1292/state/01/lga/06/ward/02/pu/028/028-1677415071.pdf
OYO,IBADAN NORTH,"WARD III, N4",30-06-03-037,BESIDE SALEM BAPTIST CHURCH II,17,45,TRUE,0,TRUE,FALSE,FALSE,FALSE,FALSE,0,0,0,0,https://docs.inecelectionresults.net/elections_prod/1292/state/1/lga/3739/ward/24776/pu/167833/167833-1677517755.pdf
OYO,IBADAN NORTH,"WARD III, N4",30-06-03-038,YEMETU POLICE STATION II,32,71,TRUE,0,TRUE,FALSE,FALSE,FALSE,FALSE,0,0,0,0,https://docs.inecelectionresults.net/elections_prod/1292/state/1/lga/3739/ward/24776/pu/167834/167834-1677844557.pdf
OYO,IBADAN NORTH,"WARD III, N4",30-06-03-039,SALVATION ARMY SCHOOL YEMETU II,48,108,TRUE,0,TRUE,FALSE,FALSE,FALSE,FALSE,0,0,0,0,https://docs.inecelectionresults.net/elections_prod/1292/state/1/lga/3739/ward/24776/pu/167835/167835-1677505228.pdf
OYO,IBADAN NORTH,"WARD III, N4",30-06-03-040,BAPTIST SCHOOL ORITA MEFA II,19,45,TRUE,0,TRUE,FALSE,FALSE,FALSE,FALSE,0,0,0,0,https://docs.inecelectionresults.net/elections_prod/1292/state/1/lga/3739/ward/24776/pu/167836/167836-1677514566.pdf
OYO,IBADAN NORTH,"WARD III, N4",30-06-03-042,YEMETU OJE III,6,32,TRUE,0,TRUE,FALSE,FALSE,FALSE,FALSE,0,0,0,0,https://docs.inecelectionresults.net/elections_prod/1292/state/1/lga/3739/ward/24776/pu/167838/167838-1677502955.pdf
OYO,IBADAN NORTH,"WARD III, N4",30-06-03-043,YEMETU OJE IV,15,45,TRUE,0,TRUE,FALSE,FALSE,FALSE,FALSE,0,0,0,0,https://docs.inecelectionresults.net/elections_prod/1292/state/1/lga/3739/ward/24776/pu/167839/167839-1677509766.pdf
OYO,IBADAN NORTH,"WARD III, N4",30-06-03-044,KANBI HOUSE,28,56,TRUE,0,TRUE,FALSE,FALSE,FALSE,FALSE,0,0,0,0,https://docs.inecelectionresults.net/elections_prod/1292/state/1/lga/3739/ward/24776/pu/167840/167840-1677508745.pdf
OYO,IBADAN NORTH,"WARD III, N4",30-06-03-045,LICENCING OFFICE AREA,16,31,TRUE,0,TRUE,FALSE,FALSE,FALSE,FALSE,0,0,0,0,https://docs.inecelectionresults.net/elections_prod/1292/state/1/lga/3739/ward/24776/pu/167841/167841-1677501543.pdf
OYO,IBADAN NORTH,"WARD III, N4",30-06-03-046,ALAWADA YEMETU II,49,129,TRUE,0,TRUE,FALSE,FALSE,FALSE,FALSE,0,0,0,0,https://docs.inecelectionresults.net/elections_prod/1292/state/1/lga/3739/ward/24776/pu/167842/167842-1677496961.pdf
OYO,IBADAN NORTH,"WARD III, N4",30-06-03-047,BESIDE RICHLAND HOTEL YEMETU ALADORIN JUNCTION,34,100,TRUE,0,TRUE,FALSE,FALSE,FALSE,FALSE,0,0,0,0,https://docs.inecelectionresults.net/elections_prod/1292/state/1/lga/3739/ward/24776/pu/167843/167843-1677502820.pdf
OYO,IBADAN NORTH,"WARD III, N4",30-06-03-048,"COMMUNITY ACQUISITION SKILL CENTRE, BESIDE AGALA FOREST",13,27,TRUE,0,TRUE,FALSE,FALSE,FALSE,FALSE,0,0,0,0,https://docs.inecelectionresults.net/elections_prod/1292/state/01/lga/06/ward/03/pu/048/048-1677418926.pdf
OYO,IBADAN NORTH,"WARD III, N4",30-06-03-049,BESIDE TRANSFORMER OKE AREMO II,39,102,TRUE,0,TRUE,FALSE,FALSE,FALSE,FALSE,0,0,0,0,https://docs.inecelectionresults.net/elections_prod/1292/state/01/lga/06/ward/03/pu/049/049-1677414656.pdf
OYO,IBADAN NORTH,"WARD III, N4",30-06-03-051,OPEN SPACE BESIDE OJE MARKET,9,18,TRUE,0,TRUE,FALSE,FALSE,FALSE,FALSE,0,0,0,0,https://docs.inecelectionresults.net/elections_prod/1292/state/1/lga/3739/ward/24776/pu/167847/167847-1677522739.pdf
OYO,IBADAN NORTH,"WARD III, N4",30-06-03-052,OPPOSITE ZION CHEMIST,14,42,TRUE,0,TRUE,FALSE,FALSE,FALSE,FALSE,0,0,0,0,https://docs.inecelectionresults.net/elections_prod/1292/state/1/lga/3739/ward/24776/pu/167848/167848-1677841245.pdf
OYO,IBADAN NORTH,"WARD III, N4",30-06-03-053,ADEOYO MATERNITY II,13,47,TRUE,0,TRUE,FALSE,FALSE,FALSE,FALSE,0,0,0,0,https://docs.inecelectionresults.net/elections_prod/1292/state/1/lga/3739/ward/24776/pu/167849/167849-1677500676.pdf
OYO,IBADAN NORTH,"WARD III, N4",30-06-03-054,ADEOYO MATERNITY III,27,65,TRUE,0,TRUE,FALSE,FALSE,FALSE,FALSE,0,0,0,0,https://docs.inecelectionresults.net/elections_prod/1292/167850-1677852262.pdf
OYO,IBADAN NORTH,"WARD III, N4",30-06-03-055,OLUBADAN AMINU II,5,10,TRUE,0,TRUE,FALSE,FALSE,FALSE,FALSE,0,0,0,0,https://docs.inecelectionresults.net/elections_prod/1292/state/1/lga/3739/ward/24776/pu/167851/167851-1677505561.pdf
OYO,IBADAN NORTH,"WARD III, N4",30-06-03-056,ISALE ALFA ADEOYO II,18,43,TRUE,0,TRUE,FALSE,FALSE,FALSE,FALSE,0,0,0,0,https://docs.inecelectionresults.net/elections_prod/1292/state/1/lga/3739/ward/24776/pu/167852/167852-1677507342.pdf
OYO,IBADAN NORTH,"WARD III, N4",30-06-03-057,TEMIDIRE FISH DEPOT II,27,46,TRUE,0,TRUE,FALSE,FALSE,FALSE,FALSE,0,0,0,0,https://docs.inecelectionresults.net/elections_prod/1292/state/1/lga/3739/ward/24776/pu/167853/167853-1677841775.pdf
OYO,IBADAN NORTH,"WARD III, N4",30-06-03-058,MOBIL PETROL STATION/ OKE ARE ROAD II,32,68,TRUE,0,TRUE,FALSE,FALSE,FALSE,FALSE,0,0,0,0,https://docs.inecelectionresults.net/elections_prod/1292/state/1/lga/3739/ward/24776/pu/167854/167854-1677495506.pdf
OYO,IBADAN NORTH,"WARD III, N4",30-06-03-059,ILE EJA TEMIDIRE II,4,15,TRUE,0,TRUE,FALSE,FALSE,FALSE,FALSE,0,0,0,0,https://docs.inecelectionresults.net/elections_prod/1292/state/1/lga/3739/ward/24776/pu/167855/167855-1677499197.pdf
OYO,IBADAN NORTH,"WARD III, N4",30-06-03-060,OPPOSITE YEMETU OJA,57,115,TRUE,0,TRUE,FALSE,FALSE,FALSE,FALSE,0,0,0,0,https://docs.inecelectionresults.net/elections_prod/1292/state/01/lga/06/ward/03/pu/060/060-1677412547.pdf
OYO,IBADAN NORTH,"WARD IV, N5A",30-06-04-035,"OPEN SPACE, ASSEMBLY GROUND,METHODIST PRY SCHOOL N5 (NTA) 1",49,110,TRUE,0,TRUE,FALSE,FALSE,FALSE,FALSE,0,0,0,0,https://docs.inecelectionresults.net/elections_prod/1292/state/01/lga/06/ward/04/pu/035/035-1677413738.pdf
OYO,IBADAN NORTH,"WARD IV, N5A",30-06-04-036,"OPEN SPACE,BESIDE GATE METHODIST PRY SCHOOL N5 (NTA) II",32,84,TRUE,0,TRUE,FALSE,FALSE,FALSE,FALSE,0,0,0,0,https://docs.inecelectionresults.net/elections_prod/1292/state/1/lga/3739/ward/24777/pu/167863/167863-1677520990.pdf
OYO,IBADAN NORTH,"WARD IV, N5A",30-06-04-039,OPEN SPACE AT MECHANIC VILLAGE ODO-ALAGBAFO II,20,36,TRUE,0,TRUE,FALSE,FALSE,FALSE,FALSE,0,0,0,0,https://docs.inecelectionresults.net/elections_prod/1292/state/1/lga/3739/ward/24777/pu/167866/167866-1677458023.pdf
OYO,IBADAN NORTH,"WARD IV, N5A",30-06-04-040,OPPOSITE GOD'S WAY EVANGLICAL MINISTRY ATENDA,18,41,TRUE,0,TRUE,FALSE,FALSE,FALSE,FALSE,0,0,0,0,https://docs.inecelectionresults.net/elections_prod/1292/state/01/lga/06/ward/04/pu/040/040-1677418767.pdf
OYO,IBADAN NORTH,"WARD IV, N5A",30-06-04-042,OPEN SPACE CLOSE TO OWO TUTU'S HOUSE),17,38,TRUE,0,TRUE,FALSE,FALSE,FALSE,FALSE,0,0,0,0,https://docs.inecelectionresults.net/elections_prod/1292/state/1/lga/3739/ward/24777/pu/167869/167869-1677523461.pdf
OYO,IBADAN NORTH,"WARD IV, N5A",30-06-04-045,OPEN SPACE BESIDE L.G. DISPENSARY CLOSE TO AGODI GATE BUS STOP,22,68,TRUE,0,TRUE,FALSE,FALSE,FALSE,FALSE,0,0,0,0,https://docs.inecelectionresults.net/elections_prod/1292/state/01/lga/06/ward/04/pu/045/045-1677409876.pdf
OYO,IBADAN NORTH,"WARD IV, N5A",30-06-04-046,"OPEN SPACE, ORIYANGI CLOSE TO OTUN COMPOUND IGOSUN",31,92,TRUE,0,TRUE,TRUE,FALSE,FALSE,FALSE,11,1,12,0,https://inec-cvr-cache.s3.eu-west-1.amazonaws.com/cached/results/663924/result_86092_1677517033_thumb.jpg
OYO,IBADAN NORTH,"WARD IV, N5A",30-06-04-050,BESIDE NEW SHOPPING COMPLEX AKINTOYE STREET ITUTABA,10,46,TRUE,0,TRUE,FALSE,FALSE,FALSE,FALSE,0,0,0,0,https://docs.inecelectionresults.net/elections_prod/1292/state/01/lga/06/ward/04/pu/050/050-1677411644.pdf
OYO,IBADAN NORTH,"WARD IV, N5A",30-06-04-052,"BESIDE MAST IREFIN JUNCTION, AJIBODU ROAD",6,33,TRUE,0,TRUE,FALSE,FALSE,FALSE,FALSE,0,0,0,0,https://docs.inecelectionresults.net/elections_prod/1292/state/01/lga/06/ward/04/pu/052/052-1677421805.pdf
OYO,IBADAN NORTH,"WARD IX, (N6B PART I)",30-06-09-015,UPSTAIRS BEHIND CAC CHURCH MOKOLA,67,227,TRUE,0,TRUE,FALSE,FALSE,FALSE,FALSE,0,0,0,0,https://docs.inecelectionresults.net/elections_prod/1292/state/1/lga/3739/ward/24782/pu/167963/167963-1677520142.pdf
OYO,IBADAN NORTH,"WARD IX, (N6B PART I)",30-06-09-017,OPPOSITE ALAFIA INSTITUTE MOKOLA,44,94,TRUE,0,TRUE,FALSE,FALSE,FALSE,FALSE,0,0,0,0,https://docs.inecelectionresults.net/elections_prod/1292/state/1/lga/3739/ward/24782/pu/167965/167965-1677510875.pdf
OYO,IBADAN NORTH,"WARD IX, (N6B PART I)",30-06-09-018,SPEED DIGITAL WORLD MOKOLA,49,151,TRUE,0,TRUE,FALSE,FALSE,FALSE,FALSE,0,0,0,0,https://docs.inecelectionresults.net/elections_prod/1292/state/1/lga/3739/ward/24782/pu/167966/167966-1677510014.pdf
OYO,IBADAN NORTH,"WARD IX, (N6B PART I)",30-06-09-019,AGORO AND AGORO B & L ADVOCATE MOKOLA,24,125,TRUE,0,TRUE,FALSE,FALSE,FALSE,FALSE,0,0,0,0,https://docs.inecelectionresults.net/elections_prod/1292/state/1/lga/3739/ward/24782/pu/167967/167967-1677507278.pdf
OYO,IBADAN NORTH,"WARD IX, (N6B PART I)",30-06-09-020,C & S NEW EDEN SCHOOL LIBRARY,128,559,TRUE,0,TRUE,FALSE,FALSE,FALSE,FALSE,0,0,0,0,https://docs.inecelectionresults.net/elections_prod/1292/state/1/lga/3739/ward/24782/pu/167968/167968-1677513766.pdf
OYO,IBADAN NORTH,"WARD IX, (N6B PART I)",30-06-09-021,YEKOGUN SHOPPING COMPLEX MOKOLA,44,211,TRUE,0,TRUE,FALSE,FALSE,FALSE,FALSE,0,0,0,0,https://docs.inecelectionresults.net/elections_prod/1292/state/1/lga/3739/ward/24782/pu/167969/167969-1677513345.pdf
OYO,IBADAN NORTH,"WARD IX, (N6B PART I)",30-06-09-022,TRANSFORMER OPPOSITE FOUNTAIN OF GRACE CHURCH MOKOLA,54,312,TRUE,0,TRUE,FALSE,FALSE,FALSE,FALSE,0,0,0,0,https://docs.inecelectionresults.net/elections_prod/1292/state/1/lga/3739/ward/24782/pu/167970/167970-1677508620.pdf
OYO,IBADAN NORTH,"WARD IX, (N6B PART I)",30-06-09-023,BESIDE ROYAL CLINIC MOKOLA,58,271,TRUE,0,TRUE,FALSE,FALSE,FALSE,FALSE,0,0,0,0,https://docs.inecelectionresults.net/elections_prod/1292/state/1/lga/3739/ward/24782/pu/167971/167971-1677512078.pdf
OYO,IBADAN NORTH,"WARD V, N5B",30-06-05-037,IKOLABA GRAMMAR SCHOOL II HALL,15,55,TRUE,0,TRUE,FALSE,FALSE,FALSE,FALSE,0,0,0,0,https://docs.inecelectionresults.net/elections_prod/1292/state/1/lga/3739/ward/24778/pu/167881/167881-1677518397.pdf
OYO,IBADAN NORTH,"WARD V, N5B",30-06-05-038,IKOLABA GRAMMAR SCHOOL I SICK BAY,13,42,TRUE,0,TRUE,FALSE,FALSE,FALSE,FALSE,0,0,0,0,https://docs.inecelectionresults.net/elections_prod/1292/state/01/lga/06/ward/05/pu/038/038-1677427844.pdf
OYO,IBADAN NORTH,"WARD V, N5B",30-06-05-039,"INFRONT OF SCHOOL HALL, IKOLABA HIGH SCHOOL",47,93,TRUE,0,TRUE,FALSE,FALSE,FALSE,FALSE,0,0,0,0,https://docs.inecelectionresults.net/elections_prod/1292/state/01/lga/06/ward/05/pu/039/039-1677422641.pdf
OYO,IBADAN NORTH,"WARD V, N5B",30-06-05-040,INFRONT OF MINI STADIUM IKOLABA HIGH SCHOOL,31,80,TRUE,0,TRUE,FALSE,FALSE,FALSE,FALSE,0,0,0,0,https://docs.inecelectionresults.net/elections_prod/1292/state/1/lga/3739/ward/24778/pu/167884/167884-1677523609.pdf
OYO,IBADAN NORTH,"WARD V, N5B",30-06-05-041,OPPOSITE NTA COMPLEX,38,170,TRUE,0,TRUE,FALSE,FALSE,FALSE,FALSE,0,0,0,0,https://docs.inecelectionresults.net/elections_prod/1292/state/1/lga/3739/ward/24778/pu/167885/167885-1677525001.pdf
OYO,IBADAN NORTH,"WARD V, N5B",30-06-05-042,FEDERAL HOUSING IKOLABA,13,43,TRUE,0,TRUE,FALSE,FALSE,FALSE,FALSE,0,0,0,0,https://docs.inecelectionresults.net/elections_prod/1292/state/01/lga/06/ward/05/pu/042/042-1677419094.pdf
OYO,IBADAN NORTH,"WARD V, N5B",30-06-05-043,"BASHORUN/OJOO HIGH SCHOOL, ASI II",71,134,TRUE,0,TRUE,FALSE,FALSE,FALSE,FALSE,0,0,0,0,https://docs.inecelectionresults.net/elections_prod/1292/state/1/lga/3739/ward/24778/pu/167887/167887-1677522724.pdf
OYO,IBADAN NORTH,"WARD V, N5B",30-06-05-044,"BASHORUN/OJOO HIGH SCHOOL, ASI III",34,94,TRUE,0,TRUE,FALSE,FALSE,FALSE,FALSE,0,0,0,0,https://docs.inecelectionresults.net/elections_prod/1292/state/01/lga/06/ward/05/pu/044/044-1677425771.pdf
OYO,IBADAN NORTH,"WARD V, N5B",30-06-05-045,BRICK HOUSE HOTEL II,8,20,TRUE,0,TRUE,FALSE,FALSE,FALSE,FALSE,0,0,0,0,https://docs.inecelectionresults.net/elections_prod/1292/state/1/lga/3739/ward/24778/pu/167889/167889-1677524197.pdf
OYO,IBADAN NORTH,"WARD V, N5B",30-06-05-046,INFRONT OF ADMISTRATIVE METHODIST SCHOOL II,20,35,TRUE,0,TRUE,FALSE,FALSE,FALSE,FALSE,0,0,0,0,https://docs.inecelectionresults.net/elections_prod/1292/state/01/lga/06/ward/05/pu/046/046-1677412686.pdf
OYO,IBADAN NORTH,"WARD V, N5B",30-06-05-047,LATE CHIEF SALAM ESTATE II,40,90,TRUE,0,TRUE,FALSE,FALSE,FALSE,FALSE,0,0,0,0,https://docs.inecelectionresults.net/elections_prod/1292/state/01/lga/06/ward/05/pu/047/047-1677423393.pdf
OYO,IBADAN NORTH,"WARD V, N5B",30-06-05-048,OWO EGBELEKE II,42,88,TRUE,0,TRUE,FALSE,FALSE,FALSE,FALSE,0,0,0,0,https://docs.inecelectionresults.net/elections_prod/1292/state/1/lga/3739/ward/24778/pu/167892/167892-1677511843.pdf
OYO,IBADAN NORTH,"WARD V, N5B",30-06-05-049,MT. OLIVET GRAMMAR SCHOOL II,19,37,TRUE,0,TRUE,FALSE,FALSE,FALSE,FALSE,0,0,0,0,https://docs.inecelectionresults.net/elections_prod/1292/state/01/lga/06/ward/05/pu/049/049-1677419320.pdf
OYO,IBADAN NORTH,"WARD V, N5B",30-06-05-050,C & S NEW EDEN PRIMARY SCHOOL II,23,54,TRUE,0,TRUE,FALSE,FALSE,FALSE,FALSE,0,0,0,0,https://docs.inecelectionresults.net/elections_prod/1292/state/01/lga/06/ward/05/pu/050/050-1677420578.pdf
OYO,IBADAN NORTH,"WARD V, N5B",30-06-05-051,"4, OLUWO KEKERE ROAD, IBADAN",18,38,TRUE,0,TRUE,FALSE,FALSE,FALSE,FALSE,0,0,0,0,https://docs.inecelectionresults.net/elections_prod/1292/state/1/lga/3739/ward/24778/pu/167895/167895-1677514671.pdf
OYO,IBADAN NORTH,"WARD V, N5B",30-06-05-052,ST. PATRICK GRAMMAR SCH II,79,179,TRUE,0,TRUE,FALSE,FALSE,FALSE,FALSE,0,0,0,0,https://docs.inecelectionresults.net/elections_prod/1292/state/01/lga/06/ward/05/pu/052/052-1677427566.pdf
OYO,IBADAN NORTH,"WARD V, N5B",30-06-05-053,OSUNKAYE INU KOKO II,41,102,TRUE,0,TRUE,FALSE,FALSE,FALSE,FALSE,0,0,0,0,https://docs.inecelectionresults.net/elections_prod/1292/state/01/lga/06/ward/05/pu/053/053-1677427660.pdf
OYO,IBADAN NORTH,"WARD V, N5B",30-06-05-054,"INFRONT OF ADMISTRATIVE BLOCK METHODIST GRAMMAR SCHOOL, BODIJA",27,71,TRUE,0,TRUE,FALSE,FALSE,FALSE,FALSE,0,0,0,0,https://docs.inecelectionresults.net/elections_prod/1292/state/01/lga/06/ward/05/pu/054/054-1677425780.pdf
OYO,IBADAN NORTH,"WARD V, N5B",30-06-05-055,"INFRONT OF POLICE STATION, OLUWO NLA",58,137,TRUE,0,TRUE,FALSE,FALSE,FALSE,FALSE,0,0,0,0,https://docs.inecelectionresults.net/elections_prod/1292/state/1/lga/3739/ward/24778/pu/167899/167899-1677521379.pdf
OYO,IBADAN NORTH,"WARD V, N5B",30-06-05-056,"BESIDE REDEEMER SCHOOL, OLUWO-NLA",23,53,TRUE,0,TRUE,FALSE,FALSE,FALSE,FALSE,0,0,0,0,https://docs.inecelectionresults.net/elections_prod/1292/state/01/lga/06/ward/05/pu/056/056-1677417109.pdf
OYO,IBADAN NORTH,"WARD V, N5B",30-06-05-057,FRONT OF LATE PELLER'S HOUSE II,38,92,TRUE,0,TRUE,FALSE,FALSE,FALSE,FALSE,0,0,0,0,https://docs.inecelectionresults.net/elections_prod/1292/state/1/lga/3739/ward/24778/pu/167901/167901-1677524511.pdf
OYO,IBADAN NORTH,"WARD V, N5B",30-06-05-058,OPP.AKINGBOLA MOSQUE ASHI BODIJA.,26,53,TRUE,0,TRUE,FALSE,FALSE,FALSE,FALSE,0,0,0,0,https://docs.inecelectionresults.net/elections_prod/1292/state/01/lga/06/ward/05/pu/058/058-1677423700.pdf
OYO,IBADAN NORTH,"WARD V, N5B",30-06-05-059,JUNCTION AKINGBOLA MOSQUE ASHI BODIJA.,44,109,TRUE,0,TRUE,FALSE,FALSE,FALSE,FALSE,0,0,0,0,https://docs.inecelectionresults.net/elections_prod/1292/state/01/lga/06/ward/05/pu/059/059-1677423073.pdf
OYO,IBADAN NORTH,"WARD V, N5B",30-06-05-060,BISHOP ONABANJO HIGH SCH II,7,31,TRUE,0,TRUE,FALSE,FALSE,FALSE,FALSE,0,0,0,0,https://docs.inecelectionresults.net/elections_prod/1292/state/1/lga/3739/ward/24778/pu/167904/167904-1677523017.pdf
OYO,IBADAN NORTH,"WARD V, N5B",30-06-05-061,SONBEAM NUR/PRY SCHOOL II,45,87,TRUE,0,TRUE,FALSE,FALSE,FALSE,FALSE,0,0,0,0,https://docs.inecelectionresults.net/elections_prod/1292/state/01/lga/06/ward/05/pu/061/061-1677411546.pdf
OYO,IBADAN NORTH,"WARD V, N5B",30-06-05-062,"BUS STATION,OPPOSITE GLORY TABERNACLE ",3,14,TRUE,0,TRUE,FALSE,FALSE,FALSE,FALSE,0,0,0,0,https://docs.inecelectionresults.net/elections_prod/1292/state/01/lga/06/ward/05/pu/062/062-1677417221.pdf
OYO,IBADAN NORTH,"WARD V, N5B",30-06-05-063,"ADEGOKE LAYOUT, ASHI/BASHORUN",11,21,TRUE,0,TRUE,FALSE,FALSE,FALSE,FALSE,0,0,0,0,https://docs.inecelectionresults.net/elections_prod/1292/state/01/lga/06/ward/05/pu/063/063-1677419714.pdf
OYO,IBADAN NORTH,"WARD V, N5B",30-06-05-064,INFRONT OF FLORENTINA HALL BASHORUN,62,151,TRUE,0,TRUE,FALSE,FALSE,FALSE,FALSE,0,0,0,0,https://docs.inecelectionresults.net/elections_prod/1292/state/1/lga/3739/ward/24778/pu/167908/167908-1677523739.pdf
OYO,IBADAN NORTH,"WARD V, N5B",30-06-05-065,OPP. BODIJA/ASHI BAPTIST CHURCH,101,185,TRUE,0,TRUE,FALSE,FALSE,FALSE,FALSE,0,0,0,0,https://docs.inecelectionresults.net/elections_prod/1292/state/1/lga/3739/ward/24778/pu/167909/167909-1677512922.pdf
OYO,IBADAN NORTH,"WARD V, N5B",30-06-05-066,"INFRONT OF GREAT MINDS COLLEGE, OLUWO-NLA.",17,42,TRUE,0,TRUE,FALSE,FALSE,FALSE,FALSE,0,0,0,0,https://docs.inecelectionresults.net/elections_prod/1292/state/01/lga/06/ward/05/pu/066/066-1677424802.pdf
OYO,IBADAN NORTH,"WARD V, N5B",30-06-05-067,"OPPOSITE CAC OKE-ALAFIA, BODIJA",16,43,TRUE,0,TRUE,FALSE,FALSE,FALSE,FALSE,0,0,0,0,https://docs.inecelectionresults.net/elections_prod/1292/state/1/lga/3739/ward/24778/pu/167911/167911-1677510901.pdf
OYO,IBADAN NORTH,"WARD V, N5B",30-06-05-068,JUNCTION NUBIFAL PHARMACY II,16,27,TRUE,0,TRUE,FALSE,FALSE,FALSE,FALSE,0,0,0,0,https://docs.inecelectionresults.net/elections_prod/1292/state/1/lga/3739/ward/24778/pu/167912/167912-1677520943.pdf
OYO,IBADAN NORTH,"WARD VI, N6A PART I",30-06-06-016,BESIDE HEALTH CENTER SABO,26,46,TRUE,0,TRUE,FALSE,FALSE,FALSE,FALSE,0,0,0,0,https://docs.inecelectionresults.net/elections_prod/1292/state/1/lga/3739/ward/24779/pu/167913/167913-1677491897.pdf
OYO,IBADAN NORTH,"WARD VI, N6A PART I",30-06-06-017,OPP. IBADAN RECREATION CLUB,25,58,TRUE,0,TRUE,FALSE,FALSE,FALSE,FALSE,0,0,0,0,https://docs.inecelectionresults.net/elections_prod/1292/state/1/lga/3739/ward/24779/pu/167914/167914-1677490814.pdf
OYO,IBADAN NORTH,"WARD VI, N6A PART I",30-06-06-020,"INFRONT OF PRINCIPAL'S OFFICE, ST. GABRIEL SECONDARY SCHOOL, SABO",27,84,TRUE,0,TRUE,FALSE,FALSE,FALSE,FALSE,0,0,0,0,https://docs.inecelectionresults.net/elections_prod/1292/state/01/lga/06/ward/06/pu/020/020-1677419245.pdf
OYO,IBADAN NORTH,"WARD VI, N6A PART I",30-06-06-021,ELIGANZA AREA ADAMASINGBA SABO,25,63,TRUE,0,TRUE,FALSE,FALSE,FALSE,FALSE,0,0,0,0,https://docs.inecelectionresults.net/elections_prod/1292/state/1/lga/3739/ward/24779/pu/167918/167918-1677502716.pdf
OYO,IBADAN NORTH,"WARD VI, N6A PART I",30-06-06-022,YBA COMPLEX,28,53,TRUE,0,TRUE,FALSE,FALSE,FALSE,FALSE,0,0,0,0,https://docs.inecelectionresults.net/elections_prod/1292/state/1/lga/3739/ward/24779/pu/167919/167919-1677498691.pdf
OYO,IBADAN NORTH,"WARD VI, N6A PART I",30-06-06-023,WATERED GARDENS,7,25,TRUE,0,TRUE,FALSE,FALSE,FALSE,FALSE,0,0,0,0,https://docs.inecelectionresults.net/elections_prod/1292/state/1/lga/3739/ward/24779/pu/167920/167920-1677499882.pdf
OYO,IBADAN NORTH,"WARD VI, N6A PART I",30-06-06-024,GARAS OPP. CENTRAL MOSQUE SABO,58,133,TRUE,0,TRUE,FALSE,FALSE,FALSE,FALSE,0,0,0,0,https://docs.inecelectionresults.net/elections_prod/1292/state/01/lga/06/ward/06/pu/024/024-1677420738.pdf
OYO,IBADAN NORTH,"WARD VI, N6A PART I",30-06-06-025,OPP. NEW OBA SABO PALACE,67,158,TRUE,0,TRUE,FALSE,FALSE,FALSE,FALSE,0,0,0,0,https://docs.inecelectionresults.net/elections_prod/1292/state/01/lga/06/ward/06/pu/025/025-1677420996.pdf
OYO,IBADAN NORTH,"WARD VI, N6A PART I",30-06-06-026,"OPPOSITE GATE 2,ADAMASINGBA STADIUM",24,62,TRUE,0,TRUE,FALSE,FALSE,FALSE,FALSE,0,0,0,0,https://docs.inecelectionresults.net/elections_prod/1292/state/1/lga/3739/ward/24779/pu/167923/167923-1677498341.pdf
OYO,IBADAN NORTH,"WARD VI, N6A PART I",30-06-06-027,OPP. SCALA CINEMA SABO,19,48,TRUE,0,TRUE,FALSE,FALSE,FALSE,FALSE,0,0,0,0,https://docs.inecelectionresults.net/elections_prod/1292/state/1/lga/3739/ward/24779/pu/167924/167924-1677495063.pdf
OYO,IBADAN NORTH,"WARD VII, N6A PART II",30-06-07-025,"OPEN SPACE OPPOSITE MTN MAST, AJEGUNLE",18,55,TRUE,0,TRUE,FALSE,FALSE,FALSE,FALSE,0,0,0,0,https://docs.inecelectionresults.net/elections_prod/1292/state/01/lga/06/ward/07/pu/025/025-1677416152.pdf
OYO,IBADAN NORTH,"WARD VII, N6A PART II",30-06-07-026,"OPEN SPACE, BASKET COURT, ST LOIUS GRAMMAR SCHOOL, MOKOLA",104,234,TRUE,0,TRUE,FALSE,FALSE,FALSE,FALSE,0,0,0,0,https://docs.inecelectionresults.net/elections_prod/1292/state/01/lga/06/ward/07/pu/026/026-1677416759.pdf
OYO,IBADAN NORTH,"WARD VII, N6A PART II",30-06-07-027,OPEN SPACE OPPOSITE PUBLIC BOREHOLE,14,36,TRUE,0,TRUE,FALSE,FALSE,FALSE,FALSE,0,0,0,0,https://docs.inecelectionresults.net/elections_prod/1292/state/01/lga/06/ward/07/pu/027/027-1677404042.pdf
OYO,IBADAN NORTH,"WARD VII, N6A PART II",30-06-07-028,OPEN SPACE OPP CHRIST APOSTOLIC CHURCH,17,29,TRUE,0,TRUE,FALSE,FALSE,FALSE,FALSE,0,0,0,0,https://docs.inecelectionresults.net/elections_prod/1292/state/1/lga/3739/ward/24780/pu/167928/167928-1677483733.pdf
OYO,IBADAN NORTH,"WARD VII, N6A PART II",30-06-07-029,OPEN SPACE BESIDE SUNNY DAY MODEL SCHOOL,69,126,TRUE,0,TRUE,FALSE,FALSE,FALSE,FALSE,0,0,0,0,https://docs.inecelectionresults.net/elections_prod/1292/state/1/lga/3739/ward/24780/pu/167929/167929-1677484015.pdf
OYO,IBADAN NORTH,"WARD VII, N6A PART II",30-06-07-030,TUNATOL JUNCTION,52,154,TRUE,0,TRUE,FALSE,FALSE,FALSE,FALSE,0,0,0,0,https://docs.inecelectionresults.net/elections_prod/1292/state/01/lga/06/ward/07/pu/030/030-1677414900.pdf
OYO,IBADAN NORTH,"WARD VII, N6A PART II",30-06-07-031,OPEN SPACE OPP GBOROMIRO CHURCH AMISU OKE ITUNU,57,125,TRUE,0,TRUE,FALSE,FALSE,FALSE,FALSE,0,0,0,0,https://docs.inecelectionresults.net/elections_prod/1292/state/1/lga/3739/ward/24780/pu/167931/167931-1677484354.pdf
OYO,IBADAN NORTH,"WARD VII, N6A PART II",30-06-07-032,OPEN SPACE CLOSE TO CAC OBADARE,21,63,TRUE,0,TRUE,FALSE,FALSE,FALSE,FALSE,0,0,0,0,https://docs.inecelectionresults.net/elections_prod/1292/state/1/lga/3739/ward/24780/pu/167932/167932-1677484581.pdf
OYO,IBADAN NORTH,"WARD VIII, N6A PART III",30-06-08-035,OPPOSITE TAFO HALL,124,617,TRUE,0,TRUE,FALSE,FALSE,FALSE,FALSE,0,0,0,0,https://docs.inecelectionresults.net/elections_prod/1292/state/1/lga/3739/ward/24781/pu/167933/167933-1677512940.pdf
OYO,IBADAN NORTH,"WARD VIII, N6A PART III",30-06-08-036,BESIDE TAFO HALL,23,68,TRUE,0,TRUE,FALSE,FALSE,FALSE,FALSE,0,0,0,0,https://docs.inecelectionresults.net/elections_prod/1292/state/1/lga/3739/ward/24781/pu/167934/167934-1677514160.pdf
OYO,IBADAN NORTH,"WARD VIII, N6A PART III",30-06-08-037,AT THE BACK OF SUGAR HOTEL,50,197,TRUE,0,TRUE,FALSE,FALSE,FALSE,FALSE,0,0,0,0,https://docs.inecelectionresults.net/elections_prod/1292/state/01/lga/06/ward/08/pu/037/037-1677423974.pdf
OYO,IBADAN NORTH,"WARD VIII, N6A PART III",30-06-08-038,KEYATTO PHARMACY & STORE,122,623,TRUE,0,TRUE,FALSE,FALSE,FALSE,FALSE,0,0,0,0,https://docs.inecelectionresults.net/elections_prod/1292/state/01/lga/06/ward/08/pu/038/038-1677419554.pdf
OYO,IBADAN NORTH,"WARD VIII, N6A PART III",30-06-08-039,KIA KIA PASSPORT,14,30,TRUE,0,TRUE,FALSE,FALSE,FALSE,FALSE,0,0,0,0,https://docs.inecelectionresults.net/elections_prod/1292/state/1/lga/3739/ward/24781/pu/167937/167937-1677511580.pdf
OYO,IBADAN NORTH,"WARD VIII, N6A PART III",30-06-08-040,OPPOSITE POLY IBADAN FIRST BANK,28,88,TRUE,0,TRUE,FALSE,FALSE,FALSE,FALSE,0,0,0,0,https://docs.inecelectionresults.net/elections_prod/1292/state/1/lga/3739/ward/24781/pu/167938/167938-1677511771.pdf
OYO,IBADAN NORTH,"WARD VIII, N6A PART III",30-06-08-041,APOSTOLIC CHURCH SANGO MARKET II,97,360,TRUE,0,TRUE,FALSE,FALSE,FALSE,FALSE,0,0,0,0,https://docs.inecelectionresults.net/elections_prod/1292/state/1/lga/3739/ward/24781/pu/167939/167939-1677512900.pdf
OYO,IBADAN NORTH,"WARD VIII, N6A PART III",30-06-08-042,SPACE BESIDE THE MAST AGBAJE JUNCTION,67,381,TRUE,0,TRUE,FALSE,FALSE,FALSE,FALSE,0,0,0,0,https://docs.inecelectionresults.net/elections_prod/1292/state/1/lga/3739/ward/24781/pu/167940/167940-1677512752.pdf
OYO,IBADAN NORTH,"WARD VIII, N6A PART III",30-06-08-043,BESIDE GRACE GAS AGBAJE ROAD,39,261,TRUE,0,TRUE,FALSE,FALSE,FALSE,FALSE,0,0,0,0,https://docs.inecelectionresults.net/elections_prod/1292/state/01/lga/06/ward/08/pu/043/043-1677420919.pdf
OYO,IBADAN NORTH,"WARD VIII, N6A PART III",30-06-08-044,BESIDE SEDEPO SCHOOL,9,20,TRUE,0,TRUE,FALSE,FALSE,FALSE,FALSE,0,0,0,0,https://docs.inecelectionresults.net/elections_prod/1292/state/1/lga/3739/ward/24781/pu/167942/167942-1677511318.pdf
OYO,IBADAN NORTH,"WARD VIII, N6A PART III",30-06-08-045,ADJACENT BAALE FIJABI HOUSE,36,61,TRUE,0,TRUE,FALSE,FALSE,FALSE,FALSE,0,0,0,0,https://docs.inecelectionresults.net/elections_prod/1292/state/01/lga/06/ward/08/pu/045/045-1677420195.pdf
OYO,IBADAN NORTH,"WARD VIII, N6A PART III",30-06-08-046,OPEN SPACE OPPOSITE JOSABIG HIGH SCHOOL,36,64,TRUE,0,TRUE,FALSE,FALSE,FALSE,FALSE,0,0,0,0,https://docs.inecelectionresults.net/elections_prod/1292/state/1/lga/3739/ward/24781/pu/167944/167944-1677511002.pdf
OYO,IBADAN NORTH,"WARD VIII, N6A PART III",30-06-08-047,ADJACENT FOUNTAIN OF MERCY CHURCH GBAREMU,82,381,TRUE,0,TRUE,FALSE,FALSE,FALSE,FALSE,0,0,0,0,https://docs.inecelectionresults.net/elections_prod/1292/state/1/lga/3739/ward/24781/pu/167945/167945-1677510818.pdf
OYO,IBADAN NORTH,"WARD VIII, N6A PART III",30-06-08-048,"NO 39, ALHAJI TIRIMISIYU STREET IDI ITO JUNCTION",40,81,TRUE,0,TRUE,FALSE,FALSE,FALSE,FALSE,0,0,0,0,https://docs.inecelectionresults.net/elections_prod/1292/state/1/lga/3739/ward/24781/pu/167946/167946-1677509669.pdf
OYO,IBADAN NORTH,"WARD VIII, N6A PART III",30-06-08-049,TAIWO STREET JUNCTION,48,207,TRUE,0,TRUE,FALSE,FALSE,FALSE,FALSE,0,0,0,0,https://docs.inecelectionresults.net/elections_prod/1292/state/1/lga/3739/ward/24781/pu/167947/167947-1677510259.pdf
OYO,IBADAN NORTH,"WARD VIII, N6A PART III",30-06-08-050,CASSAVA PROCESSING CENTRE II,30,113,TRUE,0,TRUE,FALSE,FALSE,FALSE,FALSE,0,0,0,0,https://docs.inecelectionresults.net/elections_prod/1292/state/1/lga/3739/ward/24781/pu/167948/167948-1677495757.pdf
OYO,IBADAN NORTH,"WARD VIII, N6A PART III",30-06-08-051,BEHIND SANGO TRANSFORMER,49,220,TRUE,0,TRUE,FALSE,FALSE,FALSE,FALSE,0,0,0,0,https://docs.inecelectionresults.net/elections_prod/1292/state/1/lga/3739/ward/24781/pu/167949/167949-1677508643.pdf
OYO,IBADAN NORTH,"WARD VIII, N6A PART III",30-06-08-052,RAKAB VENTURES,23,127,TRUE,0,TRUE,FALSE,FALSE,FALSE,FALSE,0,0,0,0,https://docs.inecelectionresults.net/elections_prod/1292/state/1/lga/3739/ward/24781/pu/167950/167950-1677508955.pdf
OYO,IBADAN NORTH,"WARD VIII, N6A PART III",30-06-08-053,"BESIDE MCHAY DIAGNOSTIC CENTRE,AGBAJE ROAD",53,270,TRUE,0,TRUE,FALSE,FALSE,FALSE,FALSE,0,0,0,0,https://docs.inecelectionresults.net/elections_prod/1292/state/1/lga/3739/ward/24781/pu/167951/167951-1677500846.pdf
OYO,IBADAN NORTH,"WARD VIII, N6A PART III",30-06-08-054,OPPOSITE ALHAJA MOSOBALAJE MOSQUE,24,150,TRUE,0,TRUE,FALSE,FALSE,FALSE,FALSE,0,0,0,0,https://docs.inecelectionresults.net/elections_prod/1292/state/1/lga/3739/ward/24781/pu/167952/167952-1677494865.pdf
OYO,IBADAN NORTH,"WARD VIII, N6A PART III",30-06-08-055,BEMBO HOTEL JUNCTION II,34,69,TRUE,0,TRUE,FALSE,FALSE,FALSE,FALSE,0,0,0,0,https://docs.inecelectionresults.net/elections_prod/1292/state/1/lga/3739/ward/24781/pu/167953/167953-1677494126.pdf
OYO,IBADAN NORTH,"WARD VIII, N6A PART III",30-06-08-056,"OPPOSITE POLYTECHNIC, IBADAN.",17,53,TRUE,0,TRUE,FALSE,FALSE,FALSE,FALSE,0,0,0,0,https://docs.inecelectionresults.net/elections_prod/1292/state/1/lga/3739/ward/24781/pu/167954/167954-1677496363.pdf
OYO,IBADAN NORTH,"WARD VIII, N6A PART III",30-06-08-057,INFRONT OF IMPACT SCHOOL,41,162,TRUE,0,TRUE,FALSE,FALSE,FALSE,FALSE,0,0,0,0,https://docs.inecelectionresults.net/elections_prod/1292/state/1/lga/3739/ward/24781/pu/167955/167955-1677501813.pdf
OYO,IBADAN NORTH,"WARD VIII, N6A PART III",30-06-08-058,BEHIND AGBAJE TRANSFORMER,73,353,TRUE,0,TRUE,FALSE,FALSE,FALSE,FALSE,0,0,0,0,https://docs.inecelectionresults.net/elections_prod/1292/state/1/lga/3739/ward/24781/pu/167956/167956-1677509481.pdf
OYO,IBADAN NORTH,"WARD VIII, N6A PART III",30-06-08-059,ALARO JUNCTION,52,127,TRUE,0,TRUE,FALSE,FALSE,FALSE,FALSE,0,0,0,0,https://docs.inecelectionresults.net/elections_prod/1292/state/01/lga/06/ward/08/pu/059/059-1677422325.pdf
OYO,IBADAN NORTH,"WARD VIII, N6A PART III",30-06-08-060,AYENI TECHNICAL ENGINEER SANGO,17,52,TRUE,0,TRUE,FALSE,FALSE,FALSE,FALSE,0,0,0,0,https://docs.inecelectionresults.net/elections_prod/1292/state/1/lga/3739/ward/24781/pu/167958/167958-1677508586.pdf
OYO,IBADAN NORTH,"WARD VIII, N6A PART III",30-06-08-061,OPPOSITE GATEWAY BAPTIST SANGO,38,86,TRUE,0,TRUE,FALSE,FALSE,FALSE,FALSE,0,0,0,0,https://docs.inecelectionresults.net/elections_prod/1292/state/1/lga/3739/ward/24781/pu/167959/167959-1677509793.pdf
OYO,IBADAN NORTH,"WARD VIII, N6A PART III",30-06-08-062,BESIDE OMOTOSHO OLORUNSOGO MOSQUE ALARO,21,58,TRUE,0,TRUE,FALSE,FALSE,FALSE,FALSE,0,0,0,0,https://docs.inecelectionresults.net/elections_prod/1292/state/01/lga/06/ward/08/pu/062/062-1677422899.pdf
OYO,IBADAN NORTH,"WARD X, N6B PART II",30-06-10-018,OPEN SPACE OPPOSITE U.B.A (UCH),163,722,TRUE,0,TRUE,FALSE,FALSE,FALSE,FALSE,0,0,0,0,https://docs.inecelectionresults.net/elections_prod/1292/state/01/lga/06/ward/10/pu/018/018-1677424179.pdf
OYO,IBADAN NORTH,"WARD X, N6B PART II",30-06-10-019,OPPOSITE UCH MAIN GATE,18,45,TRUE,0,TRUE,FALSE,FALSE,FALSE,FALSE,0,0,0,0,https://docs.inecelectionresults.net/elections_prod/1292/state/1/lga/3739/ward/24783/pu/167973/167973-1677479314.pdf
OYO,IBADAN NORTH,"WARD X, N6B PART II",30-06-10-020,OPPOSITE STAFF ASSOCIATION INSIDE U.C.H,165,750,TRUE,0,TRUE,FALSE,FALSE,FALSE,FALSE,0,0,0,0,https://docs.inecelectionresults.net/elections_prod/1292/state/01/lga/06/ward/10/pu/020/020-1677411870.pdf
OYO,IBADAN NORTH,"WARD X, N6B PART II",30-06-10-021,NASU CAR PARK,99,143,TRUE,0,TRUE,FALSE,FALSE,FALSE,FALSE,0,0,0,0,https://docs.inecelectionresults.net/elections_prod/1292/state/1/lga/3739/ward/24783/pu/167975/167975-1677477754.pdf
OYO,IBADAN NORTH,"WARD X, N6B PART II",30-06-10-022,OPPOSITE ALEXANDER BROWN HALL,337,461,TRUE,0,TRUE,FALSE,FALSE,FALSE,FALSE,0,0,0,0,https://docs.inecelectionresults.net/elections_prod/1292/state/01/lga/06/ward/10/pu/022/022-1677415840.pdf
OYO,IBADAN NORTH,"WARD X, N6B PART II",30-06-10-023,EKITI/OSUN STREET JUNCTION,61,318,TRUE,0,TRUE,FALSE,FALSE,FALSE,FALSE,0,0,0,0,https://docs.inecelectionresults.net/elections_prod/1292/state/01/lga/06/ward/10/pu/023/023-1677423330.pdf
OYO,IBADAN NORTH,"WARD X, N6B PART II",30-06-10-024,IBIKUNLE AVENUE JUNCTION,34,171,TRUE,0,TRUE,FALSE,FALSE,FALSE,FALSE,0,0,0,0,https://docs.inecelectionresults.net/elections_prod/1292/state/01/lga/06/ward/10/pu/024/024-1677417774.pdf
OYO,IBADAN NORTH,"WARD X, N6B PART II",30-06-10-025,OPEN SPACE OBASA JUNCTION,116,368,TRUE,0,TRUE,FALSE,FALSE,FALSE,FALSE,0,0,0,0,https://docs.inecelectionresults.net/elections_prod/1292/state/1/lga/3739/ward/24783/pu/167979/167979-1677478540.pdf
OYO,IBADAN NORTH,"WARD X, N6B PART II",30-06-10-026,OPEN SPACE OBASA JUNCTION,116,368,TRUE,0,TRUE,FALSE,FALSE,FALSE,FALSE,0,0,0,0,https://docs.inecelectionresults.net/elections_prod/1292/state/1/lga/3739/ward/24783/pu/167979/167979-1677478540.pdf
OYO,IBADAN NORTH,"WARD X, N6B PART II",30-06-10-027,BEHIND HOUSING POLICE STATION,45,248,TRUE,0,TRUE,FALSE,FALSE,FALSE,FALSE,0,0,0,0,https://docs.inecelectionresults.net/elections_prod/1292/state/01/lga/06/ward/10/pu/027/027-1677417293.pdf
OYO,IBADAN NORTH,"WARD X, N6B PART II",30-06-10-028,OPPOSITE EDUCATION ADVANCEMENT CENTRE,39,218,TRUE,0,TRUE,FALSE,FALSE,FALSE,FALSE,0,0,0,0,https://docs.inecelectionresults.net/elections_prod/1292/state/01/lga/06/ward/10/pu/028/028-1677425729.pdf
OYO,IBADAN NORTH,"WARD X, N6B PART II",30-06-10-029,BESIDE GLOBAL HARVEST CHURCH,36,296,TRUE,0,TRUE,FALSE,FALSE,FALSE,FALSE,0,0,0,0,https://docs.inecelectionresults.net/elections_prod/1292/state/01/lga/06/ward/10/pu/029/029-1677418122.pdf
OYO,IBADAN NORTH,"WARD X, N6B PART II",30-06-10-030,BEHIND POLICE STATION BARRACK ONDO STREET,110,398,TRUE,0,TRUE,FALSE,FALSE,FALSE,FALSE,0,0,0,0,https://docs.inecelectionresults.net/elections_prod/1292/state/01/lga/06/ward/10/pu/030/030-1677422085.pdf
OYO,IBADAN NORTH,"WARD X, N6B PART II",30-06-10-031,ILARO/ALABI AMO JUNCTION,13,28,TRUE,0,TRUE,FALSE,FALSE,FALSE,FALSE,0,0,0,0,https://docs.inecelectionresults.net/elections_prod/1292/state/01/lga/06/ward/10/pu/031/031-1677421106.pdf
OYO,IBADAN NORTH,"WARD X, N6B PART II",30-06-10-032,BODIJA INTERNATIONAL SCHOOL JUNCTION,100,455,TRUE,0,TRUE,FALSE,FALSE,FALSE,FALSE,0,0,0,0,https://docs.inecelectionresults.net/elections_prod/1292/state/01/lga/06/ward/10/pu/032/032-1677424769.pdf
OYO,IBADAN NORTH,"WARD X, N6B PART II",30-06-10-033,OPPOSITE ZARTECH BUILDING BODIJA,125,508,TRUE,0,TRUE,FALSE,FALSE,FALSE,FALSE,0,0,0,0,https://docs.inecelectionresults.net/elections_prod/1292/state/1/lga/3739/ward/24783/pu/167987/167987-1677480068.pdf
OYO,IBADAN NORTH,"WARD X, N6B PART II",30-06-10-034,OPPOSITE G.T.B. AJIBADE MOKOLA,111,511,TRUE,0,TRUE,FALSE,FALSE,FALSE,FALSE,0,0,0,0,https://docs.inecelectionresults.net/elections_prod/1292/state/1/lga/3739/ward/24783/pu/167988/167988-1677480621.pdf
OYO,IBADAN NORTH,"WARD XI, NW8",30-06-11-020,OPPOSITE AREGBESOLA BUS STOP SOUTH POLY (CAMPUS),79,472,TRUE,0,TRUE,FALSE,FALSE,FALSE,FALSE,0,0,0,0,https://docs.inecelectionresults.net/elections_prod/1292/state/1/lga/3739/ward/24784/pu/167989/167989-1677509171.pdf
OYO,IBADAN NORTH,"WARD XI, NW8",30-06-11-021,UNITY HALL NORTH CAMPUS,14,46,TRUE,0,TRUE,FALSE,FALSE,FALSE,FALSE,0,0,0,0,https://docs.inecelectionresults.net/elections_prod/1292/state/1/lga/3739/ward/24784/pu/167990/167990-1677502841.pdf
OYO,IBADAN NORTH,"WARD XI, NW8",30-06-11-022,OPEN SPACE IN FRONT OF ZENITH BANK,122,659,TRUE,0,TRUE,FALSE,FALSE,FALSE,FALSE,0,0,0,0,https://docs.inecelectionresults.net/elections_prod/1292/state/1/lga/3739/ward/24784/pu/167991/167991-1677509838.pdf
OYO,IBADAN NORTH,"WARD XI, NW8",30-06-11-023,OPPOSITE STORE CENTER NORTH CAMPUS,14,55,TRUE,0,TRUE,FALSE,FALSE,FALSE,FALSE,0,0,0,0,https://docs.inecelectionresults.net/elections_prod/1292/state/01/lga/06/ward/11/pu/023/023-1677419624.pdf
OYO,IBADAN NORTH,"WARD XI, NW8",30-06-11-024,SANGO GARAGE II,82,203,TRUE,0,TRUE,FALSE,FALSE,FALSE,FALSE,0,0,0,0,https://docs.inecelectionresults.net/elections_prod/1292/state/1/lga/3739/ward/24784/pu/167993/167993-1677508478.pdf
OYO,IBADAN NORTH,"WARD XI, NW8",30-06-11-025,NATIONAL COUNCIL OF WOMEN SOCIETY,18,33,TRUE,0,TRUE,FALSE,FALSE,FALSE,FALSE,0,0,0,0,https://docs.inecelectionresults.net/elections_prod/1292/state/1/lga/3739/ward/24784/pu/167994/167994-1677496863.pdf
OYO,IBADAN NORTH,"WARD XI, NW8",30-06-11-026,OPPOSITE LIGHT HOUSE CHURCH ALONG UNIVERSITY OF IBADAN ROAD,103,432,TRUE,0,TRUE,FALSE,FALSE,FALSE,FALSE,0,0,0,0,https://docs.inecelectionresults.net/elections_prod/1292/state/01/lga/06/ward/11/pu/026/026-1677427964.pdf
OYO,IBADAN NORTH,"WARD XI, NW8",30-06-11-027,OPPOSITE EMMANUEL COLEGE OF THEOLOGY SAMONDA,121,274,TRUE,0,TRUE,FALSE,FALSE,FALSE,FALSE,0,0,0,0,https://docs.inecelectionresults.net/elections_prod/1292/state/01/lga/06/ward/11/pu/027/027-1677418921.pdf
OYO,IBADAN NORTH,"WARD XI, NW8",30-06-11-028,QUEEN'S HALL U.I II,175,356,TRUE,0,TRUE,FALSE,FALSE,FALSE,FALSE,0,0,0,0,https://docs.inecelectionresults.net/elections_prod/1292/state/1/lga/3739/ward/24784/pu/167997/167997-1677506019.pdf
OYO,IBADAN NORTH,"WARD XI, NW8",30-06-11-029,OPPOSITE ICT CENTRE QUEEN'S HALL,27,54,TRUE,0,TRUE,FALSE,FALSE,FALSE,FALSE,0,0,0,0,https://docs.inecelectionresults.net/elections_prod/1292/state/1/lga/3739/ward/24784/pu/167998/167998-1677496294.pdf
OYO,IBADAN NORTH,"WARD XI, NW8",30-06-11-030,SULTAN BELLO HALL U.I II,186,602,TRUE,0,TRUE,FALSE,FALSE,FALSE,FALSE,0,0,0,0,https://docs.inecelectionresults.net/elections_prod/1292/state/1/lga/3739/ward/24784/pu/167999/167999-1677509045.pdf
OYO,IBADAN NORTH,"WARD XI, NW8",30-06-11-032,OPPOSITE TEDDER HALL BUS STOP,100,180,TRUE,0,TRUE,FALSE,FALSE,FALSE,FALSE,0,0,0,0,https://docs.inecelectionresults.net/elections_prod/1292/state/1/lga/3739/ward/24784/pu/168001/168001-1677500506.pdf
OYO,IBADAN NORTH,"WARD XI, NW8",30-06-11-033,OPPOSITE NNAMDI AZIKWE GATE U.I,40,70,TRUE,0,TRUE,FALSE,FALSE,FALSE,FALSE,0,0,0,0,https://docs.inecelectionresults.net/elections_prod/1292/state/1/lga/3739/ward/24784/pu/168002/168002-1677493776.pdf
OYO,IBADAN NORTH,"WARD XI, NW8",30-06-11-034,"OPPOSITE MINI MARKET, OPP. NNAMDI AZIKWE GATE U.I",17,29,TRUE,0,TRUE,FALSE,FALSE,FALSE,FALSE,0,0,0,0,https://docs.inecelectionresults.net/elections_prod/1292/state/1/lga/3739/ward/24784/pu/168003/168003-1677495401.pdf
OYO,IBADAN NORTH,"WARD XI, NW8",30-06-11-035,BESIDE INDEPENDENCE HALL U.I,29,53,TRUE,0,TRUE,FALSE,FALSE,FALSE,FALSE,0,0,0,0,https://docs.inecelectionresults.net/elections_prod/1292/state/01/lga/06/ward/11/pu/035/035-1677417509.pdf
OYO,IBADAN NORTH,"WARD XI, NW8",30-06-11-036,OPPOSITE QUARTERS BEHIND INDEPENDENCE HALL U.I,32,160,TRUE,0,TRUE,FALSE,FALSE,FALSE,FALSE,0,0,0,0,https://docs.inecelectionresults.net/elections_prod/1292/state/1/lga/3739/ward/24784/pu/168005/168005-1677497696.pdf
OYO,IBADAN NORTH,"WARD XI, NW8",30-06-11-037,"BLOCK C, INDEPENDENCE HALL, ZIK HOSTEL ROAD U.I IBADAN",84,402,TRUE,0,TRUE,FALSE,FALSE,FALSE,FALSE,0,0,0,0,https://docs.inecelectionresults.net/elections_prod/1292/state/01/lga/06/ward/11/pu/037/037-1677418643.pdf
OYO,IBADAN NORTH,"WARD XI, NW8",30-06-11-038,"ABDUL SALAMI ABUBAKAR POST GRADUATE HALL, IDIA BUSSTOP",96,436,TRUE,0,TRUE,FALSE,FALSE,FALSE,FALSE,0,0,0,0,https://docs.inecelectionresults.net/elections_prod/1292/state/1/lga/3739/ward/24784/pu/168007/168007-1677508244.pdf
OYO,IBADAN NORTH,"WARD XI, NW8",30-06-11-039,BESIDE AWO HALL U.I,15,39,TRUE,0,TRUE,FALSE,FALSE,FALSE,FALSE,0,0,0,0,https://docs.inecelectionresults.net/elections_prod/1292/state/1/lga/3739/ward/24784/pu/168008/168008-1677491120.pdf
OYO,IBADAN NORTH,"WARD XI, NW8",30-06-11-040,"AWOLOWO HALL, BUS STOP U.I IBADAN",115,719,TRUE,0,TRUE,FALSE,FALSE,FALSE,FALSE,0,0,0,0,https://docs.inecelectionresults.net/elections_prod/1292/state/1/lga/3739/ward/24784/pu/168009/168009-1677502931.pdf
OYO,IBADAN NORTH,"WARD XI, NW8",30-06-11-041,POSTAL AGENCY ABADINA U.I,130,452,TRUE,0,TRUE,FALSE,FALSE,FALSE,FALSE,0,0,0,0,https://docs.inecelectionresults.net/elections_prod/1292/state/01/lga/06/ward/11/pu/041/041-1677417106.pdf
OYO,IBADAN NORTH,"WARD XI, NW8",30-06-11-042,INFRONT OF ADMINISTRATIVE BLOCK ABADINA PRIMARY SCH III,177,553,TRUE,0,TRUE,FALSE,FALSE,FALSE,FALSE,0,0,0,0,https://docs.inecelectionresults.net/elections_prod/1292/state/1/lga/3739/ward/24784/pu/168011/168011-1677509801.pdf
OYO,IBADAN NORTH,"WARD XI, NW8",30-06-11-043,"COCKPIT JUNCTION, AERODROME ESTATE",149,468,TRUE,0,TRUE,FALSE,FALSE,FALSE,FALSE,0,0,0,0,https://docs.inecelectionresults.net/elections_prod/1292/state/1/lga/3739/ward/24784/pu/168012/168012-1677507601.pdf
OYO,IBADAN NORTH,"WARD XII, NW8",30-06-12-043,BESIDE OGO OLUWA MOSQUE ALONG ADEOYO STREET,49,108,TRUE,0,TRUE,FALSE,FALSE,FALSE,FALSE,0,0,0,0,https://docs.inecelectionresults.net/elections_prod/1292/state/1/lga/3739/ward/24785/pu/168013/168013-1677510318.pdf
OYO,IBADAN NORTH,"WARD XII, NW8",30-06-12-044,"OPPOSITE SOLOMON OLAYIWOLA SHOPPING COMPLEX, BARIKA",75,128,TRUE,0,TRUE,FALSE,FALSE,FALSE,FALSE,0,0,0,0,https://docs.inecelectionresults.net/elections_prod/1292/state/01/lga/06/ward/12/pu/044/044-1677419874.pdf
OYO,IBADAN NORTH,"WARD XII, NW8",30-06-12-045,BESIDE TAWAKALITU CENTRAL MOSQUE ALONG AJETUNMOBI,40,99,TRUE,0,TRUE,FALSE,FALSE,FALSE,FALSE,0,0,0,0,https://docs.inecelectionresults.net/elections_prod/1292/state/01/lga/06/ward/12/pu/045/045-1677423668.pdf
OYO,IBADAN NORTH,"WARD XII, NW8",30-06-12-046,"TRANSFORMER, KAJOLA BUS STOP",62,120,TRUE,0,TRUE,FALSE,FALSE,FALSE,FALSE,0,0,0,0,https://docs.inecelectionresults.net/elections_prod/1292/state/01/lga/06/ward/12/pu/046/046-1677423326.pdf
OYO,IBADAN NORTH,"WARD XII, NW8",30-06-12-047,OPPOSITE BAPTIST HIGH SCHOOL OJOKONDO,31,77,TRUE,0,TRUE,FALSE,FALSE,FALSE,FALSE,0,0,0,0,https://docs.inecelectionresults.net/elections_prod/1292/state/1/lga/3739/ward/24785/pu/168017/168017-1677498958.pdf
OYO,IBADAN NORTH,"WARD XII, NW8",30-06-12-048,ADELOVE JUNCTION NEPA TRANSFORMER,107,258,TRUE,0,TRUE,FALSE,FALSE,FALSE,FALSE,0,0,0,0,https://docs.inecelectionresults.net/elections_prod/1292/state/1/lga/3739/ward/24785/pu/168018/168018-1677493587.pdf
OYO,IBADAN NORTH,"WARD XII, NW8",30-06-12-049,INFRONT OF ADMIN BLOCK ST. THOMAS PRIMARY SCHOOL,20,61,TRUE,0,TRUE,FALSE,FALSE,FALSE,FALSE,0,0,0,0,https://docs.inecelectionresults.net/elections_prod/1292/state/01/lga/06/ward/12/pu/049/049-1677419173.pdf
OYO,IBADAN NORTH,"WARD XII, NW8",30-06-12-050,UNDER TREE INFRONT OF IYA IBADAN HOUSE,23,59,TRUE,0,TRUE,FALSE,FALSE,FALSE,FALSE,0,0,0,0,https://docs.inecelectionresults.net/elections_prod/1292/state/01/lga/06/ward/12/pu/050/050-1677423962.pdf
OYO,IBADAN NORTH,"WARD XII, NW8",30-06-12-051,INFRONT OF IRAWO UNIVERSITY,17,36,TRUE,0,TRUE,FALSE,FALSE,FALSE,FALSE,0,0,0,0,https://docs.inecelectionresults.net/elections_prod/1292/state/01/lga/06/ward/12/pu/051/051-1677424161.pdf
OYO,IBADAN NORTH,"WARD XII, NW8",30-06-12-052,BESIDE OLAITAN COTTAGE,33,114,TRUE,0,TRUE,FALSE,FALSE,FALSE,FALSE,0,0,0,0,https://docs.inecelectionresults.net/elections_prod/1292/state/01/lga/06/ward/12/pu/052/052-1677417127.pdf
OYO,IBADAN NORTH,"WARD XII, NW8",30-06-12-053,OPP COMFORT VILLA ALH. SALAWU SANUSI STREET AGBOWO,99,345,TRUE,0,TRUE,FALSE,FALSE,FALSE,FALSE,0,0,0,0,https://docs.inecelectionresults.net/elections_prod/1292/state/01/lga/06/ward/12/pu/053/053-1677414601.pdf
OYO,IBADAN NORTH,"WARD XII, NW8",30-06-12-054,INFRONT OF BAALE BODIJA IREPODUN IN COUNCIL,19,34,TRUE,0,TRUE,FALSE,FALSE,FALSE,FALSE,0,0,0,0,https://docs.inecelectionresults.net/elections_prod/1292/state/01/lga/06/ward/12/pu/054/054-1677418926.pdf
OYO,IBADAN NORTH,"WARD XII, NW8",30-06-12-055,BESIDE GOD-WILL-DO-IT MINISTRIES FARAYOLA LAYOUR,131,456,TRUE,0,TRUE,FALSE,FALSE,FALSE,FALSE,0,0,0,0,https://docs.inecelectionresults.net/elections_prod/1292/state/01/lga/06/ward/12/pu/055/055-1677418500.pdf
OYO,IBADAN NORTH,"WARD XII, NW8",30-06-12-056,BESIDE AS-SABBAQ SCHOOL BODIJA,94,404,TRUE,0,TRUE,FALSE,FALSE,FALSE,FALSE,0,0,0,0,https://docs.inecelectionresults.net/elections_prod/1292/state/01/lga/06/ward/12/pu/056/056-1677417411.pdf
OYO,IBADAN NORTH,"WARD XII, NW8",30-06-12-057,BESIDE OJOLWO FOOD CANTEEN KARA,41,308,TRUE,0,TRUE,FALSE,FALSE,FALSE,FALSE,0,0,0,0,https://docs.inecelectionresults.net/elections_prod/1292/state/01/lga/06/ward/12/pu/057/057-1677414701.pdf
OYO,IBADAN NORTH,"WARD XII, NW8",30-06-12-058,INFRONT OF AKILAPA MOSQUE BODIJA,39,102,TRUE,0,TRUE,FALSE,FALSE,FALSE,FALSE,0,0,0,0,https://docs.inecelectionresults.net/elections_prod/1292/state/01/lga/06/ward/12/pu/058/058-1677412324.pdf
OYO,IBADAN NORTH,"WARD XII, NW8",30-06-12-059,"INFRONT OF ADMINISTRATION BLOCK METHODIST SCHOOL I, BODIJA",52,114,TRUE,0,TRUE,FALSE,FALSE,FALSE,FALSE,0,0,0,0,https://docs.inecelectionresults.net/elections_prod/1292/state/01/lga/06/ward/12/pu/059/059-1677416040.pdf
OYO,IBADAN NORTH,"WARD XII, NW8",30-06-12-060,UNDER TREE BEHIND AGBOWO SHOPPING COMPLEX,38,106,TRUE,0,TRUE,FALSE,FALSE,FALSE,FALSE,0,0,0,0,https://docs.inecelectionresults.net/elections_prod/1292/state/01/lga/06/ward/12/pu/060/060-1677416828.pdf
OYO,IBADAN NORTH,"WARD XII, NW8",30-06-12-061,IDI IROKO ISO PAKO,33,82,TRUE,0,TRUE,FALSE,FALSE,FALSE,FALSE,0,0,0,0,https://docs.inecelectionresults.net/elections_prod/1292/state/01/lga/06/ward/12/pu/061/061-1677412345.pdf
OYO,IBADAN NORTH,"WARD XII, NW8",30-06-12-062,BODIJA EXPRESS JUNCTION,76,134,TRUE,0,TRUE,FALSE,FALSE,FALSE,FALSE,0,0,0,0,https://docs.inecelectionresults.net/elections_prod/1292/state/01/lga/06/ward/12/pu/062/062-1677415383.pdf
OYO,IBADAN NORTH,"WARD XII, NW8",30-06-12-063,OPP HOLINESS BIBLE CHURCH AKINBODE STREET,36,137,TRUE,0,TRUE,FALSE,FALSE,FALSE,FALSE,0,0,0,0,https://docs.inecelectionresults.net/elections_prod/1292/state/1/lga/3739/ward/24785/pu/168033/168033-1677497181.pdf
OYO,IBADAN NORTH EAST,WARD 2 NI (PART II),30-07-02-012,OPEN SPACE OSA OKO III,117,352,TRUE,0,TRUE,FALSE,FALSE,FALSE,FALSE,0,0,0,0,https://docs.inecelectionresults.net/elections_prod/1292/state/01/lga/07/ward/02/pu/012/012-1677403837.pdf
OYO,IBADAN NORTH EAST,WARD III. E3,30-07-03-016,SPACE OPPOSITE ALAPAFON II,49,163,TRUE,0,TRUE,FALSE,FALSE,FALSE,FALSE,0,0,0,0,https://docs.inecelectionresults.net/elections_prod/1292/state/01/lga/07/ward/03/pu/016/016-1677408879.pdf
OYO,IBADAN NORTH EAST,WARD III. E3,30-07-03-017,"OPEN SPACE, BESIDE OGUNDIPE II",30,110,TRUE,0,TRUE,FALSE,FALSE,FALSE,FALSE,0,0,0,0,https://docs.inecelectionresults.net/elections_prod/1292/state/01/lga/07/ward/03/pu/017/017-1677413161.pdf
OYO,IBADAN NORTH EAST,WARD III. E3,30-07-03-018,OPEN SPACE BESIDE JAGUN'S COMPOUND III,63,160,TRUE,0,TRUE,FALSE,FALSE,FALSE,FALSE,0,0,0,0,https://docs.inecelectionresults.net/elections_prod/1292/state/01/lga/07/ward/03/pu/018/018-1677406089.pdf
OYO,IBADAN NORTH EAST,WARD III. E3,30-07-03-019,OPEN SPACE BESIDE ONIDEURE OJA-GBO,35,99,TRUE,0,TRUE,FALSE,FALSE,FALSE,FALSE,0,0,0,0,https://docs.inecelectionresults.net/elections_prod/1292/state/01/lga/07/ward/03/pu/019/019-1677405537.pdf
OYO,IBADAN NORTH EAST,WARD IV  E4,30-07-04-038,OPEN SPACE BEHIND SHOP MERIN KOLOKO,70,194,TRUE,0,TRUE,FALSE,FALSE,FALSE,FALSE,0,0,0,0,https://docs.inecelectionresults.net/elections_prod/1292/state/01/lga/07/ward/04/pu/038/038-1677413025.pdf
OYO,IBADAN NORTH EAST,WARD IX E7II,30-07-09-039,"UNITED SECONDARY SCHOOL, IDI-OBI IV",94,477,TRUE,0,TRUE,FALSE,FALSE,FALSE,FALSE,0,0,0,0,https://docs.inecelectionresults.net/elections_prod/1292/state/01/lga/07/ward/09/pu/039/039-1677397120.pdf
OYO,IBADAN NORTH EAST,WARD IX E7II,30-07-09-040,IRE AKARI AGUGU II,55,208,TRUE,0,TRUE,FALSE,FALSE,FALSE,FALSE,0,0,0,0,https://docs.inecelectionresults.net/elections_prod/1292/state/01/lga/07/ward/09/pu/040/040-1677414298.pdf
OYO,IBADAN NORTH EAST,WARD IX E7II,30-07-09-041,AROUND ARABIC SCHOOL ISALE-YIDI LANASE I,64,333,TRUE,0,TRUE,FALSE,FALSE,FALSE,FALSE,0,0,0,0,https://docs.inecelectionresults.net/elections_prod/1292/state/01/lga/07/ward/09/pu/041/041-1677414918.pdf
OYO,IBADAN NORTH EAST,WARD IX E7II,30-07-09-042,NUT BUILDING LAGELU GRAMMER SCHOOL III,58,291,TRUE,0,TRUE,FALSE,FALSE,FALSE,FALSE,0,0,0,0,https://docs.inecelectionresults.net/elections_prod/1292/state/01/lga/07/ward/09/pu/042/042-1677415020.pdf
OYO,IBADAN NORTH EAST,WARD IX E7II,30-07-09-043,LAGELU GRAMMER SCHOOL IV,75,337,TRUE,0,TRUE,FALSE,FALSE,FALSE,FALSE,0,0,0,0,https://docs.inecelectionresults.net/elections_prod/1292/state/01/lga/07/ward/09/pu/043/043-1677415450.pdf
OYO,IBADAN NORTH EAST,WARD IX E7II,30-07-09-044,OKE IBADAN HIGH SCHOOL II,105,343,TRUE,0,TRUE,FALSE,FALSE,FALSE,FALSE,0,0,0,0,https://docs.inecelectionresults.net/elections_prod/1292/state/01/lga/07/ward/09/pu/044/044-1677416284.pdf
OYO,IBADAN NORTH EAST,WARD VIII E7 I,30-07-08-040,O/S AROUND ISLAMIC PRY SCH ODEAJE IV,26,88,TRUE,0,TRUE,FALSE,FALSE,FALSE,FALSE,0,0,0,0,https://inec-cvr-cache.s3.eu-west-1.amazonaws.com/cached/results/664108/result_86623_1677490752_thumb.jpg
OYO,IBADAN NORTH EAST,WARD VIII E7 I,30-07-08-041,O/S AROUND ISLAMIC PRY SCH ODEAJE V,11,57,TRUE,0,TRUE,FALSE,FALSE,FALSE,TRUE,8,0,15,0,https://inec-cvr-cache.s3.eu-west-1.amazonaws.com/cached/results/664109/result_86624_1677490850_thumb.jpg
OYO,IBADAN NORTH EAST,WARD X  E8,30-07-10-017,SPACE BESIDE ILE DELE SOLU COMPOUND,33,304,TRUE,0,TRUE,FALSE,FALSE,FALSE,FALSE,0,0,0,0,https://docs.inecelectionresults.net/elections_prod/1292/state/01/lga/07/ward/10/pu/017/017-1677412406.pdf
OYO,IBADAN NORTH EAST,WARD X  E8,30-07-10-018,SPACE BESIDE ILE PONKI COMPOUND,7,13,TRUE,0,TRUE,FALSE,FALSE,FALSE,FALSE,0,0,0,0,https://docs.inecelectionresults.net/elections_prod/1292/state/1/lga/3740/ward/24795/pu/168061/168061-1677520494.pdf
OYO,IBADAN NORTH EAST,WARD X  E8,30-07-10-019,SPACE INFRONT OF  IREFIN PALACE,69,454,TRUE,0,TRUE,FALSE,FALSE,FALSE,FALSE,0,0,0,0,https://docs.inecelectionresults.net/elections_prod/1292/state/01/lga/07/ward/10/pu/019/019-1677403870.pdf
OYO,IBADAN NORTH EAST,WARD X  E8,30-07-10-020,SPACE BESIDE OJE MATERNITY,28,270,TRUE,0,TRUE,FALSE,FALSE,FALSE,FALSE,0,0,0,0,https://docs.inecelectionresults.net/elections_prod/1292/state/01/lga/07/ward/10/pu/020/020-1677414535.pdf
OYO,IBADAN NORTH EAST,WARD X  E8,30-07-10-021,SPACE BEHIND OLORO MOSQUE,28,80,TRUE,0,TRUE,FALSE,FALSE,FALSE,FALSE,0,0,0,0,https://docs.inecelectionresults.net/elections_prod/1292/state/01/lga/07/ward/10/pu/021/021-1677413362.pdf
OYO,IBADAN NORTH EAST,WARD XI  E9 I,30-07-11-042,OPEN SPACE AROUND KUMAPAYI STREET IWO ROAD VI,58,224,TRUE,0,TRUE,FALSE,FALSE,FALSE,TRUE,65,8,22,0,https://inec-cvr-cache.s3.eu-west-1.amazonaws.com/cached/results/664119/result_86732_1677493291_thumb.jpg
OYO,IBADAN NORTH EAST,WARD XII  E9 II,30-07-12-035,BLOCK I HLA SCHOOL I,98,329,TRUE,0,TRUE,FALSE,FALSE,FALSE,FALSE,0,0,0,0,https://docs.inecelectionresults.net/elections_prod/1292/state/01/lga/07/ward/12/pu/035/035-1677402677.pdf
OYO,IBADAN NORTH EAST,WARD XII  E9 II,30-07-12-036,SPACE BESIDE CUSTOMARY COURT AGODI III,36,125,TRUE,0,TRUE,FALSE,FALSE,FALSE,FALSE,0,0,0,0,https://docs.inecelectionresults.net/elections_prod/1292/state/01/lga/07/ward/12/pu/036/036-1677403376.pdf
OYO,IBADAN NORTH EAST,WARD XII  E9 II,30-07-12-037,OPEN SPACE BESIDE LAMINI MOSQUE I,42,176,TRUE,0,TRUE,FALSE,FALSE,FALSE,FALSE,0,0,0,0,https://docs.inecelectionresults.net/elections_prod/1292/state/01/lga/07/ward/12/pu/037/037-1677422974.pdf
OYO,IBADAN NORTH EAST,WARD XII  E9 II,30-07-12-038,OPEN SPACE BESIDE LAMINI MOSQUE II,62,258,TRUE,0,TRUE,FALSE,FALSE,FALSE,FALSE,0,0,0,0,https://docs.inecelectionresults.net/elections_prod/1292/state/01/lga/07/ward/12/pu/038/038-1677418756.pdf
OYO,IBADAN NORTH EAST,WARD XII  E9 II,30-07-12-039,OPP. FORTE OIL AGODI GATE MOTOR  PARK,111,394,TRUE,0,TRUE,FALSE,FALSE,FALSE,FALSE,0,0,0,0,https://docs.inecelectionresults.net/elections_prod/1292/state/01/lga/07/ward/12/pu/039/039-1677426491.pdf
OYO,IBADAN NORTH EAST,WARD XII  E9 II,30-07-12-040,GREEN SPRING IBADAN III,38,136,TRUE,0,TRUE,FALSE,FALSE,FALSE,FALSE,0,0,0,0,https://docs.inecelectionresults.net/elections_prod/1292/state/01/lga/07/ward/12/pu/040/040-1677415076.pdf
OYO,IBADAN NORTH EAST,WARD XII  E9 II,30-07-12-041,OPP. GREEN SPRING ENTRANCE IV,11,38,TRUE,0,TRUE,FALSE,FALSE,FALSE,FALSE,0,0,0,0,https://docs.inecelectionresults.net/elections_prod/1292/state/01/lga/07/ward/12/pu/041/041-1677400894.pdf
OYO,IBADAN NORTH EAST,WARD XII  E9 II,30-07-12-042,INFRONT OF VICE PRINCIPAL OFFICE (HOLY TRINITY SCH),34,102,TRUE,0,TRUE,FALSE,FALSE,FALSE,FALSE,0,0,0,0,https://docs.inecelectionresults.net/elections_prod/1292/state/01/lga/07/ward/12/pu/042/042-1677416194.pdf
OYO,IBADAN NORTH EAST,WARD XII  E9 II,30-07-12-043,BLOCK B BAPTIST COMPLEX I.K DAIRO STREET,85,304,TRUE,0,TRUE,FALSE,FALSE,FALSE,FALSE,0,0,0,0,https://docs.inecelectionresults.net/elections_prod/1292/state/01/lga/07/ward/12/pu/043/043-1677397337.pdf
OYO,IBADAN NORTH EAST,WARD XII  E9 II,30-07-12-045,OPEN SPACE BESIDE LOYOLA COLLEGE II,111,542,TRUE,0,TRUE,FALSE,FALSE,FALSE,FALSE,0,0,0,0,https://docs.inecelectionresults.net/elections_prod/1292/state/01/lga/07/ward/12/pu/045/045-1677365264.pdf
OYO,IBADAN NORTH EAST,WARD XII  E9 II,30-07-12-046,SS 3 BLOCK METHODIST SCHOOL III,46,219,TRUE,0,TRUE,FALSE,FALSE,FALSE,FALSE,0,0,0,0,https://docs.inecelectionresults.net/elections_prod/1292/state/01/lga/07/ward/12/pu/046/046-1677407317.pdf
OYO,IBADAN NORTH EAST,WARD XII  E9 II,30-07-12-047,"INTERVENTION PROJECT BLOCK , METHODIST SCH.",43,166,TRUE,0,TRUE,FALSE,FALSE,FALSE,FALSE,0,0,0,0,https://docs.inecelectionresults.net/elections_prod/1292/state/01/lga/07/ward/12/pu/047/047-1677360908.pdf
OYO,IBADAN NORTH EAST,WARD XII  E9 II,30-07-12-048,SPACE INFRONT OF OGUNWOLU COMPOUND ISALE AGBEDE II,52,312,TRUE,0,TRUE,FALSE,FALSE,FALSE,FALSE,0,0,0,0,https://docs.inecelectionresults.net/elections_prod/1292/state/01/lga/07/ward/12/pu/048/048-1677363362.pdf
OYO,IBADAN NORTH EAST,WARD XII  E9 II,30-07-12-049,SPACE BESIDE OKE ADU OKE KOTO GBENLA III,70,204,TRUE,0,TRUE,FALSE,FALSE,FALSE,FALSE,0,0,0,0,https://docs.inecelectionresults.net/elections_prod/1292/state/01/lga/07/ward/12/pu/049/049-1677416218.pdf
OYO,IBADAN NORTH EAST,WARD XII  E9 II,30-07-12-050,"SEVENTH DAY PRIMARY SCHOOL, OLD IFE ROAD II",34,92,TRUE,0,TRUE,FALSE,FALSE,FALSE,FALSE,0,0,0,0,https://docs.inecelectionresults.net/elections_prod/1292/state/01/lga/07/ward/12/pu/050/050-1677413079.pdf
OYO,IBADAN NORTH EAST,WARD XII  E9 II,30-07-12-051,INFRONT OF CATHOLIC HOSPTAL OLUYORO III,29,97,TRUE,0,TRUE,FALSE,FALSE,FALSE,FALSE,0,0,0,0,https://docs.inecelectionresults.net/elections_prod/1292/state/01/lga/07/ward/12/pu/051/051-1677364443.pdf
OYO,IBADAN NORTH EAST,WARD XII  E9 II,30-07-12-052,OPEN SPACE BESIDE ONIPASAN AREA IBADAN V,41,103,TRUE,0,TRUE,FALSE,FALSE,FALSE,FALSE,0,0,0,0,https://docs.inecelectionresults.net/elections_prod/1292/state/01/lga/07/ward/12/pu/052/052-1677416314.pdf
OYO,IBADAN NORTH EAST,WARD XII  E9 II,30-07-12-053,ONIPEPEYE III,35,97,TRUE,0,TRUE,FALSE,FALSE,FALSE,FALSE,0,0,0,0,https://docs.inecelectionresults.net/elections_prod/1292/state/01/lga/07/ward/12/pu/053/053-1677362418.pdf
OYO,IBADAN NORTH EAST,WARD XII  E9 II,30-07-12-054,SPACE AROUND YIDI IV,12,37,TRUE,0,TRUE,FALSE,FALSE,FALSE,FALSE,0,0,0,0,https://docs.inecelectionresults.net/elections_prod/1292/state/01/lga/07/ward/12/pu/054/054-1677416865.pdf
OYO,IBADAN NORTH EAST,WARD XII  E9 II,30-07-12-055,SPACE BESIDE  YIDI GATE AGODI V,48,174,TRUE,0,TRUE,FALSE,FALSE,FALSE,FALSE,0,0,0,0,https://docs.inecelectionresults.net/elections_prod/1292/state/1/lga/3740/ward/24797/pu/168090/168090-1677518814.pdf
OYO,IBADAN NORTH WEST,WARD 10 NW7,30-08-10-016,OPEN SPACE AT YEMI ODUBIYI STREET,8,16,TRUE,0,TRUE,FALSE,FALSE,FALSE,FALSE,0,0,0,0,https://docs.inecelectionresults.net/elections_prod/1292/state/1/lga/3741/ward/24807/pu/168134/168134-1677588710.pdf
OYO,IBADAN NORTH WEST,WARD 10 NW7,30-08-10-017,OPEN SPACE AT ANIMASAUN JUNCTION,5,16,TRUE,0,TRUE,FALSE,FALSE,FALSE,FALSE,0,0,0,0,https://docs.inecelectionresults.net/elections_prod/1292/state/01/lga/08/ward/10/pu/017/017-1677413969.pdf
OYO,IBADAN NORTH WEST,WARD 10 NW7,30-08-10-018,"OPEN SPACE INFRONT OF LETMAUCK CANTONMENT, ELEYELE.",120,750,TRUE,0,TRUE,FALSE,FALSE,FALSE,FALSE,0,0,0,0,https://docs.inecelectionresults.net/elections_prod/1292/state/01/lga/08/ward/10/pu/018/018-1677415559.pdf
OYO,IBADAN NORTH WEST,WARD 10 NW7,30-08-10-019,ELEYELE HIGH SCHOOL,19,60,TRUE,0,TRUE,FALSE,FALSE,FALSE,FALSE,0,0,0,0,https://docs.inecelectionresults.net/elections_prod/1292/state/01/lga/08/ward/10/pu/019/019-1677415913.pdf
OYO,IBADAN NORTH WEST,WARD 10 NW7,30-08-10-020,"OPEN SPACE INFRONT OF TO GOD BE THE GLORY SCHOOL, DUMOYE STREET, ELEYELE",19,38,TRUE,0,TRUE,FALSE,FALSE,FALSE,FALSE,0,0,0,0,https://docs.inecelectionresults.net/elections_prod/1292/state/01/lga/08/ward/10/pu/020/020-1677416479.pdf
OYO,IBADAN NORTH WEST,WARD 10 NW7,30-08-10-021,"SCHOOL OF HEALTH SCIENCE, ELEYELE",25,114,TRUE,0,TRUE,FALSE,FALSE,FALSE,FALSE,0,0,0,0,https://docs.inecelectionresults.net/elections_prod/1292/state/1/lga/3741/ward/24807/pu/168139/168139-1677589143.pdf
OYO,IBADAN NORTH WEST,WARD 10 NW7,30-08-10-022,"INSIDE FEDERAL COOPERATIVE COLLEGE, ELEYELE",83,555,TRUE,0,TRUE,FALSE,FALSE,FALSE,FALSE,0,0,0,0,https://docs.inecelectionresults.net/elections_prod/1292/state/01/lga/08/ward/10/pu/022/022-1677416972.pdf
OYO,IBADAN NORTH WEST,WARD 10 NW7,30-08-10-023,OPEN SPACE ALONG TCTC JUNCTION,73,300,TRUE,0,TRUE,FALSE,FALSE,FALSE,FALSE,0,0,0,0,https://docs.inecelectionresults.net/elections_prod/1292/state/01/lga/08/ward/10/pu/023/023-1677417812.pdf
OYO,IBADAN NORTH WEST,WARD 10 NW7,30-08-10-024,OPEN SPACE BESIDE LAFARGE CEMENT DEPOT,42,68,TRUE,0,TRUE,FALSE,FALSE,FALSE,FALSE,0,0,0,0,https://docs.inecelectionresults.net/elections_prod/1292/state/01/lga/08/ward/10/pu/024/024-1677418071.pdf
OYO,IBADAN NORTH WEST,WARD 10 NW7,30-08-10-025,OPEN SPACE AT FAOZAAN INTERNATIONAL SCHOOL,172,701,TRUE,0,TRUE,FALSE,FALSE,FALSE,FALSE,0,0,0,0,https://docs.inecelectionresults.net/elections_prod/1292/state/1/lga/3741/ward/24807/pu/168143/168143-1677584272.pdf
OYO,IBADAN NORTH WEST,WARD 10 NW7,30-08-10-026,OPEN SPACE AT MERCYLAND RESIDENTIAL ESTATE GATE,25,33,TRUE,0,TRUE,FALSE,FALSE,FALSE,FALSE,0,0,0,0,https://docs.inecelectionresults.net/elections_prod/1292/state/1/lga/3741/ward/24807/pu/168144/168144-1677589037.pdf
OYO,IBADAN NORTH WEST,WARD 10 NW7,30-08-10-027,OBA ABASS GRAMMAR SCHOOL,172,750,TRUE,0,TRUE,FALSE,FALSE,FALSE,FALSE,0,0,0,0,https://docs.inecelectionresults.net/elections_prod/1292/state/01/lga/08/ward/10/pu/027/027-1677397411.pdf
OYO,IBADAN NORTH WEST,WARD 10 NW7,30-08-10-028,OBA ABASS JUNIOR GRAMMAR SCHOOL,40,118,TRUE,0,TRUE,FALSE,FALSE,FALSE,FALSE,0,0,0,0,https://docs.inecelectionresults.net/elections_prod/1292/state/01/lga/08/ward/10/pu/028/028-1677418458.pdf
OYO,IBADAN NORTH WEST,WARD 10 NW7,30-08-10-029,OPEN SPACE OPPOSITE OMOTOSHO MOSQUE ELEYELE,48,308,TRUE,0,TRUE,FALSE,FALSE,FALSE,FALSE,0,0,0,0,https://docs.inecelectionresults.net/elections_prod/1292/state/01/lga/08/ward/10/pu/029/029-1677426691.pdf
OYO,IBADAN NORTH WEST,WARD 10 NW7,30-08-10-031,"URBAN DAY SECONDARY SCHOOL, JERICHO",76,360,TRUE,0,TRUE,FALSE,FALSE,FALSE,FALSE,0,0,0,0,https://docs.inecelectionresults.net/elections_prod/1292/state/1/lga/3741/ward/24807/pu/168149/168149-1677588400.pdf
OYO,IBADAN NORTH WEST,WARD 10 NW7,30-08-10-032,"OPEN SPACE AT LEADCITY INTERNATIONAL SCHOOL, JERICHO",82,142,TRUE,0,TRUE,FALSE,FALSE,FALSE,FALSE,0,0,0,0,https://docs.inecelectionresults.net/elections_prod/1292/state/1/lga/3741/ward/24807/pu/168150/168150-1677588540.pdf
OYO,IBADAN NORTH WEST,WARD 10 NW7,30-08-10-033,SPACE BESIDE FIRST CLASS INTERNATIONAL SCHOOL IDI ISHIN,192,740,TRUE,0,TRUE,FALSE,FALSE,FALSE,FALSE,0,0,0,0,https://docs.inecelectionresults.net/elections_prod/1292/state/01/lga/08/ward/10/pu/033/033-1677398118.pdf
OYO,IBADAN NORTH WEST,WARD 10 NW7,30-08-10-034,"OPEN SPACE AT SIJUADE ROAD, JERICHO/IDI ISHIN, IBADAN",17,48,TRUE,0,TRUE,FALSE,FALSE,FALSE,FALSE,0,0,0,0,https://docs.inecelectionresults.net/elections_prod/1292/state/01/lga/08/ward/10/pu/034/034-1677418959.pdf
OYO,IBADAN NORTH WEST,WARD 11 NW7,30-08-11-017,OPEN SPACE AT PROVIDENCE ESTATE FIRST GATE,88,173,TRUE,0,TRUE,FALSE,FALSE,FALSE,FALSE,0,0,0,0,https://docs.inecelectionresults.net/elections_prod/1292/state/01/lga/08/ward/11/pu/017/017-1677407069.pdf
OYO,IBADAN NORTH WEST,WARD 11 NW7,30-08-11-018,OPEN SPACE OPPOSITE CAC AT YEMI ODUBIYI STREET,2,5,TRUE,0,TRUE,FALSE,FALSE,FALSE,FALSE,0,0,0,0,https://docs.inecelectionresults.net/elections_prod/1292/state/1/lga/3741/ward/24808/pu/168154/168154-1677515311.pdf
OYO,IBADAN NORTH WEST,WARD 11 NW7,30-08-11-019,INSIDE ANWAR UL ISLAM GRAMMAR SCHOOL,16,48,TRUE,0,TRUE,FALSE,FALSE,FALSE,FALSE,0,0,0,0,https://docs.inecelectionresults.net/elections_prod/1292/state/1/lga/3741/ward/24808/pu/168155/168155-1677487250.pdf
OYO,IBADAN NORTH WEST,WARD 11 NW7,30-08-11-020,OPEN SPACE BESIDE ELEYELE CENTRAL HOSPITAL,38,75,TRUE,0,TRUE,FALSE,FALSE,FALSE,FALSE,0,0,0,0,https://docs.inecelectionresults.net/elections_prod/1292/state/1/lga/3741/ward/24808/pu/168156/168156-1677489007.pdf
OYO,IBADAN NORTH WEST,WARD 11 NW7,30-08-11-021,"OPEN SPACE INFRONT OF SUNSHINE DIAMOND SCHOOL, FIRST POWERLINE, MECHANIC VILLAGE JUNCTION.",78,161,TRUE,0,TRUE,FALSE,FALSE,FALSE,FALSE,0,0,0,0,https://docs.inecelectionresults.net/elections_prod/1292/state/1/lga/3741/ward/24808/pu/168157/168157-1677490046.pdf
OYO,IBADAN NORTH WEST,WARD 11 NW7,30-08-11-022,OPEN SPACE AT ADETOKUN JUNCTION,181,380,TRUE,0,TRUE,FALSE,FALSE,FALSE,FALSE,0,0,0,0,https://docs.inecelectionresults.net/elections_prod/1292/state/1/lga/3741/ward/24808/pu/168158/168158-1677493173.pdf
OYO,IBADAN NORTH WEST,WARD 11 NW7,30-08-11-023,OPEN SPACE AT AAFIN IYANU JUNCTION,140,241,TRUE,0,TRUE,FALSE,FALSE,FALSE,FALSE,0,0,0,0,https://docs.inecelectionresults.net/elections_prod/1292/state/1/lga/3741/ward/24808/pu/168159/168159-1677494817.pdf
OYO,IBADAN NORTH WEST,WARD 11 NW7,30-08-11-024,"OPPOSITE RIVERS OF GOD INTERNATIONAL CHURCH, ELEYELE",123,705,TRUE,0,TRUE,FALSE,FALSE,FALSE,FALSE,0,0,0,0,https://docs.inecelectionresults.net/elections_prod/1292/state/1/lga/3741/ward/24808/pu/168160/168160-1677495990.pdf
OYO,IBADAN NORTH WEST,WARD 11 NW7,30-08-11-025,"OPEN SPACE BESIDE TAFOTECH OIL, ELEYELE-DUGBE ROAD",19,45,TRUE,0,TRUE,FALSE,FALSE,FALSE,FALSE,0,0,0,0,https://docs.inecelectionresults.net/elections_prod/1292/state/1/lga/3741/ward/24808/pu/168161/168161-1677496507.pdf
OYO,IBADAN NORTH WEST,WARD 11 NW7,30-08-11-026,OPEN SPACE INFRONT OF CAPITAL HOTEL OLOPOMEWA,42,88,TRUE,0,TRUE,FALSE,FALSE,FALSE,FALSE,0,0,0,0,https://docs.inecelectionresults.net/elections_prod/1292/state/1/lga/3741/ward/24808/pu/168162/168162-1677497178.pdf
OYO,IBADAN NORTH WEST,WARD 11 NW7,30-08-11-027,OPEN SPACE INFRONT OF NEW ERA HOSPITAL EJIRE CLOSE,21,28,TRUE,0,TRUE,FALSE,FALSE,FALSE,FALSE,0,0,0,0,https://docs.inecelectionresults.net/elections_prod/1292/state/1/lga/3741/ward/24808/pu/168163/168163-1677497781.pdf
OYO,IBADAN NORTH WEST,WARD 11 NW7,30-08-11-029,OPEN SPACE OPPOSITE CAC OKE IMOLE.,5,13,TRUE,0,TRUE,FALSE,FALSE,FALSE,FALSE,0,0,0,0,https://docs.inecelectionresults.net/elections_prod/1292/state/1/lga/3741/ward/24808/pu/168165/168165-1677499173.pdf
OYO,IBADAN NORTH WEST,WARD 11 NW7,30-08-11-030,"OPEN SPACE AT ASIPA AJOBIARE, ADJACENT OANDO FILLING STATION, ELEYELE",25,57,TRUE,0,TRUE,FALSE,FALSE,FALSE,FALSE,0,0,0,0,https://docs.inecelectionresults.net/elections_prod/1292/state/1/lga/3741/ward/24808/pu/168166/168166-1677499948.pdf
OYO,IBADAN NORTH WEST,WARD 11 NW7,30-08-11-031,"OPEN SPACE INFRONT OF OLAYOMI HIGHVIEW INTERNATIONAL COLLEGE, OLUSEYI",26,57,TRUE,0,TRUE,FALSE,FALSE,FALSE,FALSE,0,0,0,0,https://docs.inecelectionresults.net/elections_prod/1292/state/1/lga/3741/ward/24808/pu/168167/168167-1677500871.pdf
OYO,IBADAN NORTH WEST,WARD 11 NW7,30-08-11-032,"OPEN SPACE AT AYETORO AREA, OLUSEYI",142,605,TRUE,0,TRUE,FALSE,FALSE,FALSE,FALSE,0,0,0,0,https://docs.inecelectionresults.net/elections_prod/1292/state/1/lga/3741/ward/24808/pu/168168/168168-1677502453.pdf
OYO,IBADAN NORTH WEST,WARD 11 NW7,30-08-11-033,"OPEN SPACE AT SEGUN ORIOLA STREET, BESIDE ELEYELE MARKET.",185,750,TRUE,0,TRUE,FALSE,FALSE,FALSE,FALSE,0,0,0,0,https://docs.inecelectionresults.net/elections_prod/1292/state/1/lga/3741/ward/24808/pu/168169/168169-1677504145.pdf
OYO,IBADAN NORTH WEST,WARD 11 NW7,30-08-11-034,"OPEN SPACE AT UNITY LAYOUT, ADJACENT KAPPAN FILLING STATION, ELEYELE",35,63,TRUE,0,TRUE,FALSE,FALSE,FALSE,FALSE,0,0,0,0,https://docs.inecelectionresults.net/elections_prod/1292/state/1/lga/3741/ward/24808/pu/168170/168170-1677505375.pdf
OYO,IBADAN NORTH WEST,WARD 4 NW2,30-08-04-019,OPEN SPACE INFRONT OF OLOYOYO,78,455,TRUE,0,TRUE,FALSE,FALSE,FALSE,FALSE,0,0,0,0,https://inec-cvr-cache.s3.eu-west-1.amazonaws.com/cached/results/664184/result_86849_1677687812_thumb.jpg
OYO,IBADAN NORTH WEST,WARD 7 NW4,30-08-07-019,OPEN SPACE AT OGUNPA OKE PADRE MARKET,28,61,TRUE,0,TRUE,FALSE,FALSE,FALSE,FALSE,9,13,2,0,https://inec-cvr-cache.s3.eu-west-1.amazonaws.com/cached/results/664197/result_86912_1677688550_thumb.jpg
OYO,IBADAN NORTH WEST,WARD 8 NW5,30-08-08-017,OPEN SPACE OPPOSITE  GOFAMINT CHURCH,42,93,TRUE,0,TRUE,FALSE,FALSE,FALSE,FALSE,0,0,0,0,https://docs.inecelectionresults.net/elections_prod/1292/state/01/lga/08/ward/08/pu/017/017-1677421357.pdf
OYO,IBADAN NORTH WEST,WARD 8 NW5,30-08-08-018,"OPEN SPACE AT ADEKUNLE FAJUYI ROAD, ODE OOLO",18,45,TRUE,0,TRUE,FALSE,FALSE,FALSE,FALSE,0,0,0,0,https://docs.inecelectionresults.net/elections_prod/1292/state/01/lga/08/ward/08/pu/018/018-1677423048.pdf
OYO,IBADAN NORTH WEST,WARD 8 NW5,30-08-08-019,OPEN SPACE OMOTOLA STREET,19,52,TRUE,0,TRUE,FALSE,FALSE,FALSE,FALSE,0,0,0,0,https://docs.inecelectionresults.net/elections_prod/1292/state/01/lga/08/ward/08/pu/019/019-1677427860.pdf
OYO,IBADAN NORTH WEST,WARD 8 NW5,30-08-08-020,OPEN SPACE AT ATOWODA STREET,98,353,TRUE,0,TRUE,FALSE,FALSE,FALSE,FALSE,0,0,0,0,https://docs.inecelectionresults.net/elections_prod/1292/state/1/lga/3741/ward/24805/pu/168115/168115-1677507315.pdf
OYO,IBADAN NORTH WEST,WARD 8 NW5,30-08-08-021,OPEN SPACE AT NALENDE JUNCTION ATOWODA,51,134,TRUE,0,TRUE,FALSE,FALSE,FALSE,FALSE,0,0,0,0,https://docs.inecelectionresults.net/elections_prod/1292/state/1/lga/3741/ward/24805/pu/168116/168116-1677513185.pdf
OYO,IBADAN NORTH WEST,WARD 8 NW5,30-08-08-022,OPEN SPACE AT SALVATION ARMY ROAD OKE PADRE,32,62,TRUE,0,TRUE,FALSE,FALSE,FALSE,FALSE,0,0,0,0,https://docs.inecelectionresults.net/elections_prod/1292/state/01/lga/08/ward/08/pu/022/022-1677428449.pdf
OYO,IBADAN NORTH WEST,WARD 8 NW5,30-08-08-023,OPEN SPACE AT ONIYANRIN JUNCTION,25,59,TRUE,0,TRUE,FALSE,FALSE,FALSE,FALSE,0,0,0,0,https://docs.inecelectionresults.net/elections_prod/1292/state/01/lga/08/ward/08/pu/023/023-1677428530.pdf
OYO,IBADAN NORTH WEST,WARD 9 NW6,30-08-09-010,"OPEN SPACE MERCHANT HOUSE, AKINTOLA ROAD",110,479,TRUE,0,TRUE,FALSE,FALSE,FALSE,FALSE,0,0,0,0,https://docs.inecelectionresults.net/elections_prod/1292/state/1/lga/3741/ward/24806/pu/168119/168119-1677675735.pdf
OYO,IBADAN NORTH WEST,WARD 9 NW6,30-08-09-011,OPEN SPACE OPPOSITE APOSTOLIC MISSION HOUSE,96,419,TRUE,0,TRUE,FALSE,FALSE,FALSE,FALSE,0,0,0,0,https://docs.inecelectionresults.net/elections_prod/1292/state/1/lga/3741/ward/24806/pu/168120/168120-1677500295.pdf
OYO,IBADAN NORTH WEST,WARD 9 NW6,30-08-09-012,OPEN SPACE OPPOSITE SHAKO HOUSE,73,401,TRUE,0,TRUE,FALSE,FALSE,FALSE,FALSE,0,0,0,0,https://docs.inecelectionresults.net/elections_prod/1292/state/1/lga/3741/ward/24806/pu/168121/168121-1677500607.pdf
OYO,IBADAN NORTH WEST,WARD 9 NW6,30-08-09-013,OPEN SPACE OPPOSITE  GREAT POWER OF VICTORY,81,386,TRUE,0,TRUE,FALSE,FALSE,FALSE,FALSE,0,0,0,0,https://docs.inecelectionresults.net/elections_prod/1292/state/1/lga/3741/ward/24806/pu/168122/168122-1677501255.pdf
OYO,IBADAN NORTH WEST,WARD 9 NW6,30-08-09-014,OPEN SPACE BESIDE IBEDC,117,519,TRUE,0,TRUE,FALSE,FALSE,FALSE,FALSE,0,0,0,0,https://docs.inecelectionresults.net/elections_prod/1292/state/1/lga/3741/ward/24806/pu/168123/168123-1677510645.pdf
OYO,IBADAN NORTH WEST,WARD 9 NW6,30-08-09-015,OPEN SPACE AT GENTLE HEART GLOBAL HARVEST MEDICAL CENTRE,22,67,TRUE,0,TRUE,FALSE,FALSE,FALSE,FALSE,0,0,0,0,https://docs.inecelectionresults.net/elections_prod/1292/state/1/lga/3741/ward/24806/pu/168124/168124-1677502827.pdf
OYO,IBADAN NORTH WEST,WARD 9 NW6,30-08-09-016,OPEN SPACE AKINTOLA ROAD,86,458,TRUE,0,TRUE,FALSE,FALSE,FALSE,FALSE,0,0,0,0,https://docs.inecelectionresults.net/elections_prod/1292/state/1/lga/3741/ward/24806/pu/168125/168125-1677505771.pdf
OYO,IBADAN NORTH WEST,WARD 9 NW6,30-08-09-017,COMMUNITY HIGH SCHOOL AKINTOLA ROAD,73,398,TRUE,0,TRUE,FALSE,FALSE,FALSE,FALSE,0,0,0,0,https://docs.inecelectionresults.net/elections_prod/1292/state/1/lga/3741/ward/24806/pu/168126/168126-1677507427.pdf
OYO,IBADAN NORTH WEST,WARD 9 NW6,30-08-09-018,OPEN SPACE INFRONT OF GATE 4 LEKAN SALAMI STADIUM,105,597,TRUE,0,TRUE,FALSE,FALSE,FALSE,FALSE,0,0,0,0,https://docs.inecelectionresults.net/elections_prod/1292/state/1/lga/3741/ward/24806/pu/168127/168127-1677508081.pdf
OYO,IBADAN NORTH WEST,WARD 9 NW6,30-08-09-019,OPEN SPACE BESIDE WINNERS LIVING FAITH,3,11,TRUE,0,TRUE,FALSE,FALSE,FALSE,FALSE,0,0,0,0,https://docs.inecelectionresults.net/elections_prod/1292/state/1/lga/3741/ward/24806/pu/168128/168128-1677509606.pdf
OYO,IBADAN NORTH WEST,WARD 9 NW6,30-08-09-021,OPEN SPACE AKINTOLA ROAD 11,8,18,TRUE,0,TRUE,FALSE,FALSE,FALSE,FALSE,0,0,0,0,https://docs.inecelectionresults.net/elections_prod/1292/state/1/lga/3741/ward/24806/pu/168130/168130-1677512159.pdf
OYO,IBADAN NORTH WEST,WARD 9 NW6,30-08-09-022,"OPEN SPACE OPPOSITE SEED OF LIFE COLLEGE, ONIREKE",16,36,TRUE,0,TRUE,FALSE,FALSE,FALSE,FALSE,0,0,0,0,https://docs.inecelectionresults.net/elections_prod/1292/state/1/lga/3741/ward/24806/pu/168131/168131-1677513076.pdf
OYO,IBADAN NORTH WEST,WARD 9 NW6,30-08-09-023,"OPEN SPACE NIGERIAN RED CROSS, ONIREKE",88,750,TRUE,0,TRUE,FALSE,FALSE,FALSE,FALSE,0,0,0,0,https://docs.inecelectionresults.net/elections_prod/1292/state/1/lga/3741/ward/24806/pu/168132/168132-1677506888.pdf
OYO,IBADAN NORTH WEST,WARD 9 NW6,30-08-09-024,OPEN SPACE BEHIND FRSC CORP,24,45,TRUE,0,TRUE,FALSE,FALSE,FALSE,FALSE,0,0,0,0,https://docs.inecelectionresults.net/elections_prod/1292/state/1/lga/3741/ward/24806/pu/168133/168133-1677513789.pdf
OYO,IBADAN NORTH WEST,WARD 6 NW3 (PART I),30-08-06-022,OPEN SPACE OPPOSITE APELOKO MOSQUE,54,115,TRUE,0,TRUE,FALSE,FALSE,FALSE,FALSE,0,0,0,0,https://docs.inecelectionresults.net/elections_prod/1292/state/01/lga/08/ward/06/pu/022/022-1677403049.pdf
OYO,IBADAN SOUTH-EAST,C1,30-09-01-012,"OPPOSITE ISLAMIC SERVICE CENTRE, OJA-OBA MOSQUE",23,109,TRUE,0,TRUE,FALSE,FALSE,FALSE,FALSE,0,0,0,0,https://docs.inecelectionresults.net/elections_prod/1292/state/01/lga/09/ward/01/pu/012/012-1677400042.pdf
OYO,IBADAN SOUTH-EAST,C1,30-09-01-013,"OPPOSITE ACCOUNT DEPARTMENT, MAPO'S COURT",80,406,TRUE,0,TRUE,FALSE,FALSE,FALSE,FALSE,0,0,0,0,https://docs.inecelectionresults.net/elections_prod/1292/state/01/lga/09/ward/01/pu/013/013-1677398402.pdf
OYO,IBADAN SOUTH-EAST,C1,30-09-01-014,OPPOSITE BUILDING BE/WK/08,11,68,TRUE,0,TRUE,FALSE,FALSE,FALSE,FALSE,0,0,0,0,https://docs.inecelectionresults.net/elections_prod/1292/state/01/lga/09/ward/01/pu/014/014-1677395645.pdf
OYO,IBADAN SOUTH-EAST,S 1,30-09-02-017,OPPOSITE BE/20 BUILDING,199,625,TRUE,0,TRUE,FALSE,FALSE,FALSE,FALSE,0,0,0,0,https://docs.inecelectionresults.net/elections_prod/1292/state/01/lga/09/ward/02/pu/017/017-1677412602.pdf
OYO,IBADAN SOUTH-EAST,S 1,30-09-02-018,STORY BUILDING OPPOSITE IGBARO OLA'S COMPOUND,53,234,TRUE,0,TRUE,FALSE,FALSE,FALSE,FALSE,0,0,0,0,https://docs.inecelectionresults.net/elections_prod/1292/state/01/lga/09/ward/02/pu/018/018-1677413186.pdf
OYO,IBADAN SOUTH-EAST,S 1,30-09-02-019,K AFOLABI LIQOUR STORE,21,107,TRUE,0,TRUE,FALSE,FALSE,FALSE,FALSE,0,0,0,0,https://docs.inecelectionresults.net/elections_prod/1292/state/01/lga/09/ward/02/pu/019/019-1677404526.pdf
OYO,IBADAN SOUTH-EAST,S 2A,30-09-03-009,BUILDING OPPOSITE KOBIOWU'S PALACE I,48,276,TRUE,0,TRUE,FALSE,FALSE,FALSE,FALSE,0,0,0,0,https://docs.inecelectionresults.net/elections_prod/1292/state/1/lga/3742/ward/24811/pu/168177/168177-1677529765.pdf
OYO,IBADAN SOUTH-EAST,S 2A,30-09-03-010,BUILDING OPPOSITE KOBIOWU'S PALACE II,63,500,TRUE,0,TRUE,FALSE,FALSE,FALSE,FALSE,0,0,0,0,https://docs.inecelectionresults.net/elections_prod/1292/state/1/lga/3742/ward/24811/pu/168178/168178-1677514690.pdf
OYO,IBADAN SOUTH-EAST,S 2A,30-09-03-011,KOBIOWU'S PALACE COMPOUND III,11,21,TRUE,0,TRUE,FALSE,FALSE,FALSE,FALSE,0,0,0,0,https://docs.inecelectionresults.net/elections_prod/1292/state/01/lga/09/ward/03/pu/011/011-1677426466.pdf
OYO,IBADAN SOUTH-EAST,S 2A,30-09-03-012,BUILDING OPPOSITE BASHORUN FAJINMI COMPOUND ,26,76,TRUE,0,TRUE,FALSE,FALSE,FALSE,FALSE,0,0,0,0,https://docs.inecelectionresults.net/elections_prod/1292/state/01/lga/09/ward/03/pu/012/012-1677418014.pdf
OYO,IBADAN SOUTH-EAST,S 2A,30-09-03-013,BUILDING OPPOSITE MECHANIC'S STAND,26,172,TRUE,0,TRUE,FALSE,FALSE,FALSE,FALSE,0,0,0,0,https://docs.inecelectionresults.net/elections_prod/1292/state/01/lga/09/ward/03/pu/013/013-1677419264.pdf
OYO,IBADAN SOUTH-EAST,S 2A,30-09-03-014,BUILDING OPPOSITE ORANYAN MATERNITY CENTRE,34,293,TRUE,0,TRUE,FALSE,FALSE,FALSE,FALSE,0,0,0,0,https://docs.inecelectionresults.net/elections_prod/1292/state/01/lga/09/ward/03/pu/014/014-1677417304.pdf
OYO,IBADAN SOUTH-EAST,S. 2B,30-09-04-011,SOGOYE CO-OPERATIVE BUILDING OPPOSITE BADA'S COMPUND,58,199,TRUE,0,TRUE,FALSE,FALSE,FALSE,FALSE,0,0,0,0,https://docs.inecelectionresults.net/elections_prod/1292/state/01/lga/09/ward/04/pu/011/011-1677386168.pdf
OYO,IBADAN SOUTH-EAST,S. 2B,30-09-04-013,"INFRONT OF OYO STATE UBEB BUILDING, PUBLIC PRIMARY SCHOOL, KOBOMOJE",48,103,TRUE,0,TRUE,FALSE,FALSE,FALSE,FALSE,0,0,0,0,https://docs.inecelectionresults.net/elections_prod/1292/state/01/lga/09/ward/04/pu/013/013-1677395622.pdf
OYO,IBADAN SOUTH-EAST,S 7A,30-09-11-043,"I.M.G. SCHOOL, KUDETI IBADAN III",32,86,TRUE,0,TRUE,FALSE,FALSE,FALSE,FALSE,0,0,0,0,https://docs.inecelectionresults.net/elections_prod/1292/state/1/lga/3742/ward/24819/pu/168241/168241-1677506103.pdf
OYO,IBADAN SOUTH-EAST,S 7A,30-09-11-044,"ISLAMIC SCHOOL, KUDETI III",33,89,TRUE,0,TRUE,FALSE,FALSE,FALSE,FALSE,0,0,0,0,https://docs.inecelectionresults.net/elections_prod/1292/state/1/lga/3742/ward/24819/pu/168242/168242-1677507635.pdf
OYO,IBADAN SOUTH-EAST,S 7A,30-09-11-045,MECHANIC WORKSHOP CLOSE TO OLA MUMMY III,30,146,TRUE,0,TRUE,FALSE,FALSE,FALSE,FALSE,0,0,0,0,https://docs.inecelectionresults.net/elections_prod/1292/state/01/lga/09/ward/11/pu/045/045-1677414610.pdf
OYO,IBADAN SOUTH-EAST,S 7A,30-09-11-046,BUILDING BESIDE MOLA HOSPITAL,67,206,TRUE,0,TRUE,FALSE,FALSE,FALSE,FALSE,0,0,0,0,https://docs.inecelectionresults.net/elections_prod/1292/state/01/lga/09/ward/11/pu/046/046-1677411124.pdf
OYO,IBADAN SOUTH-EAST,S 7A,30-09-11-048,OPEN SPACE AT SANYO III,78,297,TRUE,0,TRUE,FALSE,FALSE,FALSE,FALSE,0,0,0,0,https://docs.inecelectionresults.net/elections_prod/1292/state/1/lga/3742/ward/24819/pu/168246/168246-1677512116.pdf
OYO,IBADAN SOUTH-EAST,S 7A,30-09-11-049,BUILDING CLOSE TO AJET FILLING STATION,73,324,TRUE,0,TRUE,FALSE,FALSE,FALSE,FALSE,0,0,0,0,https://docs.inecelectionresults.net/elections_prod/1292/state/1/lga/3742/ward/24819/pu/168247/168247-1677500320.pdf
OYO,IBADAN SOUTH-EAST,S 7B,30-09-12-033,OUTER SCHOOL GATE EYINI GRAMMAR SCHOOL,57,164,TRUE,0,TRUE,FALSE,FALSE,FALSE,FALSE,0,0,0,0,https://docs.inecelectionresults.net/elections_prod/1292/state/01/lga/09/ward/12/pu/033/033-1677413243.pdf
OYO,IBADAN SOUTH-EAST,S 7B,30-09-12-034,EXIT OF ADELABU SHOPPING COMPLEX,61,160,TRUE,0,TRUE,FALSE,FALSE,FALSE,FALSE,0,0,0,0,https://docs.inecelectionresults.net/elections_prod/1292/state/01/lga/09/ward/12/pu/034/034-1677396663.pdf
OYO,IBADAN SOUTH-EAST,S 7B,30-09-12-036,OLUNLOYO JUNCTION FELELE STRAIGHT,31,86,TRUE,0,TRUE,FALSE,FALSE,FALSE,FALSE,0,0,0,0,https://docs.inecelectionresults.net/elections_prod/1292/state/01/lga/09/ward/12/pu/036/036-1677421936.pdf
OYO,IBADAN SOUTH-EAST,S 7B,30-09-12-037,OPPOSITE LABE ODAN,109,376,TRUE,0,TRUE,FALSE,FALSE,FALSE,FALSE,0,0,0,0,https://docs.inecelectionresults.net/elections_prod/1292/state/01/lga/09/ward/12/pu/037/037-1677402147.pdf
OYO,IBADAN SOUTH-EAST,S 7B,30-09-12-038,OPEN SPACE ONIBONOJE II,143,397,TRUE,0,TRUE,FALSE,FALSE,FALSE,FALSE,0,0,0,0,https://docs.inecelectionresults.net/elections_prod/1292/state/01/lga/09/ward/12/pu/038/038-1677416233.pdf
OYO,IBADAN SOUTH-EAST,S 7B,30-09-12-039,ENTRANCE OF SCOUT CAMP SECOND GATE,86,258,TRUE,0,TRUE,FALSE,FALSE,FALSE,FALSE,0,0,0,0,https://docs.inecelectionresults.net/elections_prod/1292/state/01/lga/09/ward/12/pu/039/039-1677418820.pdf
OYO,IBADAN SOUTH-EAST,S  S5,30-09-08-047,"OPEN SPACE NEAR CHRIST SCHOOL, ODINJO III",204,483,TRUE,0,TRUE,FALSE,FALSE,FALSE,FALSE,0,0,0,0,https://docs.inecelectionresults.net/elections_prod/1292/state/01/lga/09/ward/08/pu/047/047-1677415964.pdf
OYO,IBADAN SOUTH-EAST,S  S5,30-09-08-048,ASA COMPOUND,75,355,TRUE,0,TRUE,FALSE,FALSE,FALSE,FALSE,0,0,0,0,https://inec-cvr-cache.s3.eu-west-1.amazonaws.com/cached/results/664253/result_87221_1677594729_thumb.jpg
OYO,IBADAN SOUTH-EAST,S  S5,30-09-08-049,ADELAGUN MEMORIAL SCHOOL III,129,404,TRUE,0,TRUE,FALSE,FALSE,FALSE,FALSE,0,0,0,0,https://docs.inecelectionresults.net/elections_prod/1292/state/01/lga/09/ward/08/pu/049/049-1677409884.pdf
OYO,IBADAN SOUTH-EAST,S 3,30-09-05-014,BESIDE AGBONGBON MATERNITY CENTRE AGBONGBON ELETA,60,146,TRUE,0,TRUE,FALSE,FALSE,FALSE,FALSE,0,0,0,0,https://docs.inecelectionresults.net/elections_prod/1292/state/01/lga/09/ward/05/pu/014/014-1677403193.pdf
OYO,IBADAN SOUTH-EAST,S 3,30-09-05-015,OPPOSITE IDI-ARO POLICE STATION,39,134,TRUE,0,TRUE,FALSE,FALSE,FALSE,FALSE,0,0,0,0,https://docs.inecelectionresults.net/elections_prod/1292/state/01/lga/09/ward/05/pu/015/015-1677410938.pdf
OYO,IBADAN SOUTH-EAST,S 3,30-09-05-016,BESIDE ARIORI COMPOUND,85,274,TRUE,0,TRUE,FALSE,FALSE,FALSE,FALSE,0,0,0,0,https://docs.inecelectionresults.net/elections_prod/1292/state/01/lga/09/ward/05/pu/016/016-1677415162.pdf
OYO,IBADAN SOUTH-EAST,S 3,30-09-05-017,"OPPOSITE KOSODO JUNCTION, ITA OLUKOYI LABO",39,134,TRUE,0,TRUE,FALSE,FALSE,FALSE,FALSE,0,0,0,0,https://docs.inecelectionresults.net/elections_prod/1292/state/01/lga/09/ward/05/pu/017/017-1677411558.pdf
OYO,IBADAN SOUTH-EAST,S 3,30-09-05-018,BESIDE UNITED CHURCH OF AFRICAN OPPOSITE MATO JUNCTION,16,91,TRUE,0,TRUE,FALSE,FALSE,FALSE,FALSE,0,0,0,0,https://docs.inecelectionresults.net/elections_prod/1292/state/01/lga/09/ward/05/pu/018/018-1677409774.pdf
OYO,IBADAN SOUTH-EAST,S 4A,30-09-06-029,OPEN SPACE INFRONT OF METHODIST JUNIOR SECONDARY SCHOOL WESLEY IBADAN,22,66,TRUE,0,TRUE,FALSE,FALSE,FALSE,FALSE,0,0,0,0,https://docs.inecelectionresults.net/elections_prod/1292/state/01/lga/09/ward/06/pu/029/029-1677412811.pdf
OYO,IBADAN SOUTH-EAST,S 4A,30-09-06-030,WESLEY CAMPUS IV,33,237,TRUE,0,TRUE,FALSE,FALSE,FALSE,FALSE,0,0,0,0,https://docs.inecelectionresults.net/elections_prod/1292/state/01/lga/09/ward/06/pu/030/030-1677423457.pdf
OYO,IBADAN SOUTH-EAST,S 4A,30-09-06-031,WESLEY CAMPUS V,61,115,TRUE,0,TRUE,FALSE,FALSE,FALSE,FALSE,0,0,0,0,https://docs.inecelectionresults.net/elections_prod/1292/state/01/lga/09/ward/06/pu/031/031-1677427277.pdf
OYO,IBADAN SOUTH-EAST,S 4A,30-09-06-032,ILE ORITA JUNCTION OLASOMI COMPOUND IYANA ASANKE,66,338,TRUE,0,TRUE,FALSE,FALSE,FALSE,FALSE,0,0,0,0,https://docs.inecelectionresults.net/elections_prod/1292/state/01/lga/09/ward/06/pu/032/032-1677425690.pdf
OYO,IBADAN SOUTH-EAST,S 4A,30-09-06-033,"ILE ORITA JUNCTION III ASANKE, IBADAN",65,473,TRUE,0,TRUE,FALSE,FALSE,FALSE,FALSE,0,0,0,0,https://docs.inecelectionresults.net/elections_prod/1292/state/01/lga/09/ward/06/pu/033/033-1677419579.pdf
OYO,IBADAN SOUTH-EAST,S 4A,30-09-06-034,"ILE ORITA JUNCTION IV ASANKE, IBADAN",74,466,TRUE,0,TRUE,FALSE,FALSE,FALSE,FALSE,0,0,0,0,https://docs.inecelectionresults.net/elections_prod/1292/state/01/lga/09/ward/06/pu/034/034-1677421894.pdf
OYO,IBADAN SOUTH-EAST,S 4A,30-09-06-035,AJIMAJASAN COMPOUND ILE ORITA ,78,444,TRUE,0,TRUE,FALSE,FALSE,FALSE,FALSE,0,0,0,0,https://docs.inecelectionresults.net/elections_prod/1292/state/01/lga/09/ward/06/pu/035/035-1677414335.pdf
OYO,IBADAN SOUTH-EAST,S 4A,30-09-06-036,"OJO ERIN COMPOUND OPP. EGE HOUSE, IDI-ARO, ASANKE",45,234,TRUE,0,TRUE,FALSE,FALSE,FALSE,FALSE,0,0,0,0,https://docs.inecelectionresults.net/elections_prod/1292/state/1/lga/3742/ward/24814/pu/168199/168199-1677517736.pdf
OYO,IBADAN SOUTH-EAST,S 4A,30-09-06-037,"OPEN SPACE AT WERE'S COMPOUND, ASANKE",113,510,TRUE,0,TRUE,FALSE,FALSE,FALSE,FALSE,0,0,0,0,https://docs.inecelectionresults.net/elections_prod/1292/state/01/lga/09/ward/06/pu/037/037-1677421930.pdf
OYO,IBADAN SOUTH-EAST,S 4A,30-09-06-038,OPEN SPACE AT MODINA  III,86,518,TRUE,0,TRUE,FALSE,FALSE,FALSE,FALSE,0,0,0,0,https://docs.inecelectionresults.net/elections_prod/1292/state/01/lga/09/ward/06/pu/038/038-1677420689.pdf
OYO,IBADAN SOUTH-EAST,S 4A,30-09-06-039,OPEN SPACE OPPOSITE AKERE COMPOUND,77,565,TRUE,0,TRUE,FALSE,FALSE,FALSE,FALSE,0,0,0,0,https://docs.inecelectionresults.net/elections_prod/1292/state/01/lga/09/ward/06/pu/039/039-1677419013.pdf
OYO,IBADAN SOUTH-EAST,S 4A,30-09-06-040,PUBLIC DAY SCHOOL ELEKURO IV,40,284,TRUE,0,TRUE,FALSE,FALSE,FALSE,FALSE,0,0,0,0,https://docs.inecelectionresults.net/elections_prod/1292/state/01/lga/09/ward/06/pu/040/040-1677418602.pdf
OYO,IBADAN SOUTH-EAST,S 4A,30-09-06-041,PUBLIC DAY SCHOOL ELEKURO V,44,257,TRUE,0,TRUE,FALSE,FALSE,FALSE,FALSE,0,0,0,0,https://docs.inecelectionresults.net/elections_prod/1292/state/01/lga/09/ward/06/pu/041/041-1677407446.pdf
OYO,IBADAN SOUTH-EAST,S 4A,30-09-06-042,PUBLIC DAY SCHOOL ELEKURO VI,64,438,TRUE,0,TRUE,FALSE,FALSE,FALSE,FALSE,0,0,0,0,https://docs.inecelectionresults.net/elections_prod/1292/state/01/lga/09/ward/06/pu/042/042-1677408841.pdf
OYO,IBADAN SOUTH-EAST,S 4A,30-09-06-043,OPEN SPACE AT AYEDADE ELEKURO V,54,208,TRUE,0,TRUE,FALSE,FALSE,FALSE,FALSE,0,0,0,0,https://docs.inecelectionresults.net/elections_prod/1292/state/01/lga/09/ward/06/pu/043/043-1677417180.pdf
OYO,IBADAN SOUTH-EAST,S 4A,30-09-06-044,OPEN SPACE AT AYEDADE ELEKURO VI,61,234,TRUE,0,TRUE,FALSE,FALSE,FALSE,FALSE,0,0,0,0,https://docs.inecelectionresults.net/elections_prod/1292/state/01/lga/09/ward/06/pu/044/044-1677416346.pdf
OYO,IBADAN SOUTH-EAST,S 4B,30-09-07-012,"INFRONT OF SUBEB BUILDING C.A.C. GRAMMAR SCHOOL, ONIYERE",52,203,TRUE,0,TRUE,FALSE,FALSE,FALSE,FALSE,0,0,0,0,https://docs.inecelectionresults.net/elections_prod/1292/state/01/lga/09/ward/07/pu/012/012-1677415137.pdf
OYO,IBADAN SOUTH-EAST,S 4B,30-09-07-013,"INFRONT OF APERIN ELEKURO CO-OPERATIVE HALL, C.A.C. GRAMMAR SCHOOL ONIYERE",79,452,TRUE,0,TRUE,FALSE,FALSE,FALSE,FALSE,0,0,0,0,https://docs.inecelectionresults.net/elections_prod/1292/state/01/lga/09/ward/07/pu/013/013-1677410182.pdf
OYO,IBADAN SOUTH-EAST,S 4B,30-09-07-014,"AT THE EXIT GATE OF C.A.C. GRAMMAR SCHOOL, ONIYERE",86,453,TRUE,0,TRUE,FALSE,FALSE,FALSE,FALSE,0,0,0,0,https://docs.inecelectionresults.net/elections_prod/1292/state/01/lga/09/ward/07/pu/014/014-1677420861.pdf
OYO,IBADAN SOUTH-EAST,S 4B,30-09-07-015,"ENTRANCE OF C.A.C. GRAMMAR SCHOOL,ONIYERE",98,469,TRUE,0,TRUE,FALSE,FALSE,FALSE,FALSE,0,0,0,0,https://docs.inecelectionresults.net/elections_prod/1292/state/01/lga/09/ward/07/pu/015/015-1677408486.pdf
OYO,IBADAN SOUTH-EAST,S 4B,30-09-07-016,"INFRONT OF C.A.C. GRAMMAR SCHOOL, INIYERE",105,449,TRUE,0,TRUE,FALSE,FALSE,FALSE,FALSE,0,0,0,0,https://docs.inecelectionresults.net/elections_prod/1292/state/01/lga/09/ward/07/pu/016/016-1677416272.pdf
OYO,IBADAN SOUTH-EAST,S 4B,30-09-07-017,INFRONT OF SUBEB BUILDING APERIN ONIYERE SCHOOL,68,259,TRUE,0,TRUE,FALSE,FALSE,FALSE,FALSE,0,0,0,0,https://docs.inecelectionresults.net/elections_prod/1292/state/01/lga/09/ward/07/pu/017/017-1677413032.pdf
OYO,IBADAN SOUTH-EAST,S 4B,30-09-07-018,"AT THE EXIT GATE OF GOVERNMENT SECONDARY SCHOOL, ORITA APERIN",43,212,TRUE,0,TRUE,FALSE,FALSE,FALSE,FALSE,0,0,0,0,https://docs.inecelectionresults.net/elections_prod/1292/state/01/lga/09/ward/07/pu/018/018-1677411385.pdf
OYO,IBADAN SOUTH-EAST,S 4B,30-09-07-019,"ENTRANCE OF GOVT. SECONDARY  SCHOOL, ORITA APERIN",32,225,TRUE,0,TRUE,FALSE,FALSE,FALSE,FALSE,0,0,0,0,https://docs.inecelectionresults.net/elections_prod/1292/state/01/lga/09/ward/07/pu/019/019-1677422041.pdf
OYO,IBADAN SOUTH-EAST,S 4B,30-09-07-020,"INFRONT OF ADMIN. BLOCK, GOVT. SECONDARY SCHOOL, ORITA APERIN",43,341,TRUE,0,TRUE,FALSE,FALSE,FALSE,FALSE,0,0,0,0,https://docs.inecelectionresults.net/elections_prod/1292/state/01/lga/09/ward/07/pu/020/020-1677419837.pdf
OYO,IBADAN SOUTH-EAST,S 4B,30-09-07-021,EXIT OF GOVT. SECONDARY SCHOOL ORITA APERIN,81,387,TRUE,0,TRUE,FALSE,FALSE,FALSE,FALSE,0,0,0,0,https://docs.inecelectionresults.net/elections_prod/1292/state/01/lga/09/ward/07/pu/021/021-1677424282.pdf
OYO,IBADAN SOUTH-EAST,S 4B,30-09-07-022,BESIDE BOREHOLE OMOYENI MEM. SCHOOL,88,385,TRUE,0,TRUE,FALSE,FALSE,FALSE,FALSE,0,0,0,0,https://docs.inecelectionresults.net/elections_prod/1292/state/01/lga/09/ward/07/pu/022/022-1677397910.pdf
OYO,IBADAN SOUTH-EAST,S 4B,30-09-07-023,"ENTRANCE I.M.G. SCHOOL, OLUBADAN",57,251,TRUE,0,TRUE,FALSE,FALSE,FALSE,FALSE,0,0,0,0,https://docs.inecelectionresults.net/elections_prod/1292/state/01/lga/09/ward/07/pu/023/023-1677426794.pdf
OYO,IBADAN SOUTH-EAST,S 6A,30-09-09-015,ADJACENT ALIU TASKA STEEL NIG. LTD. FILLING STATION,56,175,TRUE,0,TRUE,FALSE,FALSE,FALSE,FALSE,0,0,0,0,https://docs.inecelectionresults.net/elections_prod/1292/state/01/lga/09/ward/09/pu/015/015-1677413029.pdf
OYO,IBADAN SOUTH-EAST,S 6A,30-09-09-016,"OPPOSITE I.M.G. SCHOOL I, ELETA II",144,314,TRUE,0,TRUE,FALSE,FALSE,FALSE,FALSE,0,0,0,0,https://docs.inecelectionresults.net/elections_prod/1292/state/01/lga/09/ward/09/pu/016/016-1677406485.pdf
OYO,IBADAN SOUTH-EAST,S 6A,30-09-09-017,BUILDING BESIDE ALLI'S HOUSE,33,173,TRUE,0,TRUE,FALSE,FALSE,FALSE,FALSE,0,0,0,0,https://docs.inecelectionresults.net/elections_prod/1292/state/01/lga/09/ward/09/pu/017/017-1677405584.pdf
OYO,IBADAN SOUTH-EAST,S. 6B,30-09-10-039,INFRONT OF STORY BUILDING AT ILUPEJU JUNCTION,67,255,TRUE,0,TRUE,FALSE,FALSE,FALSE,FALSE,0,0,0,0,https://docs.inecelectionresults.net/elections_prod/1292/state/01/lga/09/ward/10/pu/039/039-1677395586.pdf
OYO,IBADAN SOUTH-EAST,S. 6B,30-09-10-040,INFRONT OF A PROVISION SHOP AT ODO OBA JUNCTION,16,72,TRUE,0,TRUE,FALSE,FALSE,FALSE,FALSE,0,0,0,0,https://docs.inecelectionresults.net/elections_prod/1292/state/01/lga/09/ward/10/pu/040/040-1677416205.pdf
OYO,IBADAN SOUTH-EAST,S. 6B,30-09-10-041,OPEN SPACE AT ODO OBA ELERE III,31,166,TRUE,0,TRUE,FALSE,FALSE,FALSE,FALSE,0,0,0,0,https://docs.inecelectionresults.net/elections_prod/1292/state/1/lga/3742/ward/24818/pu/168229/168229-1677574028.pdf
OYO,IBADAN SOUTH-EAST,S. 6B,30-09-10-042,ODI OLOWO ST. ODO OBA ELERE III,49,275,TRUE,0,TRUE,FALSE,FALSE,FALSE,FALSE,0,0,0,0,https://docs.inecelectionresults.net/elections_prod/1292/state/1/lga/3742/ward/24818/pu/168230/168230-1677517805.pdf
OYO,IBADAN SOUTH-EAST,S. 6B,30-09-10-043,"IDI OBI LAYOUT, ELERE III",4,14,TRUE,0,TRUE,FALSE,FALSE,FALSE,FALSE,0,0,0,0,https://docs.inecelectionresults.net/elections_prod/1292/state/1/lga/3742/ward/24818/pu/168231/168231-1677574309.pdf
OYO,IBADAN SOUTH-EAST,S. 6B,30-09-10-044,"FISH DEPOT,ILE TUNTUN III",22,92,TRUE,0,TRUE,FALSE,FALSE,FALSE,FALSE,0,0,0,0,https://docs.inecelectionresults.net/elections_prod/1292/state/1/lga/3742/ward/24818/pu/168232/168232-1677514707.pdf
OYO,IBADAN SOUTH-EAST,S. 6B,30-09-10-045,"ISOLA OGUNSOLA JUNCTION, ACADEMY IV",45,177,TRUE,0,TRUE,FALSE,FALSE,FALSE,FALSE,0,0,0,0,https://docs.inecelectionresults.net/elections_prod/1292/state/01/lga/09/ward/10/pu/045/045-1677419695.pdf
OYO,IBADAN SOUTH-EAST,S. 6B,30-09-10-046,"ISOLA OGUNSOLA JUNCTION, ACADEMY V",61,277,TRUE,0,TRUE,FALSE,FALSE,FALSE,FALSE,0,0,0,0,https://docs.inecelectionresults.net/elections_prod/1292/state/01/lga/09/ward/10/pu/046/046-1677401269.pdf
OYO,IBADAN SOUTH-EAST,S. 6B,30-09-10-047,OPEN SPACE AT OWODE ACADEMY IV,28,108,TRUE,0,TRUE,FALSE,FALSE,FALSE,FALSE,0,0,0,0,https://docs.inecelectionresults.net/elections_prod/1292/state/1/lga/3742/ward/24818/pu/168235/168235-1677517854.pdf
OYO,IBADAN SOUTH-EAST,S. 6B,30-09-10-048,OPEN SPACE AT OWODE ACADEMY V,19,125,TRUE,0,TRUE,FALSE,FALSE,FALSE,FALSE,0,0,0,0,https://docs.inecelectionresults.net/elections_prod/1292/state/01/lga/09/ward/10/pu/048/048-1677411367.pdf
OYO,IBADAN SOUTH-EAST,S. 6B,30-09-10-049,OPEN SPACE AT OWODE ACADEMY VI,53,159,TRUE,0,TRUE,FALSE,FALSE,FALSE,FALSE,0,0,0,0,https://docs.inecelectionresults.net/elections_prod/1292/state/1/lga/3742/ward/24818/pu/168237/168237-1677518246.pdf
OYO,IBADAN SOUTH-EAST,S. 6B,30-09-10-050,"I.M.G. SCHOOL II, ELETA V",56,122,TRUE,0,TRUE,FALSE,FALSE,FALSE,FALSE,0,0,0,0,https://docs.inecelectionresults.net/elections_prod/1292/state/01/lga/09/ward/10/pu/050/050-1677412106.pdf
OYO,IBADAN SOUTH-EAST,S. 6B,30-09-10-051,ST. JOHN'S SCHOOL V,41,131,TRUE,0,TRUE,FALSE,FALSE,FALSE,FALSE,0,0,0,0,https://docs.inecelectionresults.net/elections_prod/1292/state/01/lga/09/ward/10/pu/051/051-1677413390.pdf
OYO,IBADAN SOUTH-EAST,S. 6B,30-09-10-052,ST. JOHN'S SCHOOL VI,40,137,TRUE,0,TRUE,FALSE,FALSE,FALSE,FALSE,0,0,0,0,https://docs.inecelectionresults.net/elections_prod/1292/state/1/lga/3742/ward/24818/pu/168240/168240-1677511214.pdf
OYO,IBADAN SOUTH WEST,WARD 4 SW3A & 3B,30-10-04-024,OPEN SPACE AT SOLDIER STR. BABA SOLDIER,31,64,TRUE,0,TRUE,FALSE,FALSE,FALSE,FALSE,0,0,0,0,https://docs.inecelectionresults.net/elections_prod/1292/state/01/lga/10/ward/04/pu/024/024-1677401786.pdf
OYO,IBADAN SOUTH WEST,WARD 4 SW3A & 3B,30-10-04-025,OPEN SPACE AT ELEGA COMPOUND,8,21,TRUE,0,TRUE,FALSE,FALSE,FALSE,FALSE,0,0,0,0,https://docs.inecelectionresults.net/elections_prod/1292/state/01/lga/10/ward/04/pu/025/025-1677400086.pdf
OYO,IBADAN SOUTH WEST,WARD 4 SW3A & 3B,30-10-04-026,OPEN SPACE AT BAMIGBOSE COMP. KAJOLA,4,7,TRUE,0,TRUE,FALSE,FALSE,FALSE,FALSE,0,0,0,0,https://docs.inecelectionresults.net/elections_prod/1292/state/01/lga/10/ward/04/pu/026/026-1677398360.pdf
OYO,IBADAN SOUTH WEST,WARD 4 SW3A & 3B,30-10-04-027,OPEN SPACE AT OGBODO COMPOUND,18,43,TRUE,0,TRUE,FALSE,FALSE,FALSE,FALSE,0,0,0,0,https://docs.inecelectionresults.net/elections_prod/1292/state/01/lga/10/ward/04/pu/027/027-1677397142.pdf
OYO,IBADAN SOUTH WEST,WARD 9 SW8 (1),30-10-09-051,"OPEN SPACE OPP.DADA HOUSE, ANFANI",40,113,TRUE,0,TRUE,FALSE,FALSE,FALSE,FALSE,0,0,0,0,https://docs.inecelectionresults.net/elections_prod/1292/state/1/lga/3743/ward/24829/pu/168269/168269-1677678312.pdf
OYO,IBADAN SOUTH WEST,WARD 9 SW8 (1),30-10-09-052,"OPEN SPACE INFRONT OF PRINCE AND PRINCESS BAR, MOLETE. ",15,50,TRUE,0,TRUE,FALSE,FALSE,FALSE,FALSE,0,0,0,0,https://docs.inecelectionresults.net/elections_prod/1292/state/1/lga/3743/ward/24829/pu/168270/168270-1677759191.pdf
OYO,IBADAN SOUTH WEST,WARD 9 SW8 (1),30-10-09-053,"OPEN SPACE AT BOLARINWA STREET, COLLEGE CRESCENT",16,52,TRUE,0,TRUE,FALSE,FALSE,FALSE,FALSE,0,0,0,0,https://docs.inecelectionresults.net/elections_prod/1292/state/1/lga/3743/ward/24829/pu/168271/168271-1677666902.pdf
OYO,IBADAN SOUTH WEST,WARD 9 SW8 (1),30-10-09-054,"OPEN SPACE OPP. IBADAN CENTRAL, OSOSAMI",96,217,TRUE,0,TRUE,FALSE,FALSE,FALSE,FALSE,0,0,0,0,https://docs.inecelectionresults.net/elections_prod/1292/state/1/lga/3743/ward/24829/pu/168272/168272-1677669780.pdf
OYO,IBADAN SOUTH WEST,WARD 9 SW8 (1),30-10-09-055,OPEN SPACE BESIDE ODUTOLA TYRES,51,94,TRUE,0,TRUE,FALSE,FALSE,FALSE,FALSE,0,0,0,0,https://docs.inecelectionresults.net/elections_prod/1292/state/1/lga/3743/ward/24829/pu/168273/168273-1677604187.pdf
OYO,IBADAN SOUTH WEST,WARD 11 SW9(1),30-10-11-026,"OPEN SPACE AT ABIDIOGUN ESTATE, LANE I",29,51,TRUE,0,TRUE,FALSE,FALSE,FALSE,FALSE,0,0,0,0,https://inec-cvr-cache.s3.eu-west-1.amazonaws.com/cached/results/664316/result_87711_1677765602_thumb.jpg
OYO,IBADAN SOUTH WEST,WARD 11 SW9(1),30-10-11-028,OPEN SPACE AT ASHIRU ESTATE,18,46,TRUE,0,TRUE,FALSE,FALSE,FALSE,FALSE,3,10,1,0,https://docs.inecelectionresults.net/elections_prod/1292/state/1/lga/3743/ward/24831/pu/168279/168279-1677587341.pdf
OYO,IBADAN SOUTH WEST,WARD 12 SW9 II,30-10-12-082,"OPEN SPACE INFRONT OF A-DANIEL, MECH. VILLAGE",14,31,TRUE,0,TRUE,FALSE,FALSE,FALSE,FALSE,0,0,0,0,https://docs.inecelectionresults.net/elections_prod/1292/state/01/lga/10/ward/12/pu/082/082-1677414071.pdf
OYO,IBADAN SOUTH WEST,WARD 12 SW9 II,30-10-12-083,"OPEN SPACE OPPOSITE THE STONE CHURCH, AKINYEMI WAY",22,42,TRUE,0,TRUE,FALSE,FALSE,FALSE,FALSE,0,0,0,0,https://docs.inecelectionresults.net/elections_prod/1292/state/1/lga/3743/ward/24832/pu/168288/168288-1677775601.pdf
OYO,IBADAN SOUTH WEST,WARD 12 SW9 II,30-10-12-084,OPEN SPACE BESIDE OLAMBE STORE,7,25,TRUE,0,TRUE,FALSE,FALSE,FALSE,FALSE,0,0,0,0,https://docs.inecelectionresults.net/elections_prod/1292/state/01/lga/10/ward/12/pu/084/084-1677411998.pdf
OYO,IBADAN SOUTH WEST,WARD 12 SW9 II,30-10-12-085,OPEN SPACE BESIDE SAO PETROL STATION,31,89,TRUE,0,TRUE,FALSE,FALSE,FALSE,FALSE,0,0,0,0,https://docs.inecelectionresults.net/elections_prod/1292/state/1/lga/3743/ward/24832/pu/168290/168290-1677776840.pdf
OYO,IBADAN SOUTH WEST,WARD 12 SW9 II,30-10-12-086,OPEN SPACE AT ARAROMI UNDER TREE,36,108,TRUE,0,TRUE,FALSE,FALSE,FALSE,FALSE,0,0,0,0,https://docs.inecelectionresults.net/elections_prod/1292/state/01/lga/10/ward/12/pu/086/086-1677415508.pdf
OYO,IBADAN SOUTH WEST,WARD 12 SW9 II,30-10-12-087,OPEN SPACE  BESIDE EVANGELICAL APOSTOLIC CHURCH,6,20,TRUE,0,TRUE,FALSE,FALSE,FALSE,FALSE,0,0,0,0,https://docs.inecelectionresults.net/elections_prod/1292/state/01/lga/10/ward/12/pu/087/087-1677408200.pdf
OYO,IBADAN SOUTH WEST,WARD 12 SW9 II,30-10-12-088,"OPEN SPACE AT T JUNCTION, OKE AYO",36,109,TRUE,0,TRUE,FALSE,FALSE,FALSE,FALSE,0,0,0,0,https://docs.inecelectionresults.net/elections_prod/1292/state/01/lga/10/ward/12/pu/088/088-1677413759.pdf
OYO,IBADAN SOUTH WEST,WARD 12 SW9 II,30-10-12-089,"OPEN SPACE BESIDE TOBIS HOTEL, ODO ONA",21,76,TRUE,0,TRUE,FALSE,FALSE,FALSE,FALSE,0,0,0,0,https://docs.inecelectionresults.net/elections_prod/1292/state/1/lga/3743/ward/24832/pu/168294/168294-1677582036.pdf
OYO,IBADAN SOUTH WEST,WARD 12 SW9 II,30-10-12-090,OPEN SPACE BESIDE RAILWAY STATION,19,49,TRUE,0,TRUE,FALSE,FALSE,FALSE,FALSE,0,0,0,0,https://docs.inecelectionresults.net/elections_prod/1292/state/1/lga/3743/ward/24832/pu/168295/168295-1677580493.pdf
OYO,IBADAN SOUTH WEST,WARD 12 SW9 II,30-10-12-092,OPEN SPACE OPP. SEBOL GROUP OF SCHOOLS,11,43,TRUE,0,TRUE,FALSE,FALSE,FALSE,FALSE,0,0,0,0,https://docs.inecelectionresults.net/elections_prod/1292/state/1/lga/3743/ward/24832/pu/168297/168297-1677765005.pdf
OYO,IBADAN SOUTH WEST,WARD 12 SW9 II,30-10-12-093,"OPEN SPACE OPP. ST. PAUL SCHOOL, ODO ONA",19,45,TRUE,0,TRUE,FALSE,FALSE,FALSE,FALSE,0,0,0,0,https://docs.inecelectionresults.net/elections_prod/1292/state/1/lga/3743/ward/24832/pu/168298/168298-1677595840.pdf
OYO,IBADAN SOUTH WEST,WARD 12 SW9 II,30-10-12-094,"OPEN SPACE OPP. SEVENTH DAY ADVENTIST CHURCH, ODO ONA",27,161,TRUE,0,TRUE,FALSE,FALSE,FALSE,FALSE,0,0,0,0,https://docs.inecelectionresults.net/elections_prod/1292/state/1/lga/3743/ward/24832/pu/168299/168299-1677765253.pdf
OYO,IBADAN SOUTH WEST,WARD 12 SW9 II,30-10-12-095,"OPEN SPACE INFRONT OF IAR&T GATE II, AGRIC",54,311,TRUE,0,TRUE,FALSE,FALSE,FALSE,FALSE,0,0,0,0,https://docs.inecelectionresults.net/elections_prod/1292/state/1/lga/3743/ward/24832/pu/168300/168300-1677766555.pdf
OYO,IBADAN SOUTH WEST,WARD 12 SW9 II,30-10-12-096,"COMM. RECREATION CENTER, MOOR PLANTATION, APATA",79,316,TRUE,0,TRUE,FALSE,FALSE,FALSE,FALSE,0,0,0,0,https://docs.inecelectionresults.net/elections_prod/1292/state/1/lga/3743/ward/24832/pu/168301/168301-1677577283.pdf
OYO,IBADAN SOUTH WEST,WARD 12 SW9 II,30-10-12-097,"OPEN SPACE OPP. GT BANK, APATA",36,154,TRUE,0,TRUE,FALSE,FALSE,FALSE,FALSE,0,0,0,0,https://docs.inecelectionresults.net/elections_prod/1292/state/01/lga/10/ward/12/pu/097/097-1677407494.pdf
OYO,IBADAN SOUTH WEST,WARD 12 SW9 II,30-10-12-098,OPEN SPACE INFRONT OF ROVEL INTERNATIONAL SCHOOL,64,140,TRUE,0,TRUE,FALSE,FALSE,FALSE,FALSE,0,0,0,0,https://docs.inecelectionresults.net/elections_prod/1292/state/1/lga/3743/ward/24832/pu/168303/168303-1677576516.pdf
OYO,IBADAN SOUTH WEST,WARD 12 SW9 II,30-10-12-099,APATA COMMUNITY GRAMMAR SCHOOL,35,78,TRUE,0,TRUE,FALSE,FALSE,FALSE,FALSE,0,0,0,0,https://docs.inecelectionresults.net/elections_prod/1292/state/1/lga/3743/ward/24832/pu/168304/168304-1677576008.pdf
OYO,IBADAN SOUTH WEST,WARD 12 SW9 II,30-10-12-100,OPEN SPACE AT OMUIYADUN HEALTH CENTRE,41,155,TRUE,0,TRUE,FALSE,FALSE,FALSE,FALSE,0,0,0,0,https://docs.inecelectionresults.net/elections_prod/1292/state/1/lga/3743/ward/24832/pu/168305/168305-1677522158.pdf
OYO,IBADAN SOUTH WEST,WARD 12 SW9 II,30-10-12-101,"OPEN SPACE BESIDE THE TRUTH APOSTOLIC CHURCH, ISO PAKO",23,99,TRUE,0,TRUE,FALSE,FALSE,FALSE,FALSE,0,0,0,0,https://docs.inecelectionresults.net/elections_prod/1292/state/01/lga/10/ward/12/pu/101/101-1677406806.pdf
OYO,IBADAN SOUTH WEST,WARD 12 SW9 II,30-10-12-102,"OPEN SPACE OPP. CALVARY CHURCH, APATA",20,60,TRUE,0,TRUE,FALSE,FALSE,FALSE,FALSE,0,0,0,0,https://docs.inecelectionresults.net/elections_prod/1292/state/1/lga/3743/ward/24832/pu/168307/168307-1677521443.pdf
OYO,IBADAN SOUTH WEST,WARD 12 SW9 II,30-10-12-103,OPEN SPACE OPPOSITE APATA BAPTIST CHURCH,65,334,TRUE,0,TRUE,FALSE,FALSE,FALSE,FALSE,0,0,0,0,https://docs.inecelectionresults.net/elections_prod/1292/state/1/lga/3743/ward/24832/pu/168308/168308-1677520963.pdf
OYO,IBADAN SOUTH WEST,WARD 12 SW9 II,30-10-12-104,"OPEN SPACE AT TOWOBOLA PLAZA, TEMIDIRE",23,192,TRUE,0,TRUE,FALSE,FALSE,FALSE,FALSE,0,0,0,0,https://docs.inecelectionresults.net/elections_prod/1292/state/1/lga/3743/ward/24832/pu/168309/168309-1677597520.pdf
OYO,IBADAN SOUTH WEST,WARD 12 SW9 II,30-10-12-105,OPEN SPACE OPP. FIRST BAPTIST CHURCH,19,38,TRUE,0,TRUE,FALSE,FALSE,FALSE,FALSE,0,0,0,0,https://docs.inecelectionresults.net/elections_prod/1292/state/1/lga/3743/ward/24832/pu/168310/168310-1677520303.pdf
OYO,IBADAN SOUTH WEST,WARD 12 SW9 II,30-10-12-106,"OPEN SPACE OPP. OANDO FILLING STATION, APATA",42,257,TRUE,0,TRUE,FALSE,FALSE,FALSE,FALSE,0,0,0,0,https://docs.inecelectionresults.net/elections_prod/1292/state/1/lga/3743/ward/24832/pu/168311/168311-1677519543.pdf
OYO,IBADAN SOUTH WEST,WARD 12 SW9 II,30-10-12-107,"OPEN SPACE BESIDE NIPCO FILLING STATION, APATA",33,212,TRUE,0,TRUE,FALSE,FALSE,FALSE,FALSE,0,0,0,0,https://docs.inecelectionresults.net/elections_prod/1292/state/1/lga/3743/ward/24832/pu/168312/168312-1677518870.pdf
OYO,IBADAN SOUTH WEST,WARD 12 SW9 II,30-10-12-108,"OPEN SPACE BESIDE CHRIST APOSTOLIC CHURCH, ABA ALAMU",47,211,TRUE,0,TRUE,FALSE,FALSE,FALSE,FALSE,0,0,0,0,https://docs.inecelectionresults.net/elections_prod/1292/state/1/lga/3743/ward/24832/pu/168313/168313-1677768727.pdf
OYO,IBADAN SOUTH WEST,WARD 12 SW9 II,30-10-12-109,"OPEN SPACE OPP. YEMBTOR OIL, ODO ALARO",35,183,TRUE,0,TRUE,FALSE,FALSE,FALSE,FALSE,0,0,0,0,https://docs.inecelectionresults.net/elections_prod/1292/state/1/lga/3743/ward/24832/pu/168314/168314-1677518468.pdf
OYO,IBADAN SOUTH WEST,WARD 12 SW9 II,30-10-12-110,"OPEN SPACE AT ILUPEJU STREET, JOHNSON AWE",100,327,TRUE,0,TRUE,FALSE,FALSE,FALSE,FALSE,0,0,0,0,https://docs.inecelectionresults.net/elections_prod/1292/state/1/lga/3743/ward/24832/pu/168315/168315-1677769003.pdf
OYO,IBADAN SOUTH WEST,WARD 12 SW9 II,30-10-12-111,"OPEN SPACE AT BODE STREET, ROAD 5, JOHNSON AWE",80,328,TRUE,0,TRUE,FALSE,FALSE,FALSE,FALSE,0,0,0,0,https://docs.inecelectionresults.net/elections_prod/1292/state/1/lga/3743/ward/24832/pu/168316/168316-1677517242.pdf
OYO,IBADAN SOUTH WEST,WARD 12 SW9 II,30-10-12-112,OPEN SPACE AT ENDURING WORD CHURCH,94,390,TRUE,0,TRUE,FALSE,FALSE,FALSE,FALSE,0,0,0,0,https://docs.inecelectionresults.net/elections_prod/1292/state/1/lga/3743/ward/24832/pu/168317/168317-1677516584.pdf
OYO,IBADAN SOUTH WEST,WARD 12 SW9 II,30-10-12-113,OPEN SPACE OPP. RCCG REVIVAL STREET,193,750,TRUE,0,TRUE,FALSE,FALSE,FALSE,FALSE,0,0,0,0,https://docs.inecelectionresults.net/elections_prod/1292/state/1/lga/3743/ward/24832/pu/168318/168318-1677516163.pdf
OYO,IBADAN SOUTH WEST,WARD 12 SW9 II,30-10-12-115,"OPEN SPACE OPP. NEW LIFE CHURCH, ADEDAYO",194,750,TRUE,0,TRUE,FALSE,FALSE,FALSE,FALSE,0,0,0,0,https://docs.inecelectionresults.net/elections_prod/1292/state/01/lga/10/ward/12/pu/115/115-1677418166.pdf
OYO,IBADAN SOUTH WEST,WARD 12 SW9 II,30-10-12-116,"OPEN SPACE AT SOYOMBO STREET, KUOLA",202,750,TRUE,0,TRUE,FALSE,FALSE,FALSE,FALSE,0,0,0,0,https://docs.inecelectionresults.net/elections_prod/1292/state/1/lga/3743/ward/24832/pu/168321/168321-1677515297.pdf
OYO,IBADAN SOUTH WEST,WARD 12 SW9 II,30-10-12-117,OPEN SPACE UNCLE D BUS STOP EGBATEDO STREET,124,560,TRUE,0,TRUE,FALSE,FALSE,FALSE,FALSE,0,0,0,0,https://docs.inecelectionresults.net/elections_prod/1292/state/1/lga/3743/ward/24832/pu/168322/168322-1677514842.pdf
OYO,IBADAN SOUTH WEST,WARD 12 SW9 II,30-10-12-118,"OPEN SPACE AT OKE ODO ALARO, BEMBO ROAD",119,539,TRUE,0,TRUE,FALSE,FALSE,FALSE,FALSE,0,0,0,0,https://docs.inecelectionresults.net/elections_prod/1292/state/01/lga/10/ward/12/pu/118/118-1677410733.pdf
OYO,IBADAN SOUTH WEST,WARD 12 SW9 II,30-10-12-119,"OPEN SPACE OPP. ADETUTU ARINOLA PLAZA, OWODE",123,422,TRUE,0,TRUE,FALSE,FALSE,FALSE,FALSE,0,0,0,0,https://docs.inecelectionresults.net/elections_prod/1292/state/1/lga/3743/ward/24832/pu/168324/168324-1677770108.pdf
OYO,IBADAN SOUTH WEST,WARD 12 SW9 II,30-10-12-120,"OPEN SPACE AT ALAAFIA STR. TEMIDIRE, GBEKUBA",76,365,TRUE,0,TRUE,FALSE,FALSE,FALSE,FALSE,0,0,0,0,https://docs.inecelectionresults.net/elections_prod/1292/state/1/lga/3743/ward/24832/pu/168325/168325-1677513782.pdf
OYO,IBADAN SOUTH WEST,WARD 12 SW9 II,30-10-12-121,"OPEN SPACE OPP. AJIBI QUARTERS, ROAD B",3,13,TRUE,0,TRUE,FALSE,FALSE,FALSE,FALSE,0,0,0,0,https://docs.inecelectionresults.net/elections_prod/1292/state/1/lga/3743/ward/24832/pu/168326/168326-1677513368.pdf
OYO,IBADAN SOUTH WEST,WARD 12 SW9 II,30-10-12-122,AFRICAN CHURCH GRAMMAR SCHOOL I,68,322,TRUE,0,TRUE,FALSE,FALSE,FALSE,FALSE,0,0,0,0,https://docs.inecelectionresults.net/elections_prod/1292/state/1/lga/3743/ward/24832/pu/168327/168327-1677512930.pdf
OYO,IBADAN SOUTH WEST,WARD 12 SW9 II,30-10-12-123,AFRICAN CHURCH GRAMMAR SCHOOL II,70,292,TRUE,0,TRUE,FALSE,FALSE,FALSE,FALSE,0,0,0,0,https://docs.inecelectionresults.net/elections_prod/1292/state/1/lga/3743/ward/24832/pu/168328/168328-1677512684.pdf
OYO,IBADAN SOUTH WEST,WARD 12 SW9 II,30-10-12-124,OPEN SPACE INFRONT OF WILLIAMSON MULTIPURPOSE HALL,163,393,TRUE,0,TRUE,FALSE,FALSE,FALSE,FALSE,0,0,0,0,https://docs.inecelectionresults.net/elections_prod/1292/state/1/lga/3743/ward/24832/pu/168329/168329-1677512453.pdf
OYO,IBADAN SOUTH WEST,WARD 12 SW9 II,30-10-12-125,OPEN SPACE INFRONT OF DEJI AKINSO STREET,163,750,TRUE,0,TRUE,FALSE,FALSE,FALSE,FALSE,0,0,0,0,https://docs.inecelectionresults.net/elections_prod/1292/state/1/lga/3743/ward/24832/pu/168330/168330-1677512020.pdf
OYO,IBADAN SOUTH WEST,WARD 12 SW9 II,30-10-12-126,"OPEN SPACE BESIDE PEOPLE'S BAPTIST CHURCH, OLUYOLE EXTENSION",95,475,TRUE,0,TRUE,FALSE,FALSE,FALSE,FALSE,0,0,0,0,https://docs.inecelectionresults.net/elections_prod/1292/state/1/lga/3743/ward/24832/pu/168331/168331-1677770488.pdf
OYO,IBADAN SOUTH WEST,WARD 12 SW9 II,30-10-12-127,"OPEN SPACE OPP. WAW, ZOE HOSP. JUNCTION",176,648,TRUE,0,TRUE,FALSE,FALSE,FALSE,FALSE,0,0,0,0,https://docs.inecelectionresults.net/elections_prod/1292/state/1/lga/3743/ward/24832/pu/168332/168332-1677510682.pdf
OYO,IBADAN SOUTH WEST,WARD 12 SW9 II,30-10-12-128,OPEN SPACE BESIDE RACHEAL PLACE,91,411,TRUE,0,TRUE,FALSE,FALSE,FALSE,FALSE,0,0,0,0,https://docs.inecelectionresults.net/elections_prod/1292/state/1/lga/3743/ward/24832/pu/168333/168333-1677510156.pdf
OYO,IBADAN SOUTH WEST,WARD 12 SW9 II,30-10-12-129,OPEN SPACE AT OLUYOLE ZONE 3 ESTATE JUNCTION,116,462,TRUE,0,TRUE,FALSE,FALSE,FALSE,FALSE,0,0,0,0,https://docs.inecelectionresults.net/elections_prod/1292/state/01/lga/10/ward/12/pu/129/129-1677422019.pdf
OYO,IBADAN SOUTH WEST,WARD 12 SW9 II,30-10-12-130,OPEN SPACE OPP. REHOBOTH CHURCH,138,310,TRUE,0,TRUE,FALSE,FALSE,FALSE,FALSE,0,0,0,0,https://docs.inecelectionresults.net/elections_prod/1292/state/1/lga/3743/ward/24832/pu/168335/168335-1677509280.pdf
OYO,IBADAN SOUTH WEST,WARD 12 SW9 II,30-10-12-131,OPEN SPACE INFRONT OF IBADAN PROMINENT HEIGHT COLLEGE,70,141,TRUE,0,TRUE,FALSE,FALSE,FALSE,FALSE,0,0,0,0,https://docs.inecelectionresults.net/elections_prod/1292/state/01/lga/10/ward/12/pu/131/131-1677409709.pdf
OYO,IBADAN SOUTH WEST,WARD 12 SW9 II,30-10-12-133,"OPEN SPACE OPP. UNION OFFICE, TIPPER GARAGE",46,168,TRUE,0,TRUE,FALSE,FALSE,FALSE,FALSE,0,0,0,0,https://docs.inecelectionresults.net/elections_prod/1292/state/1/lga/3743/ward/24832/pu/168338/168338-1677509036.pdf
OYO,IBADAN SOUTH WEST,WARD 3 SW2,30-10-03-015,OPEN SPACE AT ILAJI COMPOUND,16,26,TRUE,0,TRUE,FALSE,FALSE,FALSE,FALSE,0,0,0,0,https://docs.inecelectionresults.net/elections_prod/1292/state/01/lga/10/ward/03/pu/015/015-1677418489.pdf
OYO,IBADAN SOUTH WEST,WARD 3 SW2,30-10-03-016,OPEN SPACE AT OMOBORIOWO COMPOUND OLUKOSI,78,139,TRUE,0,TRUE,FALSE,FALSE,FALSE,FALSE,0,0,0,0,https://docs.inecelectionresults.net/elections_prod/1292/state/01/lga/10/ward/03/pu/016/016-1677418949.pdf
OYO,IBADAN SOUTH WEST,WARD 3 SW2,30-10-03-017,"OPEN SPACE AT ILE OPOWU, ITA AREGBEOMO",74,133,TRUE,0,TRUE,FALSE,FALSE,FALSE,FALSE,0,0,0,0,https://docs.inecelectionresults.net/elections_prod/1292/state/01/lga/10/ward/03/pu/017/017-1677419721.pdf
OYO,IBADAN SOUTH WEST,WARD 7  SW6,30-10-07-020,OPEN SPACE AT AMUNIGUN JUNCTION,5,13,TRUE,0,TRUE,FALSE,FALSE,FALSE,FALSE,0,0,0,0,https://docs.inecelectionresults.net/elections_prod/1292/state/1/lga/3743/ward/24827/pu/168263/168263-1677771828.pdf
OYO,IBADAN SOUTH WEST,WARD 7  SW6,30-10-07-021,OPEN SPACE AT FOKO JUNCTION,3,6,TRUE,0,TRUE,FALSE,FALSE,FALSE,FALSE,0,0,0,0,https://docs.inecelectionresults.net/elections_prod/1292/state/1/lga/3743/ward/24827/pu/168264/168264-1677771969.pdf
OYO,IBADAN SOUTH WEST,WARD 7  SW6,30-10-07-022,"OPEN SPACE OPPOSITE CUSTOMARY Court, AGBOKOJO",6,10,TRUE,0,TRUE,FALSE,FALSE,FALSE,FALSE,0,0,0,0,https://docs.inecelectionresults.net/elections_prod/1292/state/1/lga/3743/ward/24827/pu/168265/168265-1677772724.pdf
OYO,IBADAN SOUTH WEST,WARD 7  SW6,30-10-07-023,"OPEN SPACE INFRONT OF AB PLAZA, LABAOWO OGUNPA",2,6,TRUE,0,TRUE,FALSE,FALSE,FALSE,FALSE,0,0,0,0,https://docs.inecelectionresults.net/elections_prod/1292/state/1/lga/3743/ward/24827/pu/168266/168266-1677772314.pdf
OYO,IBADAN SOUTH WEST,WARD 08 SW7,30-10-08-033,OPEN SPACE OPP. OKEBOLA SHOPPING COMPLEX,61,126,TRUE,0,TRUE,FALSE,FALSE,FALSE,FALSE,0,0,0,0,https://docs.inecelectionresults.net/elections_prod/1292/state/1/lga/3743/ward/24828/pu/168267/168267-1677502737.pdf
OYO,IBADAN SOUTH WEST,WARD 08 SW7,30-10-08-034,"OPEN SPACE AT WATECO JUNCTION, OKE BOLA ROUNDABOUT",62,137,TRUE,0,TRUE,FALSE,FALSE,FALSE,FALSE,0,0,0,0,https://docs.inecelectionresults.net/elections_prod/1292/state/1/lga/3743/ward/24828/pu/168268/168268-1677503137.pdf
OYO,IBADAN SOUTH WEST,WARD 10 SW8 II,30-10-10-037,"OPEN SPACE OPP. VICTORY HIGH SCHL, OKE ADO",79,184,TRUE,0,TRUE,FALSE,FALSE,FALSE,FALSE,0,0,0,0,https://docs.inecelectionresults.net/elections_prod/1292/state/1/lga/3743/ward/24830/pu/168275/168275-1677570235.pdf
OYO,IBARAPA CENTRAL,ISALE-OBA,30-11-08-020,"CUSTOMARY COURT, OPP. OJA OBA IGBOORA",125,379,TRUE,0,TRUE,FALSE,FALSE,FALSE,FALSE,0,0,0,0,https://docs.inecelectionresults.net/elections_prod/1292/state/01/lga/11/ward/08/pu/020/020-1677402196.pdf
OYO,IBARAPA EAST,ABORERIN,30-12-04-017,OPPOSITE ITA FAAJI,72,363,TRUE,0,TRUE,FALSE,FALSE,FALSE,FALSE,0,0,0,0,https://docs.inecelectionresults.net/elections_prod/1292/state/1/lga/3745/ward/24846/pu/168340/168340-1677508925.pdf
OYO,IBARAPA EAST,ABORERIN,30-12-04-018,ST. MICHAEL PRIMARY SCHL.,64,169,TRUE,0,TRUE,FALSE,FALSE,FALSE,FALSE,0,0,0,0,https://docs.inecelectionresults.net/elections_prod/1292/state/1/lga/3745/ward/24846/pu/168341/168341-1677497787.pdf
OYO,IBARAPA EAST,ABORERIN,30-12-04-019,AKOLU GRAMMAR SCHL.,43,106,TRUE,0,TRUE,FALSE,FALSE,FALSE,FALSE,0,0,0,0,https://docs.inecelectionresults.net/elections_prod/1292/state/1/lga/3745/ward/24846/pu/168342/168342-1677486633.pdf
OYO,IBARAPA EAST,NEW ERUWA,30-12-05-014,SCHOOL FOR THE DEAF,58,126,TRUE,0,TRUE,FALSE,FALSE,FALSE,FALSE,0,0,0,0,https://docs.inecelectionresults.net/elections_prod/1292/state/1/lga/3745/ward/24847/pu/168343/168343-1677490691.pdf
OYO,IBARAPA EAST,SANGO,30-12-06-015,OPPOSITE GENERAL HOSP,53,103,TRUE,0,TRUE,FALSE,FALSE,FALSE,FALSE,0,0,0,0,https://docs.inecelectionresults.net/elections_prod/1292/state/1/lga/3745/ward/24848/pu/168344/168344-1677498796.pdf
OYO,IBARAPA EAST,SANGO,30-12-06-016,OLD NEPA,119,397,TRUE,0,TRUE,FALSE,FALSE,FALSE,FALSE,0,0,0,0,https://docs.inecelectionresults.net/elections_prod/1292/state/1/lga/3745/ward/24848/pu/168345/168345-1677481446.pdf
OYO,IBARAPA EAST,SANGO,30-12-06-017,BESIDE IFE LODUN SCHOOL,73,146,TRUE,0,TRUE,FALSE,FALSE,FALSE,FALSE,0,0,0,0,https://docs.inecelectionresults.net/elections_prod/1292/state/1/lga/3745/ward/24848/pu/168346/168346-1677484529.pdf
OYO,IDO,FENWA/OGANLA/ELENUSONSO,30-14-07-010,OPEN SPACE BOREPO,53,124,TRUE,0,TRUE,FALSE,FALSE,FALSE,FALSE,0,0,0,0,https://docs.inecelectionresults.net/elections_prod/1292/state/01/lga/14/ward/07/pu/010/010-1677412599.pdf
OYO,IDO,FENWA/OGANLA/ELENUSONSO,30-14-07-011,OPEN SPACE ABA OKO OLOJE,227,691,TRUE,0,TRUE,FALSE,FALSE,FALSE,FALSE,0,0,0,0,https://docs.inecelectionresults.net/elections_prod/1292/state/01/lga/14/ward/07/pu/011/011-1677418523.pdf
OYO,IDO,FENWA/OGANLA/ELENUSONSO,30-14-07-017,OPEN SPACE ILETUNTUN,82,170,TRUE,0,TRUE,FALSE,FALSE,FALSE,FALSE,0,0,0,0,https://docs.inecelectionresults.net/elections_prod/1292/state/01/lga/14/ward/07/pu/017/017-1677377900.pdf
OYO,IDO,FENWA/OGANLA/ELENUSONSO,30-14-07-019,OPEN SPACE  ABA ELA,48,84,TRUE,0,TRUE,FALSE,FALSE,FALSE,FALSE,0,0,0,0,https://docs.inecelectionresults.net/elections_prod/1292/state/01/lga/14/ward/07/pu/019/019-1677416297.pdf
OYO,IDO,FENWA/OGANLA/ELENUSONSO,30-14-07-021,OPEN SPACE ADEBISI,93,464,TRUE,0,TRUE,FALSE,FALSE,FALSE,FALSE,0,0,0,0,https://docs.inecelectionresults.net/elections_prod/1292/state/01/lga/14/ward/07/pu/021/021-1677368507.pdf
OYO,IDO,FENWA/OGANLA/ELENUSONSO,30-14-07-012,OPEN SPACE AGBOFIETI,351,568,TRUE,0,TRUE,FALSE,FALSE,FALSE,FALSE,0,0,0,0,https://inec-cvr-cache.s3.eu-west-1.amazonaws.com/cached/results/664429/result_88394_1677510964_thumb.jpg
OYO,IDO,FENWA/OGANLA/ELENUSONSO,30-14-07-018,"OPEN SPACE BESIDE C.A.C. CHURCH, ILETUNTUN",250,750,TRUE,0,TRUE,FALSE,FALSE,FALSE,FALSE,0,0,0,0,https://docs.inecelectionresults.net/elections_prod/1292/state/01/lga/14/ward/07/pu/018/018-1677408857.pdf
OYO,IDO,OMI ADIO/OMI ONIGBAGBO BAKATARI,30-14-09-033,PRIMARY SCHOOL ALAKOSO II,70,304,TRUE,0,TRUE,FALSE,FALSE,FALSE,FALSE,0,0,0,0,https://inec-cvr-cache.s3.eu-west-1.amazonaws.com/cached/results/664444/result_88448_1677607124_thumb.jpg
OYO,IDO,OMI ADIO/OMI ONIGBAGBO BAKATARI,30-14-09-039,OPEN SPACE OWODE FIRST GATE,153,750,TRUE,0,FALSE,FALSE,FALSE,FALSE,FALSE,34,62,12,1,https://inec-cvr-cache.s3.eu-west-1.amazonaws.com/cached/results/664448/result_88454_1677607916_thumb.jpg
OYO,IDO,OMI ADIO/OMI ONIGBAGBO BAKATARI,30-14-09-037,ST.MICHAEL SCHOOL OWODE APATA,57,145,TRUE,0,TRUE,FALSE,FALSE,FALSE,FALSE,0,0,0,0,https://docs.inecelectionresults.net/elections_prod/1292/state/01/lga/14/ward/09/pu/037/037-1677389023.pdf
OYO,IDO,AKINWARE/AKINDELE,30-14-03-008,NUD PRIMARY SCHOOL ONIGBINDE,17,21,TRUE,0,TRUE,FALSE,FALSE,FALSE,FALSE,6,0,0,0,https://inec-cvr-cache.s3.eu-west-1.amazonaws.com/cached/results/664458/result_88315_1677570790_thumb.jpg
OYO,IDO,AKUFO/IDIGBA/ARAROMI,30-14-02-007,OPEN SPACE ABIGBINDE VILLAGE,55,289,TRUE,0,TRUE,FALSE,FALSE,FALSE,FALSE,0,0,0,0,https://docs.inecelectionresults.net/elections_prod/1292/state/1/lga/3747/ward/24864/pu/168349/168349-1677495232.pdf
OYO,IDO,AKUFO/IDIGBA/ARAROMI,30-14-02-008,OPEN SPACE OSAINU/ABA EPO,90,124,TRUE,0,TRUE,FALSE,FALSE,FALSE,FALSE,0,0,0,0,https://docs.inecelectionresults.net/elections_prod/1292/state/01/lga/14/ward/02/pu/008/008-1677394109.pdf
OYO,IDO,AKUFO/IDIGBA/ARAROMI,30-14-02-009,OPEN SPACE LAMINI,89,474,TRUE,0,TRUE,FALSE,FALSE,FALSE,FALSE,0,0,0,0,https://docs.inecelectionresults.net/elections_prod/1292/state/01/lga/14/ward/02/pu/009/009-1677378132.pdf
OYO,IDO,AKUFO/IDIGBA/ARAROMI,30-14-02-010,OPEN SPACE ARAROMI,32,65,TRUE,0,TRUE,FALSE,FALSE,FALSE,FALSE,0,0,0,0,https://inec-cvr-cache.s3.eu-west-1.amazonaws.com/cached/results/664462/result_88305_1677585138_thumb.jpg
OYO,IDO,AKUFO/IDIGBA/ARAROMI,30-14-02-011,COMMUNITY PRIMARY SCHOOL ONIDERE VILLAGE,24,41,TRUE,0,TRUE,FALSE,FALSE,FALSE,FALSE,0,0,0,0,https://docs.inecelectionresults.net/elections_prod/1292/state/1/lga/3747/ward/24864/pu/168353/168353-1677496181.pdf
OYO,IDO,APETE/AYEGUN/AWOTAN,30-14-04-012,"OPEN SPACE BESIDE WELDER, ALONG JEJE",52,128,TRUE,0,TRUE,FALSE,FALSE,FALSE,FALSE,0,0,0,0,https://inec-cvr-cache.s3.eu-west-1.amazonaws.com/cached/results/664465/result_88327_1677601016_thumb.jpg
OYO,IDO,APETE/AYEGUN/AWOTAN,30-14-04-014,OPEN SPACE APETE ALONG JEJE ROAD,132,750,TRUE,0,TRUE,FALSE,FALSE,FALSE,FALSE,84,19,23,0,https://inec-cvr-cache.s3.eu-west-1.amazonaws.com/cached/results/664466/result_88329_1677602784_thumb.jpg
OYO,IDO,APETE/AYEGUN/AWOTAN,30-14-04-033,"OPEN SPACE KUSELA COMMUNITY DIAMOND ESTATE JUNCTION, OLOOGBO",129,221,TRUE,0,TRUE,FALSE,FALSE,FALSE,FALSE,0,0,0,0,https://inec-cvr-cache.s3.eu-west-1.amazonaws.com/cached/results/664485/result_88348_1677598757_thumb.jpg
OYO,IDO,APETE/AYEGUN/AWOTAN,30-14-04-038,"OPEN SPACE BESIDE NSCDC OFFICE ,AKUFO,ROAD AWOTAN",31,60,TRUE,0,TRUE,FALSE,FALSE,FALSE,FALSE,0,0,0,0,https://inec-cvr-cache.s3.eu-west-1.amazonaws.com/cached/results/664490/result_88353_1677594891_thumb.jpg
OYO,IDO,ERINWUSI/KOGUO/ODETOLA,30-14-06-009,ST JOHN'S PRIMARY SCHOOL ABA OKE,43,68,TRUE,0,TRUE,FALSE,FALSE,FALSE,TRUE,23,0,16,0,https://inec-cvr-cache.s3.eu-west-1.amazonaws.com/cached/results/664504/result_88381_1677588423_thumb.jpg
OYO,IDO,IDO/ONIKEDE/OKUNA AWO,30-14-08-005,N.U.D PRIMARY SCHOOL  II,98,196,TRUE,0,TRUE,FALSE,FALSE,FALSE,TRUE,48,10,11,0,https://inec-cvr-cache.s3.eu-west-1.amazonaws.com/cached/results/664506/result_88409_1677586038_thumb.jpg
OYO,IDO,OMI ADIO/OMI ONIGBAGBO BAKATARI,30-14-09-032,OPEN SPACE ABA AREMU TITUN,68,415,TRUE,0,TRUE,FALSE,FALSE,FALSE,FALSE,0,0,0,0,https://inec-cvr-cache.s3.eu-west-1.amazonaws.com/cached/results/664513/result_88447_1677606999_thumb.jpg
OYO,IREPO,AGORO,30-15-01-008,"OPEN SPACE IN FRONT OF IZ'AARUL ARABIC SCH, AJANGBA.",155,263,TRUE,0,TRUE,FALSE,FALSE,FALSE,FALSE,0,0,0,0,https://docs.inecelectionresults.net/elections_prod/1292/state/01/lga/15/ward/01/pu/008/008-1677403907.pdf
OYO,IREPO,AJAGUNNA,30-15-02-007,"NOMADIC PRY SCH, EHINKE",324,750,TRUE,0,TRUE,FALSE,FALSE,FALSE,FALSE,0,0,0,0,https://docs.inecelectionresults.net/elections_prod/1292/state/01/lga/15/ward/02/pu/007/007-1677394206.pdf
OYO,IREPO,AJAGUNNA,30-15-02-008,OPEN SPACE ODE AJE,78,135,TRUE,0,TRUE,FALSE,FALSE,FALSE,FALSE,0,0,0,0,https://docs.inecelectionresults.net/elections_prod/1292/state/01/lga/15/ward/02/pu/008/008-1677384791.pdf
OYO,IREPO,AJAGUNNA,30-15-02-009,"BUDO AMUDA, TAHORO",48,81,TRUE,0,TRUE,FALSE,FALSE,FALSE,FALSE,0,0,0,0,https://docs.inecelectionresults.net/elections_prod/1292/state/01/lga/15/ward/02/pu/009/009-1677378614.pdf
OYO,IREPO,AJAGUNNA,30-15-02-010,"MIGRANT FARMERS' PRY SCH, IDI- APA",48,81,TRUE,0,TRUE,FALSE,FALSE,FALSE,FALSE,0,0,0,0,https://docs.inecelectionresults.net/elections_prod/1292/state/01/lga/15/ward/02/pu/010/010-1677377979.pdf
OYO,IREPO,ATIPA,30-15-03-009,"MIGRANT FARMER'S PRY SCH, ABA BOOLA.",43,65,TRUE,0,TRUE,FALSE,FALSE,FALSE,FALSE,0,0,0,0,https://docs.inecelectionresults.net/elections_prod/1292/state/01/lga/15/ward/03/pu/009/009-1677384564.pdf
OYO,IREPO,ATIPA,30-15-03-010,ELEPO VILLAGE,38,75,TRUE,0,TRUE,FALSE,FALSE,FALSE,FALSE,0,0,0,0,https://docs.inecelectionresults.net/elections_prod/1292/state/01/lga/15/ward/03/pu/010/010-1677386825.pdf
OYO,IREPO,ATIPA,30-15-03-011,"MIGRANT FARMER'S PRY SCH, TAGO",31,51,TRUE,0,TRUE,FALSE,FALSE,FALSE,FALSE,0,0,0,0,https://docs.inecelectionresults.net/elections_prod/1292/state/01/lga/15/ward/03/pu/011/011-1677388151.pdf
OYO,IREPO,IBA I,30-15-04-011,VETERINARY HOSPITAL AGEDE.,68,114,TRUE,0,TRUE,FALSE,FALSE,FALSE,FALSE,0,0,0,0,https://docs.inecelectionresults.net/elections_prod/1292/state/01/lga/15/ward/04/pu/011/011-1677388226.pdf
OYO,IREPO,IBA I,30-15-04-012,BUDO BABA SUNDAY.,66,111,TRUE,0,TRUE,FALSE,FALSE,FALSE,FALSE,0,0,0,0,https://docs.inecelectionresults.net/elections_prod/1292/state/01/lga/15/ward/04/pu/012/012-1677399506.pdf
OYO,IREPO,IBA II,30-15-05-008,"COMM PRY SCH, OKE LAHA",100,162,TRUE,0,TRUE,FALSE,FALSE,FALSE,FALSE,0,0,0,0,https://docs.inecelectionresults.net/elections_prod/1292/state/01/lga/15/ward/05/pu/008/008-1677385171.pdf
OYO,IREPO,IBA III,30-15-06-008,OPEN SPACE OPP ANSAR ISLAM PRIVATE SCH,111,185,TRUE,0,TRUE,FALSE,FALSE,FALSE,FALSE,0,0,0,0,https://docs.inecelectionresults.net/elections_prod/1292/state/01/lga/15/ward/06/pu/008/008-1677396474.pdf
OYO,IREPO,IBA III,30-15-06-009,"MIGRANT FARMER'S PRY SCH, SISE OROWO.",65,90,TRUE,0,TRUE,FALSE,FALSE,FALSE,FALSE,0,0,0,0,https://docs.inecelectionresults.net/elections_prod/1292/state/01/lga/15/ward/06/pu/009/009-1677380908.pdf
OYO,IREPO,IBA III,30-15-06-010,"OPEN SPACE ANJORIN, SURULERE AREA.",212,412,TRUE,0,TRUE,FALSE,FALSE,FALSE,FALSE,0,0,0,0,https://docs.inecelectionresults.net/elections_prod/1292/state/01/lga/15/ward/06/pu/010/010-1677395604.pdf
OYO,IREPO,IBA III,30-15-06-011,OPEN SPACE BUDO BABA AINA,3,26,TRUE,0,TRUE,FALSE,FALSE,FALSE,FALSE,0,0,0,0,https://docs.inecelectionresults.net/elections_prod/1292/state/01/lga/15/ward/06/pu/011/011-1677396126.pdf
OYO,IREPO,IBA IV,30-15-07-007,"COMM PRY SCH I, OKE MAPO",64,90,TRUE,0,TRUE,FALSE,FALSE,FALSE,FALSE,0,0,0,0,https://docs.inecelectionresults.net/elections_prod/1292/state/1/lga/3748/ward/24879/pu/168479/168479-1677604941.pdf
OYO,IREPO,IBA IV,30-15-07-008,"COMM PRY SCH II, OKE MAPO",41,71,TRUE,0,TRUE,FALSE,FALSE,FALSE,FALSE,0,0,0,0,https://docs.inecelectionresults.net/elections_prod/1292/state/1/lga/3748/ward/24879/pu/168480/168480-1677608003.pdf
OYO,IREPO,IBA IV,30-15-07-009,BUDO PANU,104,147,TRUE,0,TRUE,FALSE,FALSE,FALSE,FALSE,0,0,0,0,https://docs.inecelectionresults.net/elections_prod/1292/state/1/lga/3748/ward/24879/pu/168481/168481-1677606037.pdf
OYO,IREPO,IBA IV,30-15-07-010,OPEN SPACE IN FRONT OF BALOGUN SHUAIB,312,692,TRUE,0,TRUE,FALSE,FALSE,FALSE,FALSE,0,0,0,0,https://docs.inecelectionresults.net/elections_prod/1292/state/1/lga/3748/ward/24879/pu/168482/168482-1677609702.pdf
OYO,IREPO,IBA IV,30-15-07-011,"OPEN SPACE FRONT OF 
ONISE- OYO",108,157,TRUE,0,TRUE,FALSE,FALSE,FALSE,FALSE,0,0,0,0,https://docs.inecelectionresults.net/elections_prod/1292/state/1/lga/3748/ward/24879/pu/168483/168483-1677606144.pdf
OYO,IREPO,IBA V,30-15-08-009,APAMETA VILLAGE,60,93,TRUE,0,TRUE,FALSE,FALSE,FALSE,FALSE,0,0,0,0,https://docs.inecelectionresults.net/elections_prod/1292/state/01/lga/15/ward/08/pu/009/009-1677368646.pdf
OYO,IREPO,IBA V,30-15-08-010,"MIGRANT FARMER'S PRY SCH, GIDA MEDINA",28,49,TRUE,0,TRUE,FALSE,FALSE,FALSE,FALSE,0,0,0,0,https://docs.inecelectionresults.net/elections_prod/1292/state/01/lga/15/ward/08/pu/010/010-1677372779.pdf
OYO,IREPO,IKOLABA,30-15-09-009,"MIGRANT FARMER'S PRY SCH,  KATAKATA",75,89,TRUE,0,TRUE,FALSE,FALSE,FALSE,FALSE,0,0,0,0,https://docs.inecelectionresults.net/elections_prod/1292/state/01/lga/15/ward/09/pu/009/009-1677396739.pdf
OYO,IREPO,LAHA/AJANA,30-15-10-010,OPEN SPACE IN.FRONT OF TESTING GROUND.,310,745,TRUE,0,TRUE,FALSE,FALSE,FALSE,FALSE,0,0,0,0,https://docs.inecelectionresults.net/elections_prod/1292/state/1/lga/3748/ward/24882/pu/168488/168488-1677600537.pdf
OYO,IREPO,LAHA/AJANA,30-15-10-011,"MIGRANT FARMER'S PRY SCH, OLANIYAN",113,485,TRUE,0,TRUE,FALSE,FALSE,FALSE,FALSE,0,0,0,0,https://docs.inecelectionresults.net/elections_prod/1292/state/1/lga/3748/ward/24882/pu/168489/168489-1677600812.pdf
OYO,ISEYIN,EKUNLE I,30-16-03-018,ARIFAJOGUN,31,44,TRUE,0,TRUE,FALSE,FALSE,FALSE,FALSE,0,0,0,0,https://docs.inecelectionresults.net/elections_prod/1292/state/1/lga/3749/ward/24885/pu/168490/168490-1677580645.pdf
OYO,ISEYIN,EKUNLE I,30-16-03-020,ELEGEDE,26,60,TRUE,0,TRUE,FALSE,FALSE,FALSE,FALSE,0,0,0,0,https://docs.inecelectionresults.net/elections_prod/1292/state/1/lga/3749/ward/24885/pu/168492/168492-1677578434.pdf
OYO,ISEYIN,EKUNLE I,30-16-03-021,OREDUNNI OBABI,46,71,TRUE,0,TRUE,FALSE,FALSE,FALSE,FALSE,0,0,0,0,https://docs.inecelectionresults.net/elections_prod/1292/state/1/lga/3749/ward/24885/pu/168493/168493-1677574197.pdf
OYO,ISEYIN,EKUNLE I,30-16-03-022,ANJORIN/OJU SANGO JUNCTION,44,99,TRUE,0,TRUE,FALSE,FALSE,FALSE,FALSE,0,0,0,0,https://docs.inecelectionresults.net/elections_prod/1292/state/1/lga/3749/ward/24885/pu/168494/168494-1677575913.pdf
OYO,ISEYIN,EKUNLE I,30-16-03-024,KABIYESI STREET,60,92,TRUE,0,TRUE,FALSE,FALSE,FALSE,FALSE,0,0,0,0,https://docs.inecelectionresults.net/elections_prod/1292/state/1/lga/3749/ward/24885/pu/168496/168496-1677534708.pdf
OYO,ISEYIN,EKUNLE I,30-16-03-025,AMAO JUNCTION,122,208,TRUE,0,TRUE,FALSE,FALSE,FALSE,FALSE,0,0,0,0,https://docs.inecelectionresults.net/elections_prod/1292/state/1/lga/3749/ward/24885/pu/168497/168497-1677576662.pdf
OYO,ISEYIN,EKUNLE I,30-16-03-026,ODO-OMU,135,248,TRUE,0,TRUE,FALSE,FALSE,FALSE,FALSE,0,0,0,0,https://docs.inecelectionresults.net/elections_prod/1292/state/1/lga/3749/ward/24885/pu/168498/168498-1677604882.pdf
OYO,ISEYIN,EKUNLE II,30-16-04-021,"ALAMOLE, ADIOMU",91,139,TRUE,0,TRUE,FALSE,FALSE,FALSE,FALSE,0,0,0,0,https://docs.inecelectionresults.net/elections_prod/1292/state/1/lga/3749/ward/24886/pu/168499/168499-1677601878.pdf
OYO,ISEYIN,EKUNLE II,30-16-04-022,EBU ODUMINI,49,79,TRUE,0,TRUE,FALSE,FALSE,FALSE,FALSE,0,0,0,0,https://docs.inecelectionresults.net/elections_prod/1292/state/1/lga/3749/ward/24886/pu/168500/168500-1677603810.pdf
OYO,ISEYIN,EKUNLE II,30-16-04-023,OPEN SPACE INFRONT OF ILE ALADO,62,82,TRUE,0,TRUE,FALSE,FALSE,FALSE,FALSE,0,0,0,0,https://docs.inecelectionresults.net/elections_prod/1292/state/1/lga/3749/ward/24886/pu/168501/168501-1677573316.pdf
OYO,ISEYIN,EKUNLE II,30-16-04-024,EKUNLE HIGH SCHOOL,105,208,TRUE,0,TRUE,FALSE,FALSE,FALSE,FALSE,0,0,0,0,https://docs.inecelectionresults.net/elections_prod/1292/state/1/lga/3749/ward/24886/pu/168502/168502-1677604263.pdf
OYO,ISEYIN,FARAMORA,30-16-05-012,"GARI GBAYI VILLAGE, IPOKU",44,72,TRUE,0,TRUE,FALSE,FALSE,FALSE,FALSE,0,0,0,0,https://docs.inecelectionresults.net/elections_prod/1292/state/1/lga/3749/ward/24887/pu/168503/168503-1677573987.pdf
OYO,ISEYIN,FARAMORA,30-16-05-013,FARAMORA COMMUNITY PRIMARY SCHOOL,186,294,TRUE,0,TRUE,FALSE,FALSE,FALSE,FALSE,0,0,0,0,https://docs.inecelectionresults.net/elections_prod/1292/state/1/lga/3749/ward/24887/pu/168504/168504-1677574866.pdf
OYO,ISEYIN,FARAMORA,30-16-05-014,ILEBA OKE BABA DUDU,59,79,TRUE,0,TRUE,FALSE,FALSE,FALSE,FALSE,0,0,0,0,https://docs.inecelectionresults.net/elections_prod/1292/state/1/lga/3749/ward/24887/pu/168505/168505-1677575686.pdf
OYO,ISEYIN,ISALU I,30-16-07-014,"ELEFO AVENUE, OKE ALAFIA",28,49,TRUE,0,TRUE,FALSE,FALSE,FALSE,FALSE,0,0,0,0,https://docs.inecelectionresults.net/elections_prod/1292/state/1/lga/3749/ward/24889/pu/168506/168506-1677510763.pdf
OYO,ISEYIN,ISALU I,30-16-07-015,777 JUNCTION,64,131,TRUE,0,TRUE,FALSE,FALSE,FALSE,FALSE,0,0,0,0,https://docs.inecelectionresults.net/elections_prod/1292/state/1/lga/3749/ward/24889/pu/168507/168507-1677511346.pdf
OYO,ISEYIN,ISALU I,30-16-07-016,AKAN JUNCTION/KOKO COMPOUND,91,271,TRUE,0,TRUE,FALSE,FALSE,FALSE,FALSE,0,0,0,0,https://docs.inecelectionresults.net/elections_prod/1292/state/1/lga/3749/ward/24889/pu/168508/168508-1677513492.pdf
OYO,ISEYIN,ISALU I,30-16-07-017,ADETA/OTUGBEBE,111,328,TRUE,0,TRUE,FALSE,FALSE,FALSE,FALSE,0,0,0,0,https://docs.inecelectionresults.net/elections_prod/1292/state/1/lga/3749/ward/24889/pu/168509/168509-1677513946.pdf
OYO,ISEYIN,ISALU I,30-16-07-018,AARE OJE/ITA ISALU JUNCTION,30,56,TRUE,0,TRUE,FALSE,FALSE,FALSE,FALSE,0,0,0,0,https://docs.inecelectionresults.net/elections_prod/1292/state/1/lga/3749/ward/24889/pu/168510/168510-1677515273.pdf
OYO,ISEYIN,ISALU I,30-16-07-019,OPOPO OLORO/SURULERE JUNCTION,63,136,TRUE,0,TRUE,FALSE,FALSE,FALSE,FALSE,0,0,0,0,https://docs.inecelectionresults.net/elections_prod/1292/state/1/lga/3749/ward/24889/pu/168511/168511-1677515816.pdf
OYO,ISEYIN,ISALU I,30-16-07-020,ALASEGUN/ISALU,47,81,TRUE,0,TRUE,FALSE,FALSE,FALSE,FALSE,0,0,0,0,https://docs.inecelectionresults.net/elections_prod/1292/state/1/lga/3749/ward/24889/pu/168512/168512-1677516753.pdf
OYO,ISEYIN,ISALU I,30-16-07-021,ORITAMEFA/ISALU,65,110,TRUE,0,TRUE,FALSE,FALSE,FALSE,FALSE,0,0,0,0,https://docs.inecelectionresults.net/elections_prod/1292/state/1/lga/3749/ward/24889/pu/168513/168513-1677517649.pdf
OYO,ISEYIN,ISALU I,30-16-07-022,IRAWOTE/ISALU,32,67,TRUE,0,TRUE,FALSE,FALSE,FALSE,FALSE,0,0,0,0,https://docs.inecelectionresults.net/elections_prod/1292/state/1/lga/3749/ward/24889/pu/168514/168514-1677518195.pdf
OYO,ISEYIN,ISALU I,30-16-07-023,ALHAJI COMPOUND,40,57,TRUE,0,TRUE,FALSE,FALSE,FALSE,FALSE,0,0,0,0,https://docs.inecelectionresults.net/elections_prod/1292/state/1/lga/3749/ward/24889/pu/168515/168515-1677520037.pdf
OYO,ISEYIN,ISALU I,30-16-07-024,OLUWOLE MARKET/OSEYAWO/ALAMO,47,88,TRUE,0,TRUE,FALSE,FALSE,FALSE,FALSE,0,0,0,0,https://docs.inecelectionresults.net/elections_prod/1292/state/1/lga/3749/ward/24889/pu/168516/168516-1677524130.pdf
OYO,ISEYIN,ISALU I,30-16-07-025,OKE IDAHO ADEDIRAN,98,194,TRUE,0,TRUE,FALSE,FALSE,FALSE,FALSE,0,0,0,0,https://docs.inecelectionresults.net/elections_prod/1292/state/1/lga/3749/ward/24889/pu/168517/168517-1677525286.pdf
OYO,ISEYIN,ISALU I,30-16-07-026,EMMANUEL BAPT. CHURCH,184,285,TRUE,0,TRUE,FALSE,FALSE,FALSE,FALSE,0,0,0,0,https://docs.inecelectionresults.net/elections_prod/1292/state/1/lga/3749/ward/24889/pu/168518/168518-1677526088.pdf
OYO,ISEYIN,ISALU I,30-16-07-027,SHABAB MODEL COLLEGE,134,258,TRUE,0,TRUE,FALSE,FALSE,FALSE,FALSE,0,0,0,0,https://docs.inecelectionresults.net/elections_prod/1292/state/1/lga/3749/ward/24889/pu/168519/168519-1677526465.pdf
OYO,ISEYIN,ISALU I,30-16-07-028,AROMIRE JUNCTION OPP. MOSAFUNETO,58,96,TRUE,0,TRUE,FALSE,FALSE,FALSE,FALSE,0,0,0,0,https://docs.inecelectionresults.net/elections_prod/1292/state/1/lga/3749/ward/24889/pu/168520/168520-1677527082.pdf
OYO,ISEYIN,ISALU I,30-16-07-029,ARAROMI/OLOWOPOOKU BESIDE SODAMO HOUSE,99,160,TRUE,0,TRUE,FALSE,FALSE,FALSE,FALSE,0,0,0,0,https://docs.inecelectionresults.net/elections_prod/1292/state/1/lga/3749/ward/24889/pu/168521/168521-1677527662.pdf
OYO,ISEYIN,ISALU I,30-16-07-030,MUSLIM SECONDARY GRAMMAR/BINUSERI,50,97,TRUE,0,TRUE,FALSE,FALSE,FALSE,FALSE,0,0,0,0,https://docs.inecelectionresults.net/elections_prod/1292/state/1/lga/3749/ward/24889/pu/168522/168522-1677528611.pdf
OYO,ISEYIN,ISALU II,30-16-08-019,"OLOKUN ASORODAYO PRIMARY SCHOOL, ITAN",62,113,TRUE,0,TRUE,FALSE,FALSE,FALSE,FALSE,0,0,0,0,https://docs.inecelectionresults.net/elections_prod/1292/state/1/lga/3749/ward/24890/pu/168523/168523-1677575791.pdf
OYO,ISEYIN,ISALU II,30-16-08-020,"ASEYIN HIGH SCHOOL, ITAN, ISALU, ISEYIN",99,212,TRUE,0,TRUE,FALSE,FALSE,FALSE,FALSE,0,0,0,0,https://docs.inecelectionresults.net/elections_prod/1292/state/1/lga/3749/ward/24890/pu/168524/168524-1677592811.pdf
OYO,ISEYIN,ISALU II,30-16-08-021,EKEEJA,70,103,TRUE,0,TRUE,FALSE,FALSE,FALSE,FALSE,0,0,0,0,https://docs.inecelectionresults.net/elections_prod/1292/state/1/lga/3749/ward/24890/pu/168525/168525-1677573798.pdf
OYO,ISEYIN,ISALU II,30-16-08-022,"ST. JOHN'S CATHOLIC GRAMMAR SCHOOL, ISALU",65,166,TRUE,0,TRUE,FALSE,FALSE,FALSE,FALSE,0,0,0,0,https://docs.inecelectionresults.net/elections_prod/1292/state/1/lga/3749/ward/24890/pu/168526/168526-1677574872.pdf
OYO,ISEYIN,ISALU II,30-16-08-023,ANWAR-UL-ISLAM HIGH SCHOOL,71,162,TRUE,0,TRUE,FALSE,FALSE,FALSE,FALSE,0,0,0,0,https://docs.inecelectionresults.net/elections_prod/1292/state/1/lga/3749/ward/24890/pu/168527/168527-1677578308.pdf
OYO,ISEYIN,ISALU II,30-16-08-024,ALASE,46,59,TRUE,0,TRUE,FALSE,FALSE,FALSE,FALSE,0,0,0,0,https://docs.inecelectionresults.net/elections_prod/1292/state/1/lga/3749/ward/24890/pu/168528/168528-1677665836.pdf
OYO,ISEYIN,ISALU II,30-16-08-025,IDI OPOPO/FADUNNIGBO,108,141,TRUE,0,TRUE,FALSE,FALSE,FALSE,FALSE,0,0,0,0,https://docs.inecelectionresults.net/elections_prod/1292/state/1/lga/3749/ward/24890/pu/168529/168529-1677589719.pdf
OYO,ISEYIN,ISALU II,30-16-08-026,"EBIIPIN/ITAGBE, ISALU",59,76,TRUE,0,TRUE,FALSE,FALSE,FALSE,FALSE,0,0,0,0,https://docs.inecelectionresults.net/elections_prod/1292/state/1/lga/3749/ward/24890/pu/168530/168530-1677575244.pdf
OYO,ISEYIN,KOSO I,30-16-09-009,"ISLAMIC BOYS HIGH SCH., JALUMI",89,151,TRUE,0,TRUE,FALSE,FALSE,FALSE,FALSE,0,0,0,0,https://docs.inecelectionresults.net/elections_prod/1292/state/1/lga/3749/ward/24891/pu/168531/168531-1677489785.pdf
OYO,ISEYIN,KOSO I,30-16-09-010,IFELAJULO COMMUNITY HEALTH CENTRE,74,127,TRUE,0,TRUE,FALSE,FALSE,FALSE,FALSE,0,0,0,0,https://docs.inecelectionresults.net/elections_prod/1292/state/1/lga/3749/ward/24891/pu/168532/168532-1677580927.pdf
OYO,ISEYIN,KOSO I,30-16-09-013,AYEDUN AREA,59,95,TRUE,0,TRUE,FALSE,FALSE,FALSE,FALSE,0,0,0,0,https://inec-cvr-cache.s3.eu-west-1.amazonaws.com/cached/results/664585/result_88774_1677834396_thumb.jpg
OYO,ISEYIN,KOSO I,30-16-09-014,OYO STATE MOTORCYCLE ASS.,62,74,TRUE,0,TRUE,FALSE,FALSE,FALSE,FALSE,0,0,0,0,https://docs.inecelectionresults.net/elections_prod/1292/state/1/lga/3749/ward/24891/pu/168536/168536-1677578705.pdf
OYO,ISEYIN,KOSO I,30-16-09-016,"COMMUNITY PRIMARY SCHOOL, OJA-AGBE",78,131,TRUE,0,TRUE,FALSE,FALSE,FALSE,FALSE,0,0,0,0,https://docs.inecelectionresults.net/elections_prod/1292/state/1/lga/3749/ward/24891/pu/168538/168538-1677578531.pdf
OYO,ISEYIN,KOSO I,30-16-09-018,"KOSO COMMUNITY GRAMMAR SCHOOL, KOSO",96,212,TRUE,0,TRUE,FALSE,FALSE,FALSE,FALSE,0,0,0,0,https://inec-cvr-cache.s3.eu-west-1.amazonaws.com/cached/results/664590/result_88779_1677785860_thumb.jpg
OYO,ISEYIN,KOSO II,30-16-10-007,SAGBO ILADO COMMUNITY GRAMMAR SCHOOL,53,112,TRUE,0,TRUE,FALSE,FALSE,FALSE,FALSE,0,0,0,0,https://docs.inecelectionresults.net/elections_prod/1292/state/1/lga/3749/ward/24892/pu/168542/168542-1677598334.pdf
OYO,ISEYIN,KOSO II,30-16-10-008,"OPEN SPACE BESIDE TRANSFORMER, KOSO GOKE",41,63,TRUE,0,TRUE,FALSE,FALSE,FALSE,FALSE,0,0,0,0,https://docs.inecelectionresults.net/elections_prod/1292/state/1/lga/3749/ward/24892/pu/168543/168543-1677513918.pdf
OYO,ISEYIN,KOSO II,30-16-10-009,"OPEN SPACE OPP. UNIQUE PRIMARY SCHOOL, OKE GBEGI",26,46,TRUE,0,TRUE,FALSE,FALSE,FALSE,FALSE,0,0,0,0,https://docs.inecelectionresults.net/elections_prod/1292/state/1/lga/3749/ward/24892/pu/168544/168544-1677580560.pdf
OYO,ISEYIN,KOSO II,30-16-10-010,GALILEE AREA,21,33,TRUE,0,TRUE,FALSE,FALSE,FALSE,FALSE,0,0,0,0,https://docs.inecelectionresults.net/elections_prod/1292/state/1/lga/3749/ward/24892/pu/168545/168545-1677503593.pdf
OYO,ISEYIN,KOSO II,30-16-10-011,PRIMARY HEALTH CENTRE GBEGI ILADO,35,63,TRUE,0,TRUE,FALSE,FALSE,FALSE,FALSE,0,0,0,0,https://docs.inecelectionresults.net/elections_prod/1292/state/1/lga/3749/ward/24892/pu/168546/168546-1677499641.pdf
OYO,ISEYIN,KOSO II,30-16-10-012,"AJELANWA PRIMARY HEALTH CENTRE, IWOYA",41,66,TRUE,0,TRUE,FALSE,FALSE,FALSE,FALSE,0,0,0,0,https://docs.inecelectionresults.net/elections_prod/1292/state/01/lga/16/ward/10/pu/012/012-1677379344.pdf
OYO,ISEYIN,KOSO II,30-16-10-013,"OPEN SPACE MAROJUOWO STR., ADJ. CENTRAL MOSQUE, ATOOGUN",56,105,TRUE,0,TRUE,FALSE,FALSE,FALSE,FALSE,0,0,0,0,https://docs.inecelectionresults.net/elections_prod/1292/state/1/lga/3749/ward/24892/pu/168548/168548-1677609001.pdf
OYO,ISEYIN,KOSO II,30-16-10-014,"GLORY INTL. SCHOOL, YEKETE",52,89,TRUE,0,TRUE,FALSE,FALSE,FALSE,FALSE,0,0,0,0,https://docs.inecelectionresults.net/elections_prod/1292/state/1/lga/3749/ward/24892/pu/168549/168549-1677507397.pdf
OYO,ISEYIN,KOSO II,30-16-10-015,"OPEN SPACE BESIDE FUNMART FILLING STATION SAW MILL, ODO IBO",40,72,TRUE,0,TRUE,FALSE,FALSE,FALSE,FALSE,0,0,0,0,https://docs.inecelectionresults.net/elections_prod/1292/state/1/lga/3749/ward/24892/pu/168550/168550-1677508449.pdf
OYO,ISEYIN,LADOGAN/OKE EYIN,30-16-11-013,ALOBAMAJA,47,72,TRUE,0,TRUE,FALSE,FALSE,FALSE,FALSE,0,0,0,0,https://docs.inecelectionresults.net/elections_prod/1292/state/1/lga/3749/ward/24893/pu/168551/168551-1677563478.pdf
OYO,ISEYIN,LADOGAN/OKE EYIN,30-16-11-014,OSOMO JUNCTION,39,61,TRUE,0,TRUE,FALSE,FALSE,FALSE,FALSE,0,0,0,0,https://docs.inecelectionresults.net/elections_prod/1292/state/1/lga/3749/ward/24893/pu/168552/168552-1677563846.pdf
OYO,ISEYIN,LADOGAN/OKE EYIN,30-16-11-015,KASABA JUNCTION,35,55,TRUE,0,TRUE,FALSE,FALSE,FALSE,FALSE,0,0,0,0,https://docs.inecelectionresults.net/elections_prod/1292/state/1/lga/3749/ward/24893/pu/168553/168553-1677564003.pdf
OYO,ISEYIN,LADOGAN/OKE EYIN,30-16-11-016,OGBA,69,108,TRUE,0,TRUE,FALSE,FALSE,FALSE,FALSE,0,0,0,0,https://docs.inecelectionresults.net/elections_prod/1292/state/1/lga/3749/ward/24893/pu/168554/168554-1677564393.pdf
OYO,ISEYIN,LADOGAN/OKE EYIN,30-16-11-017,LOWOORI AREA,35,56,TRUE,0,TRUE,FALSE,FALSE,FALSE,FALSE,0,0,0,0,https://docs.inecelectionresults.net/elections_prod/1292/state/1/lga/3749/ward/24893/pu/168555/168555-1677564673.pdf
OYO,ISEYIN,LADOGAN/OKE EYIN,30-16-11-018,SAW MILL AREA,243,523,TRUE,0,TRUE,FALSE,FALSE,FALSE,FALSE,0,0,0,0,https://docs.inecelectionresults.net/elections_prod/1292/state/1/lga/3749/ward/24893/pu/168556/168556-1677564890.pdf
OYO,ISEYIN,LADOGAN/OKE EYIN,30-16-11-019,ILABE/OGBA OKUTA,83,194,TRUE,0,TRUE,FALSE,FALSE,FALSE,FALSE,0,0,0,0,https://docs.inecelectionresults.net/elections_prod/1292/state/1/lga/3749/ward/24893/pu/168557/168557-1677565713.pdf
OYO,ISEYIN,LADOGAN/OKE EYIN,30-16-11-020,OREMOJE PRIMARY SCHOOL,44,86,TRUE,0,TRUE,FALSE,FALSE,FALSE,FALSE,0,0,0,0,https://docs.inecelectionresults.net/elections_prod/1292/state/1/lga/3749/ward/24893/pu/168558/168558-1677566031.pdf
OYO,ITESIWAJU,IGBOJAIYE,30-17-02-010,OPEN SPACE BUDO FULANI,6,148,TRUE,0,TRUE,FALSE,FALSE,FALSE,FALSE,0,0,0,0,https://docs.inecelectionresults.net/elections_prod/1292/state/1/lga/3750/ward/24895/pu/168559/168559-1677572781.pdf
OYO,ITESIWAJU,IGBOJAIYE,30-17-02-011,COMMUNITY SCHOOL BUDO ARE,123,279,TRUE,0,TRUE,FALSE,FALSE,FALSE,FALSE,0,0,0,0,https://docs.inecelectionresults.net/elections_prod/1292/state/1/lga/3750/ward/24895/pu/168560/168560-1677573429.pdf
OYO,ITESIWAJU,KOMU,30-17-04-011,OPEN SPACE MATERNITY,183,512,TRUE,0,TRUE,FALSE,FALSE,FALSE,FALSE,0,0,0,0,https://inec-cvr-cache.s3.eu-west-1.amazonaws.com/cached/results/664611/result_88856_1677598744_thumb.jpg
OYO,ITESIWAJU,OKAKA I,30-17-05-010,FIGBAYEMI OPEN SPACE,65,135,TRUE,0,TRUE,FALSE,FALSE,FALSE,FALSE,0,0,0,0,https://docs.inecelectionresults.net/elections_prod/1292/state/1/lga/3750/ward/24898/pu/168565/168565-1677503218.pdf
OYO,ITESIWAJU,OKAKA II,30-17-06-007,NUD SCHOOL OKAKA,86,155,TRUE,0,TRUE,FALSE,FALSE,FALSE,FALSE,0,0,0,0,https://docs.inecelectionresults.net/elections_prod/1292/state/1/lga/3750/ward/24899/pu/168566/168566-1677509639.pdf
OYO,IWAJOWA,AGBAAKIN II,30-18-02-018,OLOYE OPEN PLACE,43,97,TRUE,0,TRUE,FALSE,FALSE,FALSE,FALSE,0,0,0,0,https://docs.inecelectionresults.net/elections_prod/1292/state/1/lga/3751/ward/24905/pu/168567/168567-1677596179.pdf
OYO,IWAJOWA,IWERE-ILE I,30-18-03-016,ILEMO OPEN SPACE,57,126,TRUE,0,TRUE,FALSE,FALSE,FALSE,FALSE,0,0,0,0,https://docs.inecelectionresults.net/elections_prod/1292/state/1/lga/3751/ward/24906/pu/168568/168568-1677598993.pdf
OYO,IWAJOWA,IWERE-ILE I,30-18-03-017,OPEN SPACE IBUDO AGBEDE,20,65,TRUE,0,TRUE,FALSE,FALSE,FALSE,FALSE,0,0,0,0,https://docs.inecelectionresults.net/elections_prod/1292/state/1/lga/3751/ward/24906/pu/168569/168569-1677594899.pdf
OYO,IWAJOWA,SABI GANA II,30-18-08-008,"COMMUNITY GRAMMAR SCHOOL, IGANNA",139,291,TRUE,0,TRUE,FALSE,FALSE,FALSE,FALSE,0,0,0,0,https://docs.inecelectionresults.net/elections_prod/1292/state/1/lga/3751/ward/24911/pu/168570/168570-1677591806.pdf
OYO,KAJOLA,ELERO,30-19-02-009,"2ND BAPTIST SCHOOL, OJETE ILERO",52,80,TRUE,0,TRUE,FALSE,FALSE,FALSE,FALSE,0,0,0,0,https://docs.inecelectionresults.net/elections_prod/1292/state/01/lga/19/ward/02/pu/009/009-1677409194.pdf
OYO,KAJOLA,IJO,30-19-05-012,"A.U.D SCHOOL 1, EEYELE",76,166,TRUE,0,TRUE,FALSE,FALSE,FALSE,FALSE,0,0,0,0,https://docs.inecelectionresults.net/elections_prod/1292/state/1/lga/3752/ward/24918/pu/168573/168573-1677612586.pdf
OYO,KAJOLA,IJO,30-19-05-013,"ONJO HIGH SCHOOL, ISALE ALUBO",56,99,TRUE,0,TRUE,FALSE,FALSE,FALSE,FALSE,0,0,0,0,https://docs.inecelectionresults.net/elections_prod/1292/state/1/lga/3752/ward/24918/pu/168574/168574-1677619633.pdf
OYO,KAJOLA,IJO,30-19-05-014,"TOWN HALL II, OKEHO",92,221,TRUE,0,TRUE,FALSE,FALSE,FALSE,FALSE,0,0,0,0,https://docs.inecelectionresults.net/elections_prod/1292/state/1/lga/3752/ward/24918/pu/168575/168575-1677620628.pdf
OYO,KAJOLA,ISIA,30-19-09-008,"ADS HIGH SCHOOL, OKEHO ISEMI - ILE ROAD",106,174,TRUE,0,TRUE,FALSE,FALSE,FALSE,FALSE,0,0,0,0,https://docs.inecelectionresults.net/elections_prod/1292/state/01/lga/19/ward/09/pu/008/008-1677411521.pdf
OYO,KAJOLA,ISIA,30-19-09-009,"KARA JUNCTION OYALUGBO ROAD, OKEHO",82,152,TRUE,0,TRUE,FALSE,FALSE,FALSE,FALSE,0,0,0,0,https://docs.inecelectionresults.net/elections_prod/1292/state/01/lga/19/ward/09/pu/009/009-1677419718.pdf
OYO,KAJOLA,OLELE,30-19-11-017,"OKEHO/IGANNA GRAMM, SCHOOL",93,203,TRUE,0,TRUE,FALSE,FALSE,FALSE,FALSE,0,0,0,0,https://docs.inecelectionresults.net/elections_prod/1292/state/01/lga/19/ward/11/pu/017/017-1677412951.pdf
OYO,LAGELU,AJARA/OPEODU,30-20-01-010,OPEN SPACE NEAR SMABIF SCHOOL,181,632,TRUE,0,TRUE,FALSE,FALSE,FALSE,FALSE,0,0,0,0,https://docs.inecelectionresults.net/elections_prod/1292/state/01/lga/20/ward/01/pu/010/010-1677403084.pdf
OYO,LAGELU,AJARA/OPEODU,30-20-01-011,OGO OLUWA ESTATE,36,74,TRUE,0,TRUE,FALSE,FALSE,FALSE,FALSE,0,0,0,0,https://docs.inecelectionresults.net/elections_prod/1292/state/01/lga/20/ward/01/pu/011/011-1677399152.pdf
OYO,LAGELU,AJARA/OPEODU,30-20-01-012,OMOLAYO JUNCTION BESIDE TRANSFORMER,289,750,TRUE,0,TRUE,FALSE,FALSE,FALSE,FALSE,0,0,0,0,https://docs.inecelectionresults.net/elections_prod/1292/state/01/lga/20/ward/01/pu/012/012-1677402400.pdf
OYO,LAGELU,AJARA/OPEODU,30-20-01-013,0PEN SPACE OPP. TRANSFORMER NEAR FAITH BIBLE CHURCH,206,614,TRUE,0,TRUE,FALSE,FALSE,FALSE,FALSE,0,0,0,0,https://docs.inecelectionresults.net/elections_prod/1292/state/01/lga/20/ward/01/pu/013/013-1677404253.pdf
OYO,LAGELU,AJARA/OPEODU,30-20-01-014,OPEN SPACE OPP. NICKDEL COLLEGE,314,748,TRUE,0,TRUE,FALSE,FALSE,FALSE,FALSE,0,0,0,0,https://docs.inecelectionresults.net/elections_prod/1292/state/01/lga/20/ward/01/pu/014/014-1677405673.pdf
OYO,LAGELU,AJARA/OPEODU,30-20-01-015,OPEN SPACE OPP. J.NISSI SCHOOL OKEBADAN,312,749,TRUE,0,TRUE,FALSE,FALSE,FALSE,FALSE,0,0,0,0,https://docs.inecelectionresults.net/elections_prod/1292/state/01/lga/20/ward/01/pu/015/015-1677402519.pdf
OYO,LAGELU,AJARA/OPEODU,30-20-01-016,OPEN SPACE OPP. CAC OKE AGBARA YAWURI,196,598,TRUE,0,TRUE,FALSE,FALSE,FALSE,FALSE,0,0,0,0,https://docs.inecelectionresults.net/elections_prod/1292/state/01/lga/20/ward/01/pu/016/016-1677405994.pdf
OYO,LAGELU,AJARA/OPEODU,30-20-01-017,BEISDE ST. JOHN'S PRIMARY SCH. ONIYEYE,17,29,TRUE,0,TRUE,FALSE,FALSE,FALSE,FALSE,0,0,0,0,https://docs.inecelectionresults.net/elections_prod/1292/state/01/lga/20/ward/01/pu/017/017-1677404536.pdf
OYO,LAGELU,AJARA/OPEODU,30-20-01-018,"BAALE MARKET OJU-IRIN, AKOBO",257,750,TRUE,0,TRUE,FALSE,FALSE,FALSE,FALSE,0,0,0,0,https://docs.inecelectionresults.net/elections_prod/1292/state/01/lga/20/ward/01/pu/018/018-1677399806.pdf
OYO,LAGELU,AJARA/OPEODU,30-20-01-019,BESIDE TRANSFORMER PAPA TELLA,257,748,TRUE,0,TRUE,FALSE,FALSE,FALSE,FALSE,0,0,0,0,https://docs.inecelectionresults.net/elections_prod/1292/state/01/lga/20/ward/01/pu/019/019-1677397559.pdf
OYO,LAGELU,AJARA/OPEODU,30-20-01-020,BESIDE TOMM'S BAKERY APATUUKU VILLAGE,215,581,TRUE,0,TRUE,FALSE,FALSE,FALSE,FALSE,0,0,0,0,https://docs.inecelectionresults.net/elections_prod/1292/state/01/lga/20/ward/01/pu/020/020-1677397181.pdf
OYO,LAGELU,AJARA/OPEODU,30-20-01-022,"COMMUNITY HALL, PEACE QUARTERS GBAGANGAN",69,91,TRUE,0,TRUE,FALSE,FALSE,FALSE,FALSE,0,0,0,0,https://docs.inecelectionresults.net/elections_prod/1292/state/01/lga/20/ward/01/pu/022/022-1677398638.pdf
OYO,LAGELU,AJARA/OPEODU,30-20-01-023,OPEN SPACE BESIDE IFESOWAPO MODEL ESTATE ENTRANCE,216,750,TRUE,0,TRUE,FALSE,FALSE,FALSE,FALSE,0,0,0,0,https://docs.inecelectionresults.net/elections_prod/1292/state/01/lga/20/ward/01/pu/023/023-1677400883.pdf
OYO,LAGELU,AJARA/OPEODU,30-20-01-024,LAKURU VILLAGE,222,371,TRUE,0,TRUE,FALSE,FALSE,FALSE,FALSE,0,0,0,0,https://docs.inecelectionresults.net/elections_prod/1292/state/01/lga/20/ward/01/pu/024/024-1677403398.pdf
OYO,LAGELU,AJARA/OPEODU,30-20-01-025,OPEN SPACEBESIDE BLOCK INDUSTRY AROUNFESU ONIKANGA,283,750,TRUE,0,TRUE,FALSE,FALSE,FALSE,FALSE,0,0,0,0,https://docs.inecelectionresults.net/elections_prod/1292/state/01/lga/20/ward/01/pu/025/025-1677400887.pdf
OYO,LAGELU,AJARA/OPEODU,30-20-01-026,ONIREKE COMMUNITY HIGH SCHOOL,151,502,TRUE,0,TRUE,FALSE,FALSE,FALSE,FALSE,0,0,0,0,https://docs.inecelectionresults.net/elections_prod/1292/state/01/lga/20/ward/01/pu/026/026-1677401764.pdf
OYO,LAGELU,AJARA/OPEODU,30-20-01-027,INFRONT OF COMMUNITY HEALTH CENTRE ABA ALFA,200,586,TRUE,0,TRUE,FALSE,FALSE,FALSE,FALSE,0,0,0,0,https://docs.inecelectionresults.net/elections_prod/1292/state/01/lga/20/ward/01/pu/027/027-1677401952.pdf
OYO,LAGELU,AJARA/OPEODU,30-20-01-028,OPEN SPACE AKOKA SOKOBI ESTATE,160,460,TRUE,0,TRUE,FALSE,FALSE,FALSE,FALSE,0,0,0,0,https://docs.inecelectionresults.net/elections_prod/1292/state/01/lga/20/ward/01/pu/028/028-1677396369.pdf
OYO,LAGELU,ARULOGUN EHIN/KELEBE,30-20-03-007,OPEN SPACE BESIDE YIDI ABA EGBA,133,214,TRUE,0,TRUE,FALSE,FALSE,FALSE,FALSE,0,0,0,0,https://docs.inecelectionresults.net/elections_prod/1292/state/01/lga/20/ward/03/pu/007/007-1677382883.pdf
OYO,LAGELU,ARULOGUN EHIN/KELEBE,30-20-03-008,BESIDE HOLINESS ESTATE ENTRANCE GATE,69,151,TRUE,0,TRUE,FALSE,FALSE,FALSE,FALSE,0,0,0,0,https://docs.inecelectionresults.net/elections_prod/1292/state/01/lga/20/ward/03/pu/008/008-1677377484.pdf
OYO,LAGELU,ARULOGUN EHIN/KELEBE,30-20-03-009,BESIDE HOLINESS ESTATE ENTRANCE GATE,69,151,TRUE,0,TRUE,FALSE,FALSE,FALSE,FALSE,0,0,0,0,https://docs.inecelectionresults.net/elections_prod/1292/state/01/lga/20/ward/03/pu/008/008-1677377484.pdf
OYO,LAGELU,ARULOGUN EHIN/KELEBE,30-20-03-010,OPEN SPACE INFRONT OF ARISE AND SHINE MATERNITY HOSPITAL ALOKO OLORUNDA,47,103,TRUE,0,TRUE,FALSE,FALSE,FALSE,FALSE,0,0,0,0,https://docs.inecelectionresults.net/elections_prod/1292/state/01/lga/20/ward/03/pu/010/010-1677383446.pdf
OYO,LAGELU,ARULOGUN EHIN/KELEBE,30-20-03-011,OPEN SPACE OGARA VILLAGE JUNCTION,35,54,TRUE,0,TRUE,FALSE,FALSE,FALSE,FALSE,0,0,0,0,https://docs.inecelectionresults.net/elections_prod/1292/state/01/lga/20/ward/03/pu/011/011-1677383551.pdf
OYO,LAGELU,ARULOGUN EHIN/KELEBE,30-20-03-012,I.D.C PRIMARY SCHOOL ENIOSA ONIBEPE,256,527,TRUE,0,TRUE,FALSE,FALSE,FALSE,FALSE,0,0,0,0,https://docs.inecelectionresults.net/elections_prod/1292/state/01/lga/20/ward/03/pu/012/012-1677375221.pdf
OYO,LAGELU,ARULOGUN EHIN/KELEBE,30-20-03-013,N.O. IDOWU COMPREHENSIVE HIGH SCHOOL OLORUNDA,315,750,TRUE,0,TRUE,FALSE,FALSE,FALSE,FALSE,0,0,0,0,https://docs.inecelectionresults.net/elections_prod/1292/state/01/lga/20/ward/03/pu/013/013-1677372401.pdf
OYO,LAGELU,EJIOKU/IGBON/ARIKU,30-20-04-012,OPEN SPACE OPP. CATHOLIC CHURCH EJIOKU,151,750,TRUE,0,TRUE,FALSE,FALSE,FALSE,FALSE,0,0,0,0,https://docs.inecelectionresults.net/elections_prod/1292/state/01/lga/20/ward/04/pu/012/012-1677389164.pdf
OYO,LAGELU,EJIOKU/IGBON/ARIKU,30-20-04-013,OPEN SPACE GBINGBIN JUNCTION EJIOKU AREA,95,511,TRUE,0,TRUE,FALSE,FALSE,FALSE,FALSE,0,0,0,0,https://docs.inecelectionresults.net/elections_prod/1292/state/01/lga/20/ward/04/pu/013/013-1677382834.pdf
OYO,LAGELU,EJIOKU/IGBON/ARIKU,30-20-04-016,OPEN SPACE BESIDE LASTING GLORY SCHOOL EJIOKU,43,117,TRUE,0,TRUE,FALSE,FALSE,FALSE,FALSE,0,0,0,0,https://docs.inecelectionresults.net/elections_prod/1292/state/01/lga/20/ward/04/pu/016/016-1677379153.pdf
OYO,LAGELU,EJIOKU/IGBON/ARIKU,30-20-04-017,OPEN SPACE BESIDE LASTING GLORY SCHOOL EJIOKU,43,117,TRUE,0,TRUE,FALSE,FALSE,FALSE,FALSE,0,0,0,0,https://docs.inecelectionresults.net/elections_prod/1292/state/01/lga/20/ward/04/pu/016/016-1677379153.pdf
OYO,LAGELU,EJIOKU/IGBON/ARIKU,30-20-04-021,OPEN  SPACE BESIDE ARABIC INSTITUTE ILE-IGBON,186,750,TRUE,0,TRUE,FALSE,FALSE,FALSE,FALSE,0,0,0,0,https://docs.inecelectionresults.net/elections_prod/1292/state/01/lga/20/ward/04/pu/021/021-1677386528.pdf
OYO,LAGELU,EJIOKU/IGBON/ARIKU,30-20-04-022,IDI MANGO ALONG BRONCO FARM ILE-IGBON,66,115,TRUE,0,TRUE,FALSE,FALSE,FALSE,FALSE,0,0,0,0,https://docs.inecelectionresults.net/elections_prod/1292/state/01/lga/20/ward/04/pu/022/022-1677390427.pdf
OYO,LAGELU,EJIOKU/IGBON/ARIKU,30-20-04-023,OPEN SPACE SUKURU OKE,75,105,TRUE,0,TRUE,FALSE,FALSE,FALSE,FALSE,0,0,0,0,https://docs.inecelectionresults.net/elections_prod/1292/state/01/lga/20/ward/04/pu/023/023-1677385502.pdf
OYO,LAGELU,LAGELU MARKET/KAJOLA/GBENA,30-20-05-016,OPEN SPACE AT GBENA OPP. IYALODE'S HOUSE,29,80,TRUE,0,TRUE,FALSE,FALSE,FALSE,FALSE,0,0,0,0,https://docs.inecelectionresults.net/elections_prod/1292/state/01/lga/20/ward/05/pu/016/016-1677392987.pdf
OYO,LAGELU,LAGELU MARKET/KAJOLA/GBENA,30-20-05-017,OPEN SPACE BESIDE'S CAC OKE-IRAPADA CHURCH GBENA,117,528,TRUE,0,TRUE,FALSE,FALSE,FALSE,FALSE,0,0,0,0,https://docs.inecelectionresults.net/elections_prod/1292/state/01/lga/20/ward/05/pu/017/017-1677396641.pdf
OYO,LAGELU,LAGELU MARKET/KAJOLA/GBENA,30-20-05-019,OPEN SPACE BESIDE POPLAT FILLING-STATION OJOO EXPRESS WAY,117,289,TRUE,0,TRUE,FALSE,FALSE,FALSE,FALSE,0,0,0,0,https://docs.inecelectionresults.net/elections_prod/1292/state/01/lga/20/ward/05/pu/019/019-1677397087.pdf
OYO,LAGELU,LAGELU MARKET/KAJOLA/GBENA,30-20-05-023,OPEN SPACE BESIDE PORT LAND CEMENT IYANA-OJA,74,194,TRUE,0,TRUE,FALSE,FALSE,FALSE,FALSE,0,0,0,0,https://docs.inecelectionresults.net/elections_prod/1292/state/01/lga/20/ward/05/pu/023/023-1677398363.pdf
OYO,LAGELU,LAGELU MARKET/KAJOLA/GBENA,30-20-05-025,BESIDE ROTED EVENT CENTER OPP. TRANSFORMER AGBON,58,184,TRUE,0,TRUE,FALSE,FALSE,FALSE,FALSE,0,0,0,0,https://docs.inecelectionresults.net/elections_prod/1292/state/01/lga/20/ward/05/pu/025/025-1677393766.pdf
OYO,LAGELU,LAGELU MARKET/KAJOLA/GBENA,30-20-05-026,OPEN SPACE OPP. SEVENTH DAY ADVENTIST CHURCH AGBOON AREA IYANA CHURCH,125,750,TRUE,0,TRUE,FALSE,FALSE,FALSE,FALSE,0,0,0,0,https://docs.inecelectionresults.net/elections_prod/1292/state/01/lga/20/ward/05/pu/026/026-1677393630.pdf
OYO,LAGELU,LAGELU MARKET/KAJOLA/GBENA,30-20-05-027,OPEN SPACE OPP. SEVENTH DAY ADVENTIST CHURCH AGBOON AREA IYANA CHURCH,125,750,TRUE,0,TRUE,FALSE,FALSE,FALSE,TRUE,12,11,0,0,https://docs.inecelectionresults.net/elections_prod/1292/state/01/lga/20/ward/05/pu/026/026-1677393630.pdf
OYO,LAGELU,LAGELU MARKET/KAJOLA/GBENA,30-20-05-028,OPEN SPACE OPP. CHIEF GANDI'S HOUSE IYANA CHURCH,144,750,TRUE,0,TRUE,FALSE,FALSE,FALSE,FALSE,0,0,0,0,https://docs.inecelectionresults.net/elections_prod/1292/state/01/lga/20/ward/05/pu/028/028-1677392684.pdf
OYO,LAGELU,LAGELU MARKET/KAJOLA/GBENA,30-20-05-031,OPEN SPACE OPP. HEALTH CENTRE ELEWI-ODO MORENIKEJI,190,716,TRUE,0,TRUE,FALSE,FALSE,FALSE,FALSE,0,0,0,0,https://docs.inecelectionresults.net/elections_prod/1292/state/01/lga/20/ward/05/pu/031/031-1677393319.pdf
OYO,LAGELU,LAGELU MARKET/KAJOLA/GBENA,30-20-05-032,"OPEN SPACE, ELEWI ODO EXP. JUNCTION BESIDE CAC WOSEM CHURCH",55,81,TRUE,0,TRUE,FALSE,FALSE,FALSE,FALSE,0,0,0,0,https://docs.inecelectionresults.net/elections_prod/1292/state/01/lga/20/ward/05/pu/032/032-1677398042.pdf
OYO,LAGELU,LAGELU MARKET/KAJOLA/GBENA,30-20-05-033,OPEN SPACE OPP. LIFE ASSEMBLY CHURCH MONATAN,130,547,TRUE,0,TRUE,FALSE,FALSE,FALSE,FALSE,0,0,0,0,https://docs.inecelectionresults.net/elections_prod/1292/state/01/lga/20/ward/05/pu/033/033-1677398016.pdf
OYO,LAGELU,LAGELU MARKET/KAJOLA/GBENA,30-20-05-034,"OPEN SPACE INFRONT OF MONATAN CENTRAL HOSPITAL, 7 UP BUS-STOP",29,116,TRUE,0,TRUE,FALSE,FALSE,FALSE,FALSE,0,0,0,0,https://docs.inecelectionresults.net/elections_prod/1292/state/01/lga/20/ward/05/pu/034/034-1677399424.pdf
OYO,LAGELU,LAGELU MARKET/KAJOLA/GBENA,30-20-05-035,"OPEN SPACE BESIDE KUTE CENTRAL MOSQUE, KUTE MARKET",282,750,TRUE,0,TRUE,FALSE,FALSE,FALSE,FALSE,0,0,0,0,https://docs.inecelectionresults.net/elections_prod/1292/state/01/lga/20/ward/05/pu/035/035-1677395872.pdf
OYO,LAGELU,LAGELU MARKET/KAJOLA/GBENA,30-20-05-037,OPEN SPACE BESIDE ONIMALE CENTRAL MOSQUE OFF KUTE ROAD,172,647,TRUE,0,TRUE,FALSE,FALSE,FALSE,FALSE,0,0,0,0,https://docs.inecelectionresults.net/elections_prod/1292/state/01/lga/20/ward/05/pu/037/037-1677398798.pdf
OYO,LAGELU,LAGELU MARKET/KAJOLA/GBENA,30-20-05-038,"OPEN SPACE BESIDE POWER LINE ROAD KUTE, KAYOF BLOCK INDUSTRY",239,750,TRUE,0,TRUE,FALSE,FALSE,FALSE,FALSE,0,0,0,0,https://docs.inecelectionresults.net/elections_prod/1292/state/01/lga/20/ward/05/pu/038/038-1677393738.pdf
OYO,LAGELU,LAGELU MARKET/KAJOLA/GBENA,30-20-05-040,INFRONT OF HEALTH CENTER ABIDIODAN,283,750,TRUE,0,TRUE,FALSE,FALSE,FALSE,FALSE,0,0,0,0,https://docs.inecelectionresults.net/elections_prod/1292/state/01/lga/20/ward/05/pu/040/040-1677397937.pdf
OYO,LAGELU,LAGELU MARKET/KAJOLA/GBENA,30-20-05-041,INFRONT OF HEALTH CENTER ABIDIODAN,283,750,TRUE,0,TRUE,FALSE,FALSE,FALSE,FALSE,0,0,0,0,https://docs.inecelectionresults.net/elections_prod/1292/state/01/lga/20/ward/05/pu/040/040-1677397937.pdf
OYO,LAGELU,LALUPON I,30-20-07-010,"OPEN SPACE BESIDE ALH. RAHEEM ADEYEMO MOSQUE, LALUPON",114,627,TRUE,0,TRUE,FALSE,FALSE,FALSE,FALSE,0,0,0,0,https://docs.inecelectionresults.net/elections_prod/1292/state/01/lga/20/ward/07/pu/010/010-1677388009.pdf
OYO,LAGELU,LALUPON I,30-20-07-011,"OPEN SPACE UNDER ODAN TREE ILE ARO, LALUPON",67,514,TRUE,0,TRUE,FALSE,FALSE,FALSE,FALSE,0,0,0,0,https://docs.inecelectionresults.net/elections_prod/1292/state/01/lga/20/ward/07/pu/011/011-1677392118.pdf
OYO,LAGELU,LALUPON I,30-20-07-012,OPEN SPACE IYANA ILE BAALE LALUPON,46,117,TRUE,0,TRUE,FALSE,FALSE,FALSE,FALSE,0,0,0,0,https://docs.inecelectionresults.net/elections_prod/1292/state/01/lga/20/ward/07/pu/012/012-1677389439.pdf
OYO,LAGELU,LALUPON I,30-20-07-013,OPEN SPACE CASSAVA MARKET NEAR FILLING STATION MOPE. LALUPON,8,38,TRUE,0,TRUE,FALSE,FALSE,FALSE,FALSE,0,0,0,0,https://docs.inecelectionresults.net/elections_prod/1292/state/01/lga/20/ward/07/pu/013/013-1677390641.pdf
OYO,LAGELU,LALUPON I,30-20-07-014,OPEN SPACE ISALE PAKO JUNCTION ALONG EJIOKU WAY LALUPON,168,682,TRUE,0,TRUE,FALSE,FALSE,FALSE,FALSE,0,0,0,0,https://docs.inecelectionresults.net/elections_prod/1292/state/01/lga/20/ward/07/pu/014/014-1677390353.pdf
OYO,LAGELU,LALUPON I,30-20-07-015,"OPEN SPACE INFRONT OF SHOPPING COMPLEX, LALUPON",8,14,TRUE,0,TRUE,FALSE,FALSE,FALSE,FALSE,0,0,0,0,https://docs.inecelectionresults.net/elections_prod/1292/state/01/lga/20/ward/07/pu/015/015-1677393198.pdf
OYO,LAGELU,LALUPON I,30-20-07-016,"OPEN SPACE BESIDE CAC NO 1, LALUPON",142,750,TRUE,0,TRUE,FALSE,FALSE,FALSE,FALSE,0,0,0,0,https://docs.inecelectionresults.net/elections_prod/1292/state/01/lga/20/ward/07/pu/016/016-1677387805.pdf
OYO,LAGELU,LALUPON I,30-20-07-017,"OPEN SPACE ORI APATA ISALE IJEBU, LALUPON",196,750,TRUE,0,TRUE,FALSE,FALSE,FALSE,FALSE,0,0,0,0,https://docs.inecelectionresults.net/elections_prod/1292/state/01/lga/20/ward/07/pu/017/017-1677387034.pdf
OYO,LAGELU,LALUPON I,30-20-07-018,OPEN SPACE INFRONT OF OLD MARKET LALUPON,50,124,TRUE,0,TRUE,FALSE,FALSE,FALSE,FALSE,0,0,0,0,https://docs.inecelectionresults.net/elections_prod/1292/state/01/lga/20/ward/07/pu/018/018-1677386334.pdf
OYO,LAGELU,LALUPON I,30-20-07-020,"OPEN SPACE IFESOWAPO ACADA AREA, LALUPON",76,176,TRUE,0,TRUE,FALSE,FALSE,FALSE,FALSE,0,0,0,0,https://docs.inecelectionresults.net/elections_prod/1292/state/01/lga/20/ward/07/pu/020/020-1677390286.pdf
OYO,LAGELU,LALUPON I,30-20-07-021,"OPEN SPACE AJOSE COMMUNITY AREA, OPP DE-KING HOTEL LALUPON",66,461,TRUE,0,TRUE,FALSE,FALSE,FALSE,FALSE,0,0,0,0,https://docs.inecelectionresults.net/elections_prod/1292/state/01/lga/20/ward/07/pu/021/021-1677414713.pdf
OYO,LAGELU,LALUPON I,30-20-07-022,"OPEN SPACE ONE WITH GOD SPIRITUAL GOSPEL CHURCH SANGOSARO, LALUPON",83,492,TRUE,0,TRUE,FALSE,FALSE,FALSE,FALSE,0,0,0,0,https://docs.inecelectionresults.net/elections_prod/1292/state/1/lga/3753/ward/24931/pu/168656/168656-1677612213.pdf
OYO,LAGELU,LALUPON I,30-20-07-025,OPEN SPACE OPP THE APOSTOLIC CHURCH LALUPON IDI IBEPE AREA,40,78,TRUE,0,TRUE,FALSE,FALSE,FALSE,FALSE,0,0,0,0,https://docs.inecelectionresults.net/elections_prod/1292/state/01/lga/20/ward/07/pu/025/025-1677412073.pdf
OYO,LAGELU,LALUPON I,30-20-07-026,OPEN SPACE BESIDE ARIKEWUYO MOSQUE LALUPON,11,21,TRUE,0,TRUE,FALSE,FALSE,FALSE,FALSE,0,0,0,0,https://docs.inecelectionresults.net/elections_prod/1292/state/01/lga/20/ward/07/pu/026/026-1677380862.pdf
OYO,LAGELU,LALUPON I,30-20-07-027,DAGI VILLAGE,90,182,TRUE,0,TRUE,FALSE,FALSE,FALSE,FALSE,0,0,0,0,https://docs.inecelectionresults.net/elections_prod/1292/state/01/lga/20/ward/07/pu/027/027-1677396866.pdf
OYO,LAGELU,LALUPON II,30-20-08-010,OPEN SPACE OPP ITUTABA CENTRAL MOSQUE,9,393,TRUE,0,TRUE,FALSE,FALSE,FALSE,FALSE,0,0,0,0,https://inec-cvr-cache.s3.eu-west-1.amazonaws.com/cached/results/664712/result_89324_1677958647_thumb.jpg
OYO,LAGELU,LALUPON II,30-20-08-016,"IDC HIGH SCHOOL OKE ORERE, LALUPON",84,279,TRUE,0,TRUE,FALSE,FALSE,FALSE,FALSE,0,0,0,0,https://inec-cvr-cache.s3.eu-west-1.amazonaws.com/cached/results/664718/result_89330_1677614196_thumb.jpg
OYO,LAGELU,LALUPON III,30-20-09-011,OPEN SPACE T-JUNCTION OPP AGUGU CENTRAL MOSQUE,135,435,TRUE,0,TRUE,FALSE,FALSE,FALSE,FALSE,0,0,0,0,https://docs.inecelectionresults.net/elections_prod/1292/state/1/lga/3753/ward/24933/pu/168672/168672-1677686571.pdf
OYO,LAGELU,OFA-IGBO,30-20-10-010,OPEN SPACE ABEBI OFA IGBO,68,211,TRUE,0,TRUE,FALSE,FALSE,FALSE,FALSE,0,0,0,0,https://docs.inecelectionresults.net/elections_prod/1292/state/01/lga/20/ward/10/pu/010/010-1677381432.pdf
OYO,LAGELU,OFA-IGBO,30-20-10-011,OPEN SPACE INFRONT OF HEALTH CARE OFA IGBO,24,86,TRUE,0,TRUE,FALSE,FALSE,FALSE,FALSE,0,0,0,0,https://docs.inecelectionresults.net/elections_prod/1292/state/01/lga/20/ward/10/pu/011/011-1677382266.pdf
OYO,LAGELU,OFA-IGBO,30-20-10-012,OPEN SPACE INFRONT OF HEALTH CENTRE AKINSAWE,45,82,TRUE,0,TRUE,FALSE,FALSE,FALSE,FALSE,0,0,0,0,https://docs.inecelectionresults.net/elections_prod/1292/state/01/lga/20/ward/10/pu/012/012-1677383056.pdf
OYO,LAGELU,OYEDEJI/OLODE/KUTAYI,30-20-13-009,OPEN SPACE OPP. ST LUKE ANGLICAN CHURCH AJIPA,19,93,TRUE,0,TRUE,FALSE,FALSE,FALSE,FALSE,0,0,0,0,https://docs.inecelectionresults.net/elections_prod/1292/state/01/lga/20/ward/13/pu/009/009-1677378819.pdf
OYO,LAGELU,OYEDEJI/OLODE/KUTAYI,30-20-13-010,OPEN SPACE OPP. PADI CATHOLIC CHURCH ALAPE,39,468,TRUE,0,TRUE,FALSE,FALSE,FALSE,FALSE,0,0,0,0,https://docs.inecelectionresults.net/elections_prod/1292/state/01/lga/20/ward/13/pu/010/010-1677375639.pdf
OYO,LAGELU,OYEDEJI/OLODE/KUTAYI,30-20-13-011,OPEN SPACE OPP ST. PAUL ANG CHURCH OYEDEJI JUNCTION,62,178,TRUE,0,TRUE,FALSE,FALSE,FALSE,FALSE,0,0,0,0,https://docs.inecelectionresults.net/elections_prod/1292/state/01/lga/20/ward/13/pu/011/011-1677381531.pdf
OYO,OGBOMOSO NORTH,ABOGUNDE,30-21-01-012,OPEN SPACE AT WATER WORKS,24,53,TRUE,0,TRUE,FALSE,FALSE,FALSE,FALSE,0,0,0,0,https://inec-cvr-cache.s3.eu-west-1.amazonaws.com/cached/results/664732/result_89401_1677604808_thumb.jpg
OYO,OGBOMOSO NORTH,AGUODO/ MASIFA,30-21-03-028,OPEN SPACE AT LAYONU HOSPITAL AREA,28,75,TRUE,0,TRUE,FALSE,FALSE,FALSE,FALSE,0,0,0,0,https://docs.inecelectionresults.net/elections_prod/1292/state/1/lga/3754/ward/24941/pu/168685/168685-1677517259.pdf
OYO,OGBOMOSO NORTH,AGUODO/ MASIFA,30-21-03-029,BOLANTA PRIMARY SCHOOL,122,442,TRUE,0,TRUE,FALSE,FALSE,FALSE,FALSE,0,0,0,0,https://docs.inecelectionresults.net/elections_prod/1292/state/1/lga/3754/ward/24941/pu/168686/168686-1677516729.pdf
OYO,OGBOMOSO NORTH,AGUODO/ MASIFA,30-21-03-030,SOUN HIGH SCHOOL,160,338,TRUE,0,TRUE,FALSE,FALSE,FALSE,FALSE,0,0,0,0,https://docs.inecelectionresults.net/elections_prod/1292/state/01/lga/21/ward/03/pu/030/030-1677377649.pdf
OYO,OGBOMOSO NORTH,AGUODO/ MASIFA,30-21-03-032,MASIFA PROGRESSIVE HALL,126,232,TRUE,0,TRUE,FALSE,FALSE,FALSE,FALSE,0,0,0,0,https://docs.inecelectionresults.net/elections_prod/1292/state/1/lga/3754/ward/24941/pu/168689/168689-1677516129.pdf
OYO,OGBOMOSO NORTH,AGUODO/ MASIFA,30-21-03-033,OPEN SPACE AROUND ABOGUNDE  HOUSE,35,72,TRUE,0,TRUE,FALSE,FALSE,FALSE,FALSE,0,0,0,0,https://docs.inecelectionresults.net/elections_prod/1292/state/1/lga/3754/ward/24941/pu/168690/168690-1677515851.pdf
OYO,OGBOMOSO NORTH,AGUODO/ MASIFA,30-21-03-034,OPEN SPACE AROUND EVERGREEN AREA,40,75,TRUE,0,TRUE,FALSE,FALSE,FALSE,FALSE,0,0,0,0,https://docs.inecelectionresults.net/elections_prod/1292/state/1/lga/3754/ward/24941/pu/168691/168691-1677515741.pdf
OYO,OGBOMOSO NORTH,AGUODO/ MASIFA,30-21-03-035,OPEN SPACE AROUND MALAM A. K. BELLO'S HOUSE,28,55,TRUE,0,TRUE,FALSE,FALSE,FALSE,FALSE,0,0,0,0,https://docs.inecelectionresults.net/elections_prod/1292/state/1/lga/3754/ward/24941/pu/168692/168692-1677515520.pdf
OYO,OGBOMOSO NORTH,AGUODO/ MASIFA,30-21-03-036,ADS PRIMARY SCHOOL,40,77,TRUE,0,TRUE,FALSE,FALSE,FALSE,FALSE,0,0,0,0,https://docs.inecelectionresults.net/elections_prod/1292/state/1/lga/3754/ward/24941/pu/168693/168693-1677515175.pdf
OYO,OGBOMOSO NORTH,AGUODO/ MASIFA,30-21-03-037,OPEN SPACE AROUND OKONTA HOUSE,69,151,TRUE,0,TRUE,FALSE,FALSE,FALSE,FALSE,0,0,0,0,https://docs.inecelectionresults.net/elections_prod/1292/state/1/lga/3754/ward/24941/pu/168694/168694-1677515306.pdf
OYO,OGBOMOSO NORTH,AGUODO/ MASIFA,30-21-03-038,OPEN SPACE INFRONT STATE HIGH COURT,21,55,TRUE,0,TRUE,FALSE,FALSE,FALSE,FALSE,0,0,0,0,https://docs.inecelectionresults.net/elections_prod/1292/state/1/lga/3754/ward/24941/pu/168695/168695-1677514829.pdf
OYO,OGBOMOSO NORTH,AGUODO/ MASIFA,30-21-03-039,OPEN SPACE AT ADENIKE JUNCTION,126,299,TRUE,0,TRUE,FALSE,FALSE,FALSE,FALSE,0,0,0,0,https://docs.inecelectionresults.net/elections_prod/1292/state/1/lga/3754/ward/24941/pu/168696/168696-1677514152.pdf
OYO,OGBOMOSO NORTH,AGUODO/ MASIFA,30-21-03-040,OPEN SPACE AT ABU BLOCK INDUSTRY,41,71,TRUE,0,TRUE,FALSE,FALSE,FALSE,FALSE,0,0,0,0,https://docs.inecelectionresults.net/elections_prod/1292/state/1/lga/3754/ward/24941/pu/168697/168697-1677514435.pdf
OYO,OGBOMOSO NORTH,ISALE ALAASA,30-21-05-013,OPEN SPACE AT ISALE ORA,180,750,TRUE,0,TRUE,FALSE,FALSE,FALSE,FALSE,0,0,0,0,https://docs.inecelectionresults.net/elections_prod/1292/state/01/lga/21/ward/05/pu/013/013-1677398185.pdf
OYO,OGBOMOSO NORTH,ISALE ALAASA,30-21-05-014,"ALAASA COMMUNITY DEVELOPMENT HALL, OKE OWODE",94,243,TRUE,0,TRUE,FALSE,FALSE,FALSE,FALSE,0,0,0,0,https://docs.inecelectionresults.net/elections_prod/1292/state/1/lga/3754/ward/24943/pu/168699/168699-1677507172.pdf
OYO,OGBOMOSO NORTH,ISALE ALAASA,30-21-05-015,"EEKU AVENUE COMMUNITY HALL, EEKU AREA",157,333,TRUE,0,TRUE,FALSE,FALSE,FALSE,FALSE,0,0,0,0,https://docs.inecelectionresults.net/elections_prod/1292/state/1/lga/3754/ward/24943/pu/168700/168700-1677506799.pdf
OYO,OGBOMOSO NORTH,ISALE ALAASA,30-21-05-016,OPEN SPACE AT ATTAOHEED AREA,132,308,TRUE,0,TRUE,FALSE,FALSE,FALSE,FALSE,0,0,0,0,https://docs.inecelectionresults.net/elections_prod/1292/state/1/lga/3754/ward/24943/pu/168701/168701-1677506389.pdf
OYO,OGBOMOSO NORTH,ISALE ORA/SAJA,30-21-06-014,OPEN SPACE AT DR AYANWUSI JUNCTION,74,190,TRUE,0,TRUE,FALSE,FALSE,FALSE,FALSE,0,0,0,0,https://docs.inecelectionresults.net/elections_prod/1292/state/1/lga/3754/ward/24944/pu/168702/168702-1677508881.pdf
OYO,OGBOMOSO NORTH,ISALE ORA/SAJA,30-21-06-015,OPEN SPACE AT IYANA OGOJO AREA,158,401,TRUE,0,TRUE,FALSE,FALSE,FALSE,FALSE,0,0,0,0,https://docs.inecelectionresults.net/elections_prod/1292/state/1/lga/3754/ward/24944/pu/168703/168703-1677509504.pdf
OYO,OGBOMOSO NORTH,ISALE ORA/SAJA,30-21-06-016,OPEN SPACE AT THE BACK OF BOVAS FILLING STATION IWOFIN ROAD /AREAGO ALAGA,185,399,TRUE,0,TRUE,FALSE,FALSE,FALSE,FALSE,0,0,0,0,https://docs.inecelectionresults.net/elections_prod/1292/state/1/lga/3754/ward/24944/pu/168704/168704-1677508120.pdf
OYO,OGBOMOSO NORTH,ISALE ORA/SAJA,30-21-06-017,OPEN SPACE AT ORI OKE AGBARA OLORUN AREA,175,470,TRUE,0,TRUE,FALSE,FALSE,FALSE,FALSE,0,0,0,0,https://docs.inecelectionresults.net/elections_prod/1292/state/1/lga/3754/ward/24944/pu/168705/168705-1677501416.pdf
OYO,OGBOMOSO SOUTH,ALAPATA,30-22-02-020,MUSEUM KAJOLA LAYOUT,56,134,TRUE,0,TRUE,FALSE,FALSE,FALSE,FALSE,0,0,0,0,https://docs.inecelectionresults.net/elections_prod/1292/state/1/lga/3755/ward/24950/pu/168719/168719-1677693461.pdf
OYO,OGBOMOSO SOUTH,ALAPATA,30-22-02-021,OPEN SPACE J.K. ATANDA STREET.,103,233,TRUE,0,TRUE,FALSE,FALSE,FALSE,FALSE,0,0,0,0,https://docs.inecelectionresults.net/elections_prod/1292/state/1/lga/3755/ward/24950/pu/168720/168720-1677693523.pdf
OYO,OGBOMOSO SOUTH,ALAPATA,30-22-02-022,"C.A.C  PRY SCHOOL, OKE AYO",214,675,TRUE,0,TRUE,FALSE,FALSE,FALSE,FALSE,0,0,0,0,https://docs.inecelectionresults.net/elections_prod/1292/state/1/lga/3755/ward/24950/pu/168721/168721-1677693607.pdf
OYO,OGBOMOSO SOUTH,ALAPATA,30-22-02-023,"OPEN SPACE,OKE -OBADARE.",220,750,TRUE,0,TRUE,FALSE,FALSE,FALSE,FALSE,0,0,0,0,https://docs.inecelectionresults.net/elections_prod/1292/state/1/lga/3755/ward/24950/pu/168722/168722-1677693683.pdf
OYO,OGBOMOSO SOUTH,ALAPATA,30-22-02-024,OGBOMOSO HIGH SCHOOL,204,666,TRUE,0,TRUE,FALSE,FALSE,FALSE,FALSE,0,0,0,0,https://docs.inecelectionresults.net/elections_prod/1292/state/1/lga/3755/ward/24950/pu/168723/168723-1677693748.pdf
OYO,OGBOMOSO SOUTH,ALAPATA,30-22-02-025,"OPEN SPACE,BESIDE ROAD SAFETY",82,146,TRUE,0,TRUE,FALSE,FALSE,FALSE,FALSE,0,0,0,0,https://docs.inecelectionresults.net/elections_prod/1292/state/1/lga/3755/ward/24950/pu/168724/168724-1677693827.pdf
OYO,OGBOMOSO SOUTH,AROWOMOLE,30-22-03-016,MOLETE COMMUNITY HIGH SCHOOL,186,453,TRUE,0,TRUE,FALSE,FALSE,FALSE,FALSE,0,0,0,0,https://docs.inecelectionresults.net/elections_prod/1292/state/1/lga/3755/ward/24951/pu/168725/168725-1677715144.pdf
OYO,OGBOMOSO SOUTH,AROWOMOLE,30-22-03-017,METHODIST SECONDARY GRAMMAR SCHOOL.,172,324,TRUE,0,TRUE,FALSE,FALSE,FALSE,FALSE,0,0,0,0,https://docs.inecelectionresults.net/elections_prod/1292/state/1/lga/3755/ward/24951/pu/168726/168726-1677715260.pdf
OYO,OGBOMOSO SOUTH,AROWOMOLE,30-22-03-018,"BAPTIST HIGH SCHOOL,SUN-SUN",278,543,TRUE,0,TRUE,FALSE,FALSE,FALSE,FALSE,0,0,0,0,https://docs.inecelectionresults.net/elections_prod/1292/state/1/lga/3755/ward/24951/pu/168727/168727-1677715373.pdf
OYO,OGBOMOSO SOUTH,AROWOMOLE,30-22-03-019,ST.FERDINARD GRAMM SCHOOL,323,715,TRUE,0,TRUE,FALSE,FALSE,FALSE,FALSE,0,0,0,0,https://docs.inecelectionresults.net/elections_prod/1292/state/1/lga/3755/ward/24951/pu/168728/168728-1677715478.pdf
OYO,OGBOMOSO SOUTH,IBAPON,30-22-04-025,ODOKOTO/PETUO COMM BASIC SCHOOL,129,241,TRUE,0,TRUE,FALSE,FALSE,FALSE,FALSE,0,0,0,0,https://docs.inecelectionresults.net/elections_prod/1292/state/1/lga/3755/ward/24952/pu/168729/168729-1677492705.pdf
OYO,OGBOMOSO SOUTH,IBAPON,30-22-04-026,"OPEN SPACE, IBAPON JUNCTION",32,73,TRUE,0,TRUE,FALSE,FALSE,FALSE,FALSE,0,0,0,0,https://docs.inecelectionresults.net/elections_prod/1292/state/1/lga/3755/ward/24952/pu/168730/168730-1677512166.pdf
OYO,OGBOMOSO SOUTH,IBAPON,30-22-04-027,"OPEN SPACE, UNITY JUNCTION, IBAPON ROAD.",40,88,TRUE,0,TRUE,FALSE,FALSE,FALSE,FALSE,0,0,0,0,https://docs.inecelectionresults.net/elections_prod/1292/state/1/lga/3755/ward/24952/pu/168731/168731-1677505516.pdf
OYO,OGBOMOSO SOUTH,IBAPON,30-22-04-028,OPEN SPACE OPP NPC AWOGBO,112,243,TRUE,0,TRUE,FALSE,FALSE,FALSE,FALSE,0,0,0,0,https://docs.inecelectionresults.net/elections_prod/1292/state/1/lga/3755/ward/24952/pu/168732/168732-1677583460.pdf
OYO,OGBOMOSO SOUTH,IBAPON,30-22-04-030,OPEN SPACE AKINFENWA,232,505,TRUE,0,TRUE,FALSE,FALSE,FALSE,FALSE,0,0,0,0,https://docs.inecelectionresults.net/elections_prod/1292/state/1/lga/3755/ward/24952/pu/168734/168734-1677499000.pdf
OYO,OGBOMOSO SOUTH,IBAPON,30-22-04-031,"OPEN SPACE, ALE JUNCTION",305,750,TRUE,0,TRUE,FALSE,FALSE,FALSE,FALSE,0,0,0,0,https://docs.inecelectionresults.net/elections_prod/1292/state/1/lga/3755/ward/24952/pu/168735/168735-1677584462.pdf
OYO,OGBOMOSO SOUTH,IBAPON,30-22-04-033,"POLICE PRY SCHOOL,ISALE HIGH SCHOOL",45,83,TRUE,0,TRUE,FALSE,FALSE,FALSE,FALSE,0,0,0,0,https://docs.inecelectionresults.net/elections_prod/1292/state/1/lga/3755/ward/24952/pu/168737/168737-1677527348.pdf
OYO,OGBOMOSO SOUTH,IBAPON,30-22-04-034,"OPEN SPACE,ABEPE JUNCTION",49,91,TRUE,0,TRUE,FALSE,FALSE,FALSE,FALSE,0,0,0,0,https://docs.inecelectionresults.net/elections_prod/1292/state/1/lga/3755/ward/24952/pu/168738/168738-1677585403.pdf
OYO,OGBOMOSO SOUTH,IBAPON,30-22-04-035,CARETAKER COMM GRAMMAR SCHOOL,155,306,TRUE,0,TRUE,FALSE,FALSE,FALSE,FALSE,0,0,0,0,https://docs.inecelectionresults.net/elections_prod/1292/state/1/lga/3755/ward/24952/pu/168739/168739-1677506054.pdf
OYO,OGBOMOSO SOUTH,OKE-OLA/FARM SETTLEMENT,30-22-10-014,SHAMSI-DEEN GRAMMAR SCHOOL,277,629,TRUE,0,TRUE,FALSE,FALSE,FALSE,FALSE,0,0,0,0,https://docs.inecelectionresults.net/elections_prod/1292/state/1/lga/3755/ward/24958/pu/168740/168740-1677543761.pdf
OYO,OGO-OLUWA,AJAAWA I,30-23-01-015,BAPTIST GRAMMAR SCHOOL AJAAWA II,81,167,TRUE,0,TRUE,FALSE,FALSE,FALSE,FALSE,0,0,0,0,https://docs.inecelectionresults.net/elections_prod/1292/state/1/lga/3756/ward/24959/pu/168742/168742-1677594014.pdf
OYO,OGO-OLUWA,ODO-OBA,30-23-08-012,"BAPTIST PRIMARY SCHOOL, ILE ABU II",135,315,TRUE,0,TRUE,FALSE,FALSE,FALSE,FALSE,0,0,0,0,https://docs.inecelectionresults.net/elections_prod/1292/state/01/lga/23/ward/08/pu/012/012-1677376271.pdf
OYO,OGO-OLUWA,ODO-OBA,30-23-08-013,"METHODIST PRIMARY SCHOOL, ODO-OBA III",195,523,TRUE,0,TRUE,FALSE,FALSE,FALSE,FALSE,0,0,0,0,https://docs.inecelectionresults.net/elections_prod/1292/state/01/lga/23/ward/08/pu/013/013-1677366644.pdf
OYO,OGO-OLUWA,ODO-OBA,30-23-08-014,"METHODIST PRIMARY SCHOOL, ODO-OBA IV",168,433,TRUE,0,TRUE,FALSE,FALSE,FALSE,FALSE,0,0,0,0,https://docs.inecelectionresults.net/elections_prod/1292/state/1/lga/3756/ward/24966/pu/168745/168745-1677658789.pdf
OYO,OGO-OLUWA,ODO-OBA,30-23-08-016,OLODE VILLAGE SQUARE,66,115,TRUE,0,TRUE,FALSE,FALSE,FALSE,FALSE,0,0,0,0,https://docs.inecelectionresults.net/elections_prod/1292/state/01/lga/23/ward/08/pu/016/016-1677365049.pdf
OYO,OGO-OLUWA,ODO-OBA,30-23-08-017,"OBADA COMMUNITY HIGH SCHOOL, OBADA",76,148,TRUE,0,TRUE,FALSE,FALSE,FALSE,FALSE,0,0,0,0,https://docs.inecelectionresults.net/elections_prod/1292/state/01/lga/23/ward/08/pu/017/017-1677364389.pdf
OYO,OLORUNSOGO,ABOKE (ABOYUN OGUN),30-24-01-007,BUDOERE PRIMARY SCHOOL,24,67,TRUE,0,TRUE,FALSE,FALSE,FALSE,FALSE,0,0,0,0,https://docs.inecelectionresults.net/elections_prod/1292/state/01/lga/24/ward/01/pu/007/007-1677401352.pdf
OYO,OLORUNSOGO,ABOKE (ABOYUN OGUN),30-24-01-008,U.M.C.A. ABE-ASA,139,308,TRUE,0,TRUE,FALSE,FALSE,FALSE,FALSE,0,0,0,0,https://docs.inecelectionresults.net/elections_prod/1292/state/01/lga/24/ward/01/pu/008/008-1677404671.pdf
OYO,OLORUNSOGO,ABOKE (ABOYUN OGUN),30-24-01-009,TELEVISION VIEWING CENTRE,58,133,TRUE,0,TRUE,FALSE,FALSE,FALSE,FALSE,0,0,0,0,https://docs.inecelectionresults.net/elections_prod/1292/state/01/lga/24/ward/01/pu/009/009-1677404656.pdf
OYO,OLORUNSOGO,ONIGBETI III & IV (AGBENI),30-24-06-008,"MUSLIM COMMUNITY HIGH SCHOOL, KARA",87,218,TRUE,0,TRUE,FALSE,FALSE,FALSE,FALSE,0,0,0,0,https://docs.inecelectionresults.net/elections_prod/1292/state/01/lga/24/ward/06/pu/008/008-1677391808.pdf
OYO,OLUYOLE,AYEGUN,30-25-01-011,GBAKO,168,251,TRUE,0,TRUE,FALSE,FALSE,FALSE,FALSE,0,0,0,0,https://inec-cvr-cache.s3.eu-west-1.amazonaws.com/cached/results/664806/result_89934_1677677007_thumb.jpg
OYO,OLUYOLE,AYEGUN,30-25-01-012,FATUSI,239,477,TRUE,0,TRUE,FALSE,FALSE,FALSE,FALSE,0,0,0,0,https://inec-cvr-cache.s3.eu-west-1.amazonaws.com/cached/results/664807/result_89935_1677529673_thumb.jpg
OYO,OLUYOLE,IDI-IROKO/IKEREKU,30-25-02-020,BOTA/ASAAJU,205,750,TRUE,0,TRUE,FALSE,FALSE,FALSE,FALSE,0,0,0,0,https://docs.inecelectionresults.net/elections_prod/1292/state/1/lga/3758/ward/24980/pu/168761/168761-1677689605.pdf
OYO,OLUYOLE,IDI-IROKO/IKEREKU,30-25-02-021,LIBERTY ACADEMY SCHOOL,150,300,TRUE,0,TRUE,FALSE,FALSE,FALSE,FALSE,0,0,0,0,https://docs.inecelectionresults.net/elections_prod/1292/state/1/lga/3758/ward/24980/pu/168762/168762-1677691432.pdf
OYO,OLUYOLE,IDI-IROKO/IKEREKU,30-25-02-023,ALAGBAFO /ADEBARA,46,87,TRUE,0,TRUE,FALSE,FALSE,FALSE,FALSE,0,0,0,0,https://docs.inecelectionresults.net/elections_prod/1292/state/1/lga/3758/ward/24980/pu/168764/168764-1677691727.pdf
OYO,OLUYOLE,IDI-IROKO/IKEREKU,30-25-02-024,LODI,158,750,TRUE,0,TRUE,FALSE,FALSE,FALSE,FALSE,0,0,0,0,https://docs.inecelectionresults.net/elections_prod/1292/state/1/lga/3758/ward/24980/pu/168765/168765-1677692121.pdf
OYO,OLUYOLE,IDI-IROKO/IKEREKU,30-25-02-025,OPEN SPACE YAH -LATEEF,129,441,TRUE,0,TRUE,FALSE,FALSE,FALSE,FALSE,0,0,0,0,https://docs.inecelectionresults.net/elections_prod/1292/state/1/lga/3758/ward/24980/pu/168766/168766-1677607084.pdf
OYO,OLUYOLE,IDI-IROKO/IKEREKU,30-25-02-027,IYANA CELE/SODERU,120,473,TRUE,0,TRUE,FALSE,FALSE,FALSE,FALSE,0,0,0,0,https://docs.inecelectionresults.net/elections_prod/1292/state/1/lga/3758/ward/24980/pu/168768/168768-1677692540.pdf
OYO,OLUYOLE,IDI-IROKO/IKEREKU,30-25-02-028,COMMUNITY FIELD OTUNUBI STREET,90,450,TRUE,0,TRUE,FALSE,FALSE,FALSE,FALSE,0,0,0,0,https://docs.inecelectionresults.net/elections_prod/1292/state/1/lga/3758/ward/24980/pu/168769/168769-1677601276.pdf
OYO,OLUYOLE,IDI-IROKO/IKEREKU,30-25-02-029,KASUMU ESTATE,233,463,TRUE,0,TRUE,FALSE,FALSE,FALSE,FALSE,0,0,0,0,https://docs.inecelectionresults.net/elections_prod/1292/state/1/lga/3758/ward/24980/pu/168770/168770-1677692887.pdf
OYO,OLUYOLE,IDI-IROKO/IKEREKU,30-25-02-030,ATERE/ILUGUSI,111,664,TRUE,0,TRUE,FALSE,FALSE,FALSE,FALSE,0,0,0,0,https://docs.inecelectionresults.net/elections_prod/1292/state/1/lga/3758/ward/24980/pu/168771/168771-1677597500.pdf
OYO,OLUYOLE,IDI-IROKO/IKEREKU,30-25-02-031,AGARA BABA PUPA,78,158,TRUE,0,TRUE,FALSE,FALSE,FALSE,FALSE,0,0,0,0,https://docs.inecelectionresults.net/elections_prod/1292/state/1/lga/3758/ward/24980/pu/168772/168772-1677666779.pdf
OYO,OLUYOLE,IDI-IROKO/IKEREKU,30-25-02-033,OPEN SPACE INFRONT OF GLORY SHOPPING COMPLEX ORITA,56,307,TRUE,0,TRUE,FALSE,FALSE,FALSE,FALSE,0,0,0,0,https://docs.inecelectionresults.net/elections_prod/1292/state/1/lga/3758/ward/24980/pu/168774/168774-1677693275.pdf
OYO,OLUYOLE,IDI-IROKO/IKEREKU,30-25-02-034,OPEN SPACE OLOWO IFON SHOPPING COMPLEX ORITA,77,464,TRUE,0,TRUE,FALSE,FALSE,FALSE,FALSE,0,0,0,0,https://docs.inecelectionresults.net/elections_prod/1292/state/1/lga/3758/ward/24980/pu/168775/168775-1677604023.pdf
OYO,OLUYOLE,IDI-IROKO/IKEREKU,30-25-02-035,BABALOLA AKINOLA STREET OLOGEDE ESTATE,98,442,TRUE,0,TRUE,FALSE,FALSE,FALSE,FALSE,0,0,0,0,https://docs.inecelectionresults.net/elections_prod/1292/state/1/lga/3758/ward/24980/pu/168776/168776-1677693537.pdf
OYO,OLUYOLE,IDI-IROKO/IKEREKU,30-25-02-036,OPERE VILLAGE,163,573,TRUE,0,TRUE,FALSE,FALSE,FALSE,FALSE,0,0,0,0,https://docs.inecelectionresults.net/elections_prod/1292/state/1/lga/3758/ward/24980/pu/168777/168777-1677604975.pdf
OYO,OLUYOLE,IDI-IROKO/IKEREKU,30-25-02-037,ALAADORIN AREA PODO,136,507,TRUE,0,TRUE,FALSE,FALSE,FALSE,FALSE,0,0,0,0,https://docs.inecelectionresults.net/elections_prod/1292/state/1/lga/3758/ward/24980/pu/168778/168778-1677693835.pdf
OYO,OLUYOLE,IDI-IROKO/IKEREKU,30-25-02-038,OMOLEYE FODASIS,16,148,TRUE,0,TRUE,FALSE,FALSE,FALSE,FALSE,0,0,0,0,https://docs.inecelectionresults.net/elections_prod/1292/state/1/lga/3758/ward/24980/pu/168779/168779-1677598461.pdf
OYO,OLUYOLE,IDI-IROKO/IKEREKU,30-25-02-040,OLADAPO OYALAMI,2,9,TRUE,0,TRUE,FALSE,FALSE,FALSE,FALSE,0,0,0,0,https://docs.inecelectionresults.net/elections_prod/1292/state/1/lga/3758/ward/24980/pu/168781/168781-1677596729.pdf
OYO,OLUYOLE,IDI-IROKO/IKEREKU,30-25-02-041,COOP. BUILDING OLORORO,116,750,TRUE,0,TRUE,FALSE,FALSE,FALSE,FALSE,0,0,0,0,https://docs.inecelectionresults.net/elections_prod/1292/state/1/lga/3758/ward/24980/pu/168782/168782-1677596985.pdf
OYO,OLUYOLE,IDI-IROKO/IKEREKU,30-25-02-045,MARRIAGE REGISTRY NEW GARAGE,97,441,TRUE,0,TRUE,FALSE,FALSE,FALSE,FALSE,0,0,0,0,https://docs.inecelectionresults.net/elections_prod/1292/state/1/lga/3758/ward/24980/pu/168786/168786-1677589941.pdf
OYO,OLUYOLE,IDI-IROKO/IKEREKU,30-25-02-047,ADEBOMI JUNCTION,142,620,TRUE,0,TRUE,FALSE,FALSE,FALSE,FALSE,0,0,0,0,https://docs.inecelectionresults.net/elections_prod/1292/state/1/lga/3758/ward/24980/pu/168788/168788-1677596244.pdf
OYO,OLUYOLE,IDI-IROKO/IKEREKU,30-25-02-048,LAFIAJI JUNCTION ABA-ODAN,185,705,TRUE,0,TRUE,FALSE,FALSE,FALSE,FALSE,0,0,0,0,https://docs.inecelectionresults.net/elections_prod/1292/state/1/lga/3758/ward/24980/pu/168789/168789-1677594488.pdf
OYO,OLUYOLE,IDI-IROKO/IKEREKU,30-25-02-049,OPEN SPACE OPPPOSITE FELIX CATHOLIC CHURCH IDI-IROKO,151,750,TRUE,0,TRUE,FALSE,FALSE,FALSE,FALSE,0,0,0,0,https://docs.inecelectionresults.net/elections_prod/1292/state/1/lga/3758/ward/24980/pu/168790/168790-1677588946.pdf
OYO,OLUYOLE,IDI-IROKO/IKEREKU,30-25-02-050,MOGANA TAIWO,142,340,TRUE,0,TRUE,FALSE,FALSE,FALSE,FALSE,0,0,0,0,https://docs.inecelectionresults.net/elections_prod/1292/state/1/lga/3758/ward/24980/pu/168791/168791-1677586895.pdf
OYO,OLUYOLE,IDI-IROKO/IKEREKU,30-25-02-052,OPEN SPACE OPPOSITE CHARROSE SCHOOL,9,17,TRUE,0,TRUE,FALSE,FALSE,FALSE,FALSE,0,0,0,0,https://docs.inecelectionresults.net/elections_prod/1292/state/1/lga/3758/ward/24980/pu/168793/168793-1677593518.pdf
OYO,OLUYOLE,IDI-IROKO/IKEREKU,30-25-02-053,HEALTH CENTRE  AKALA EXPRESS,168,750,TRUE,0,TRUE,FALSE,FALSE,FALSE,FALSE,0,0,0,0,https://docs.inecelectionresults.net/elections_prod/1292/state/1/lga/3758/ward/24980/pu/168794/168794-1677594950.pdf
OYO,OLUYOLE,IDI-OSAN/EGBEDA-ATUBA,30-25-03-007,COMMUNITY HEALTH AND MATERNITY CENTRE PEGBA,100,189,TRUE,0,TRUE,FALSE,FALSE,FALSE,FALSE,0,0,0,0,https://docs.inecelectionresults.net/elections_prod/1292/state/1/lga/3758/ward/24981/pu/168795/168795-1677514778.pdf
OYO,OLUYOLE,IDI-OSAN/EGBEDA-ATUBA,30-25-03-008,"OPEN SPACE BESIDE ELATED TRESSURE CHURCH, AGBALA AYO",124,750,TRUE,0,TRUE,FALSE,FALSE,FALSE,FALSE,0,0,0,0,https://docs.inecelectionresults.net/elections_prod/1292/state/1/lga/3758/ward/24981/pu/168796/168796-1677515111.pdf
OYO,OLUYOLE,IDI-OSAN/EGBEDA-ATUBA,30-25-03-009,AJOGBELEDE,218,750,TRUE,0,TRUE,FALSE,FALSE,FALSE,FALSE,0,0,0,0,https://docs.inecelectionresults.net/elections_prod/1292/state/1/lga/3758/ward/24981/pu/168797/168797-1677515319.pdf
OYO,OLUYOLE,IDI-OSAN/EGBEDA-ATUBA,30-25-03-010,OPEN SPACE ADE-EPO JUNCTION,66,100,TRUE,0,TRUE,FALSE,FALSE,FALSE,FALSE,0,0,0,0,https://docs.inecelectionresults.net/elections_prod/1292/state/1/lga/3758/ward/24981/pu/168798/168798-1677515584.pdf
OYO,OLUYOLE,IDI-OSAN/EGBEDA-ATUBA,30-25-03-011,"AKINPE JUNCTION, ALARABA COMMUNITY",68,166,TRUE,0,TRUE,FALSE,FALSE,FALSE,FALSE,0,0,0,0,https://docs.inecelectionresults.net/elections_prod/1292/state/01/lga/25/ward/03/pu/011/011-1677365699.pdf
OYO,OLUYOLE,IDI-OSAN/EGBEDA-ATUBA,30-25-03-014,PRIMARY SCHOOL IDI-IROKO,79,133,TRUE,0,TRUE,FALSE,FALSE,FALSE,FALSE,0,0,0,0,https://docs.inecelectionresults.net/elections_prod/1292/state/1/lga/3758/ward/24981/pu/168802/168802-1677516738.pdf
OYO,OLUYOLE,MUSLIM/OGBERE,30-25-04-016,ELERUKU,49,109,TRUE,0,TRUE,FALSE,FALSE,FALSE,FALSE,0,0,0,0,https://docs.inecelectionresults.net/elections_prod/1292/state/1/lga/3758/ward/24982/pu/168803/168803-1677527300.pdf
OYO,OLUYOLE,MUSLIM/OGBERE,30-25-04-017,"INFRONT OF DATOTEM PHARMACY, GRAMMAR SCHOOL ROAD",82,426,TRUE,0,TRUE,FALSE,FALSE,FALSE,FALSE,0,0,0,0,https://docs.inecelectionresults.net/elections_prod/1292/state/1/lga/3758/ward/24982/pu/168804/168804-1677510234.pdf
OYO,OLUYOLE,MUSLIM/OGBERE,30-25-04-018,"INFRONT OF DATOTEM PHARMACY, GRAMMAR SCHOOL ROAD",82,426,TRUE,0,TRUE,FALSE,FALSE,FALSE,FALSE,0,0,0,0,https://docs.inecelectionresults.net/elections_prod/1292/state/1/lga/3758/ward/24982/pu/168804/168804-1677510234.pdf
OYO,OLUYOLE,MUSLIM/OGBERE,30-25-04-019,"ADJACENT 12 FLATS IFELODUN AREA, MUSLIM",51,89,TRUE,0,TRUE,FALSE,FALSE,FALSE,FALSE,0,0,0,0,https://docs.inecelectionresults.net/elections_prod/1292/state/1/lga/3758/ward/24982/pu/168806/168806-1677512073.pdf
OYO,OLUYOLE,MUSLIM/OGBERE,30-25-04-020,OPEN SPACE INFRONT OF SHOP MEFA,92,408,TRUE,0,TRUE,FALSE,FALSE,FALSE,FALSE,0,0,0,0,https://docs.inecelectionresults.net/elections_prod/1292/state/1/lga/3758/ward/24982/pu/168807/168807-1677513846.pdf
OYO,OLUYOLE,MUSLIM/OGBERE,30-25-04-021,MOPELOLA JUNCTION,5,17,TRUE,0,TRUE,FALSE,FALSE,FALSE,FALSE,0,0,0,0,https://docs.inecelectionresults.net/elections_prod/1292/state/1/lga/3758/ward/24982/pu/168808/168808-1677514340.pdf
OYO,OLUYOLE,MUSLIM/OGBERE,30-25-04-022,INFRONT OF  CORNER COLLEGE,25,62,TRUE,0,TRUE,FALSE,FALSE,FALSE,FALSE,0,0,0,0,https://docs.inecelectionresults.net/elections_prod/1292/state/1/lga/3758/ward/24982/pu/168809/168809-1677516095.pdf
OYO,OLUYOLE,MUSLIM/OGBERE,30-25-04-023,INFRONT ARIYO GROUP OF SCHOOL,58,99,TRUE,0,TRUE,FALSE,FALSE,FALSE,FALSE,0,0,0,0,https://docs.inecelectionresults.net/elections_prod/1292/state/1/lga/3758/ward/24982/pu/168810/168810-1677516605.pdf
OYO,OLUYOLE,MUSLIM/OGBERE,30-25-04-024,OGUNDEPO JUNCTION,148,238,TRUE,0,TRUE,FALSE,FALSE,FALSE,FALSE,0,0,0,0,https://docs.inecelectionresults.net/elections_prod/1292/state/1/lga/3758/ward/24982/pu/168811/168811-1677517359.pdf
OYO,OLUYOLE,MUSLIM/OGBERE,30-25-04-025,ABUNDANT GRACE JUNCTION,87,357,TRUE,0,TRUE,FALSE,FALSE,FALSE,FALSE,0,0,0,0,https://docs.inecelectionresults.net/elections_prod/1292/state/1/lga/3758/ward/24982/pu/168812/168812-1677517625.pdf
OYO,OLUYOLE,MUSLIM/OGBERE,30-25-04-026,OPPOSITE DELEBAYO PHARMACY,43,89,TRUE,0,TRUE,FALSE,FALSE,FALSE,FALSE,0,0,0,0,https://docs.inecelectionresults.net/elections_prod/1292/state/01/lga/25/ward/04/pu/026/026-1677406986.pdf
OYO,OLUYOLE,MUSLIM/OGBERE,30-25-04-027,"INFRONT BOLA OYE SHOPPING COMPLEX ,SEMINBIO.",32,55,TRUE,0,TRUE,FALSE,FALSE,FALSE,FALSE,0,0,0,0,https://docs.inecelectionresults.net/elections_prod/1292/state/1/lga/3758/ward/24982/pu/168814/168814-1677521045.pdf
OYO,OLUYOLE,MUSLIM/OGBERE,30-25-04-028,IREPODUN ZONE B,46,66,TRUE,0,TRUE,FALSE,FALSE,FALSE,FALSE,0,0,0,0,https://docs.inecelectionresults.net/elections_prod/1292/state/1/lga/3758/ward/24982/pu/168815/168815-1677521507.pdf
OYO,OLUYOLE,ODO-ONA NLA,30-25-05-011,LESEKESE/ABA OPERINDE,18,43,TRUE,0,TRUE,FALSE,FALSE,FALSE,FALSE,0,0,0,0,https://docs.inecelectionresults.net/elections_prod/1292/state/1/lga/3758/ward/24983/pu/168816/168816-1677755428.pdf
OYO,OLUYOLE,ODO-ONA NLA,30-25-05-013,KEJI,87,387,TRUE,0,TRUE,FALSE,FALSE,FALSE,FALSE,0,0,0,0,https://docs.inecelectionresults.net/elections_prod/1292/state/1/lga/3758/ward/24983/pu/168818/168818-1677756572.pdf
OYO,OLUYOLE,ODO-ONA NLA,30-25-05-014,CICS BUILDING INSIDE CRIN,193,561,TRUE,0,TRUE,FALSE,FALSE,FALSE,FALSE,0,0,0,0,https://docs.inecelectionresults.net/elections_prod/1292/state/1/lga/3758/ward/24983/pu/168819/168819-1677603710.pdf
OYO,OLUYOLE,ODO-ONA NLA,30-25-05-015,GBADADA AREA,43,71,TRUE,0,TRUE,FALSE,FALSE,FALSE,FALSE,0,0,0,0,https://docs.inecelectionresults.net/elections_prod/1292/state/01/lga/25/ward/05/pu/015/015-1677428700.pdf
OYO,OLUYOLE,ODO-ONA NLA,30-25-05-016,OPEN SPACE SABO,181,750,TRUE,0,TRUE,FALSE,FALSE,FALSE,FALSE,0,0,0,0,https://docs.inecelectionresults.net/elections_prod/1292/state/1/lga/3758/ward/24983/pu/168821/168821-1677592161.pdf
OYO,OLUYOLE,ODO-ONA NLA,30-25-05-017,"OPERINDE ZONE,STRABAG AREA",60,317,TRUE,0,TRUE,FALSE,FALSE,FALSE,FALSE,0,0,0,0,https://docs.inecelectionresults.net/elections_prod/1292/state/1/lga/3758/ward/24983/pu/168822/168822-1677602153.pdf
OYO,OLUYOLE,ODO-ONA NLA,30-25-05-018,AJIA VILLAGE,125,430,TRUE,0,TRUE,FALSE,FALSE,FALSE,FALSE,0,0,0,0,https://docs.inecelectionresults.net/elections_prod/1292/state/1/lga/3758/ward/24983/pu/168823/168823-1677592628.pdf
OYO,OLUYOLE,ODO-ONA NLA,30-25-05-019,OPEN SPACE ESU OSO,74,344,TRUE,0,TRUE,FALSE,FALSE,FALSE,FALSE,0,0,0,0,https://docs.inecelectionresults.net/elections_prod/1292/state/1/lga/3758/ward/24983/pu/168824/168824-1677756456.pdf
OYO,OLUYOLE,ODO-ONA NLA,30-25-05-020,ADAGBA,97,448,TRUE,0,TRUE,FALSE,FALSE,FALSE,FALSE,0,0,0,0,https://docs.inecelectionresults.net/elections_prod/1292/state/1/lga/3758/ward/24983/pu/168825/168825-1677591149.pdf
OYO,OLUYOLE,ODO-ONA NLA,30-25-05-021,ISO ELERAN ODO ONA KEKERE JUNCTION,168,617,TRUE,0,TRUE,FALSE,FALSE,FALSE,FALSE,0,0,0,0,https://docs.inecelectionresults.net/elections_prod/1292/state/1/lga/3758/ward/24983/pu/168826/168826-1677755531.pdf
OYO,OLUYOLE,ODO-ONA NLA,30-25-05-022,ELEJA OPEN SPACE,90,455,TRUE,0,TRUE,FALSE,FALSE,FALSE,FALSE,0,0,0,0,https://docs.inecelectionresults.net/elections_prod/1292/state/1/lga/3758/ward/24983/pu/168827/168827-1677756240.pdf
OYO,OLUYOLE,ODO-ONA NLA,30-25-05-023,ABA ISALE,16,57,TRUE,0,TRUE,FALSE,FALSE,FALSE,FALSE,0,0,0,0,https://docs.inecelectionresults.net/elections_prod/1292/state/1/lga/3758/ward/24983/pu/168828/168828-1677604247.pdf
OYO,OLUYOLE,ODO-ONA NLA,30-25-05-024,INFRONT OF IBEDC SOKA,190,750,TRUE,0,TRUE,FALSE,FALSE,FALSE,FALSE,0,0,0,0,https://docs.inecelectionresults.net/elections_prod/1292/state/1/lga/3758/ward/24983/pu/168829/168829-1677605021.pdf
OYO,OLUYOLE,ODO-ONA NLA,30-25-05-025,OPEN SPACE ELEWURE,229,750,TRUE,0,TRUE,FALSE,FALSE,FALSE,FALSE,0,0,0,0,https://docs.inecelectionresults.net/elections_prod/1292/state/1/lga/3758/ward/24983/pu/168830/168830-1677601647.pdf
OYO,OLUYOLE,ODO-ONA NLA,30-25-05-027,ABA-ODE,357,708,TRUE,0,TRUE,FALSE,FALSE,FALSE,FALSE,0,0,0,0,https://docs.inecelectionresults.net/elections_prod/1292/state/1/lga/3758/ward/24983/pu/168832/168832-1677605791.pdf
OYO,OLUYOLE,ODO-ONA NLA,30-25-05-028,"IRE-AKARI, SOKA",345,713,TRUE,0,TRUE,FALSE,FALSE,FALSE,FALSE,0,0,0,0,https://docs.inecelectionresults.net/elections_prod/1292/state/1/lga/3758/ward/24983/pu/168833/168833-1677621876.pdf
OYO,OLUYOLE,OKANHINDE/LATUNDE,30-25-06-008,GRAMMAR SCHOOL OLOJUORO,16,39,TRUE,0,TRUE,FALSE,FALSE,FALSE,FALSE,0,0,0,0,https://docs.inecelectionresults.net/elections_prod/1292/state/1/lga/3758/ward/24984/pu/168834/168834-1677476831.pdf
OYO,OLUYOLE,OLOMI/OLURINDE,30-25-07-019,OPEN SPACE AGO JUNCTION,254,623,TRUE,0,TRUE,FALSE,FALSE,FALSE,FALSE,0,0,0,0,https://docs.inecelectionresults.net/elections_prod/1292/state/1/lga/3758/ward/24985/pu/168836/168836-1677593230.pdf
OYO,OLUYOLE,OLOMI/OLURINDE,30-25-07-025,BESIDE TRANSFOMER ADEJARE JUNCTION,30,48,TRUE,0,TRUE,FALSE,FALSE,FALSE,FALSE,0,0,0,0,https://docs.inecelectionresults.net/elections_prod/1292/state/1/lga/3758/ward/24985/pu/168842/168842-1677699983.pdf
OYO,OLUYOLE,OLOMI/OLURINDE,30-25-07-026,AGRIC MATERNITY CENTRE,272,750,TRUE,0,TRUE,FALSE,FALSE,FALSE,FALSE,0,0,0,0,https://docs.inecelectionresults.net/elections_prod/1292/state/1/lga/3758/ward/24985/pu/168843/168843-1677592918.pdf
OYO,OLUYOLE,OLOMI/OLURINDE,30-25-07-027,COMMUNITY HALL  ISALE ALFA ORELOPE,344,750,TRUE,0,TRUE,FALSE,FALSE,FALSE,FALSE,0,0,0,0,https://docs.inecelectionresults.net/elections_prod/1292/state/1/lga/3758/ward/24985/pu/168844/168844-1677700384.pdf
OYO,OLUYOLE,OLOMI/OLURINDE,30-25-07-028,IREWOLE,95,327,TRUE,0,TRUE,FALSE,FALSE,FALSE,FALSE,0,0,0,0,https://docs.inecelectionresults.net/elections_prod/1292/state/1/lga/3758/ward/24985/pu/168845/168845-1677605989.pdf
OYO,OLUYOLE,OLOMI/OLURINDE,30-25-07-030,OPEN SPACE TRANSFORMER JUNCTION PAPA ELEYE,267,701,TRUE,0,TRUE,FALSE,FALSE,FALSE,FALSE,0,0,0,0,https://docs.inecelectionresults.net/elections_prod/1292/state/1/lga/3758/ward/24985/pu/168847/168847-1677601970.pdf
OYO,OLUYOLE,OLOMI/OLURINDE,30-25-07-031,ALADI,207,632,TRUE,0,TRUE,FALSE,FALSE,FALSE,FALSE,0,0,0,0,https://docs.inecelectionresults.net/elections_prod/1292/state/1/lga/3758/ward/24985/pu/168848/168848-1677594197.pdf
OYO,OLUYOLE,OLOMI/OLURINDE,30-25-07-032,"7UP ROAD,OLOMI",34,78,TRUE,0,TRUE,FALSE,FALSE,FALSE,FALSE,0,0,0,0,https://docs.inecelectionresults.net/elections_prod/1292/state/1/lga/3758/ward/24985/pu/168849/168849-1677701136.pdf
OYO,OLUYOLE,OLOMI/OLURINDE,30-25-07-033,COOP OLOMI,24,61,TRUE,0,TRUE,FALSE,FALSE,FALSE,FALSE,0,0,0,0,https://docs.inecelectionresults.net/elections_prod/1292/state/1/lga/3758/ward/24985/pu/168850/168850-1677701636.pdf
OYO,OLUYOLE,OLOMI/OLURINDE,30-25-07-035,COMMUNNITY PRIMARY SCHOOL ISO-EGE,161,530,TRUE,0,TRUE,FALSE,FALSE,FALSE,FALSE,0,0,0,0,https://docs.inecelectionresults.net/elections_prod/1292/state/1/lga/3758/ward/24985/pu/168852/168852-1677603398.pdf
OYO,OLUYOLE,OLOMI/OLURINDE,30-25-07-036,OKE-ODE POWER-LINE.,153,513,TRUE,0,TRUE,FALSE,FALSE,FALSE,FALSE,0,0,0,0,https://docs.inecelectionresults.net/elections_prod/1292/state/1/lga/3758/ward/24985/pu/168853/168853-1677702151.pdf
OYO,OLUYOLE,OLOMI/OLURINDE,30-25-07-037,OKE SUNA,195,638,TRUE,0,TRUE,FALSE,FALSE,FALSE,FALSE,0,0,0,0,https://docs.inecelectionresults.net/elections_prod/1292/state/1/lga/3758/ward/24985/pu/168854/168854-1677607125.pdf
OYO,OLUYOLE,OLOMI/OLURINDE,30-25-07-039,OPEN SPACE ALAJIKI,41,94,TRUE,0,TRUE,FALSE,FALSE,FALSE,FALSE,0,0,0,0,https://docs.inecelectionresults.net/elections_prod/1292/state/1/lga/3758/ward/24985/pu/168856/168856-1677702916.pdf
OYO,OLUYOLE,OLOMI/OLURINDE,30-25-07-040,BESIDE TRANSFORMER OLORUNKEMI,77,155,TRUE,0,TRUE,FALSE,FALSE,FALSE,FALSE,0,0,0,0,https://docs.inecelectionresults.net/elections_prod/1292/state/1/lga/3758/ward/24985/pu/168857/168857-1677601123.pdf
OYO,OLUYOLE,OLOMI/OLURINDE,30-25-07-041,OPEN SPACE JALOKE,0,623,TRUE,0,TRUE,FALSE,FALSE,FALSE,FALSE,0,0,0,0,https://docs.inecelectionresults.net/elections_prod/1292/state/1/lga/3758/ward/24985/pu/168858/168858-1677703086.pdf
OYO,OLUYOLE,OLOMI/OLURINDE,30-25-07-042,COMMUNITY PRIMARY SCHOOL ATAGBA,122,416,TRUE,0,TRUE,FALSE,FALSE,FALSE,FALSE,0,0,0,0,https://docs.inecelectionresults.net/elections_prod/1292/state/1/lga/3758/ward/24985/pu/168859/168859-1677589427.pdf
OYO,OLUYOLE,OLONDE/ABA-NLA,30-25-08-013,METHODIST PRY SCHOOL ABA- AGBO,115,386,TRUE,0,TRUE,FALSE,FALSE,FALSE,FALSE,0,0,0,0,https://docs.inecelectionresults.net/elections_prod/1292/state/1/lga/3758/ward/24986/pu/168861/168861-1677576807.pdf
OYO,OLUYOLE,OLONDE/ABA-NLA,30-25-08-014,OKADA MECHANIC WORKSHOP OJA-BADAN,42,328,TRUE,0,TRUE,FALSE,FALSE,FALSE,FALSE,0,0,0,0,https://docs.inecelectionresults.net/elections_prod/1292/state/1/lga/3758/ward/24986/pu/168862/168862-1677574173.pdf
OYO,OLUYOLE,OLONDE/ABA-NLA,30-25-10-012,OKADA MECHANIC WORKSHOP OJA-BADAN,42,328,TRUE,0,TRUE,FALSE,FALSE,FALSE,FALSE,0,0,0,0,https://docs.inecelectionresults.net/elections_prod/1292/state/1/lga/3758/ward/24986/pu/168862/168862-1677574173.pdf
OYO,OLUYOLE,ORISUNBARE/OJO-EKUN,30-25-10-014,LANISA,242,750,TRUE,0,TRUE,FALSE,FALSE,FALSE,FALSE,0,0,0,0,https://docs.inecelectionresults.net/elections_prod/1292/state/1/lga/3758/ward/24988/pu/168868/168868-1677590185.pdf
OYO,ONA-ARA,AKANRAN/OLORUNDA,30-26-01-007,HEALTH CENTER AKANRAN,72,179,TRUE,0,TRUE,FALSE,FALSE,FALSE,FALSE,0,0,0,0,https://docs.inecelectionresults.net/elections_prod/1292/state/1/lga/3759/ward/24989/pu/168870/168870-1677603325.pdf
OYO,ONA-ARA,AKANRAN/OLORUNDA,30-26-01-008,ONA ARA UNIVERSAL EDUCATION AUTHORITY AKANRAN,72,214,TRUE,0,TRUE,FALSE,FALSE,FALSE,FALSE,0,0,0,0,https://docs.inecelectionresults.net/elections_prod/1292/state/1/lga/3759/ward/24989/pu/168871/168871-1677603413.pdf
OYO,ONA-ARA,AKANRAN/OLORUNDA,30-26-01-009,"COMMUNITY GRAMMAR SCHOOL, AKANRAN",52,159,TRUE,0,TRUE,FALSE,FALSE,FALSE,FALSE,0,0,0,0,https://docs.inecelectionresults.net/elections_prod/1292/state/1/lga/3759/ward/24989/pu/168872/168872-1677603580.pdf
OYO,ONA-ARA,ARAROMI/APERIN,30-26-02-008,"ALL SAINTS PRIMARY SCHOOL, ARAROMI, APERIN",50,115,TRUE,0,TRUE,FALSE,FALSE,FALSE,FALSE,0,0,0,0,https://docs.inecelectionresults.net/elections_prod/1292/state/01/lga/26/ward/02/pu/008/008-1677396776.pdf
OYO,ONA-ARA,GBADA EFON,30-26-04-006,"ST. JAMES PRIMARY SCHOOL, GBADA EFON II",83,199,TRUE,0,TRUE,FALSE,FALSE,FALSE,FALSE,0,0,0,0,https://docs.inecelectionresults.net/elections_prod/1292/state/1/lga/3759/ward/24992/pu/168875/168875-1677596084.pdf
OYO,ONA-ARA,GBADA EFON,30-26-04-007,"ST. LUKES PRIMARY SCHOOL, ADIGUN II",8,26,TRUE,0,TRUE,FALSE,FALSE,FALSE,FALSE,0,0,0,0,https://docs.inecelectionresults.net/elections_prod/1292/state/1/lga/3759/ward/24992/pu/168876/168876-1677603327.pdf
OYO,ONA-ARA,ODI ODEYALE/ODI APERIN,30-26-05-007,"OPEN SPACE, COMMUNITY FIELD, AARE ALASE ESTATE FAOSIN AMULOKO, ONA ARA.",299,610,TRUE,0,TRUE,FALSE,FALSE,FALSE,FALSE,0,0,0,0,https://docs.inecelectionresults.net/elections_prod/1292/state/1/lga/3759/ward/24993/pu/168877/168877-1677613411.pdf
OYO,ONA-ARA,ODI ODEYALE/ODI APERIN,30-26-05-008,"COMMUNITY GRAMMAR SCHOOL AMULOKO, ONA ARA.",302,902,TRUE,0,TRUE,FALSE,FALSE,FALSE,FALSE,0,0,0,0,https://docs.inecelectionresults.net/elections_prod/1292/state/1/lga/3759/ward/24993/pu/168878/168878-1677613825.pdf
OYO,ONA-ARA,ODI ODEYALE/ODI APERIN,30-26-05-009,OPEN SPACE AT ABIDEMI BUS STOP AMULOKO ONA ARA,202,749,TRUE,0,TRUE,FALSE,FALSE,FALSE,FALSE,0,0,0,0,https://docs.inecelectionresults.net/elections_prod/1292/state/1/lga/3759/ward/24993/pu/168879/168879-1677568080.pdf
OYO,ONA-ARA,ODI ODEYALE/ODI APERIN,30-26-05-010,"ST. LUKES ANGLICAN SCHOOL AKINTUNDE, ONA ARA",213,750,TRUE,0,TRUE,FALSE,FALSE,FALSE,FALSE,0,0,0,0,https://docs.inecelectionresults.net/elections_prod/1292/state/1/lga/3759/ward/24993/pu/168880/168880-1677568475.pdf
OYO,ONA-ARA,ODI ODEYALE/ODI APERIN,30-26-05-011,"COMMUNITY SECONDARY SCHOOL AHO PARAPO, FAKAYOODE AMULOKO",133,259,TRUE,0,TRUE,FALSE,FALSE,FALSE,FALSE,0,0,0,0,https://docs.inecelectionresults.net/elections_prod/1292/state/1/lga/3759/ward/24993/pu/168881/168881-1677573133.pdf
OYO,ONA-ARA,ODI ODEYALE/ODI APERIN,30-26-05-012,"COMMUNITY PRIMARY SCHOOL ALAASE, AMULOKO",273,522,TRUE,0,TRUE,FALSE,FALSE,FALSE,FALSE,0,0,0,0,https://docs.inecelectionresults.net/elections_prod/1292/state/1/lga/3759/ward/24993/pu/168882/168882-1677568923.pdf
OYO,ONA-ARA,ODI ODEYALE/ODI APERIN,30-26-05-013,"COMMUNITY HALL, AFOFURA VILLAGE",323,737,TRUE,0,TRUE,FALSE,FALSE,FALSE,FALSE,0,0,0,0,https://docs.inecelectionresults.net/elections_prod/1292/state/1/lga/3759/ward/24993/pu/168883/168883-1677572545.pdf
OYO,ONA-ARA,ODI ODEYALE/ODI APERIN,30-26-05-014,"OLORISHA  OKO COMMUNITY TOWN  HALL, BESIDE TRANSFORMER OLORISHA OKO",269,750,TRUE,0,TRUE,FALSE,FALSE,FALSE,FALSE,0,0,0,0,https://docs.inecelectionresults.net/elections_prod/1292/state/1/lga/3759/ward/24993/pu/168884/168884-1677614223.pdf
OYO,ONA-ARA,ODI ODEYALE/ODI APERIN,30-26-05-015,"ST JOHN'S ANGLICAN PRIMARY SCHOOL, IDI-OSE, ONA ARA",288,750,TRUE,0,TRUE,FALSE,FALSE,FALSE,FALSE,0,0,0,0,https://docs.inecelectionresults.net/elections_prod/1292/state/1/lga/3759/ward/24993/pu/168885/168885-1677614477.pdf
OYO,ONA-ARA,ODI ODEYALE/ODI APERIN,30-26-05-016,"OPEN SPACE AT ODEYALE JUNCTION, ODEYALE",219,750,TRUE,0,TRUE,FALSE,FALSE,FALSE,FALSE,0,0,0,0,https://docs.inecelectionresults.net/elections_prod/1292/state/1/lga/3759/ward/24993/pu/168886/168886-1677567562.pdf
OYO,ONA-ARA,ODI ODEYALE/ODI APERIN,30-26-05-017,"COMMUNITY SECONDARY SCHOOL BIOKU, ALAADUN, AMULOKO I",286,750,TRUE,0,TRUE,FALSE,FALSE,FALSE,FALSE,0,0,0,0,https://docs.inecelectionresults.net/elections_prod/1292/state/1/lga/3759/ward/24993/pu/168887/168887-1677616790.pdf
OYO,ONA-ARA,ODI ODEYALE/ODI APERIN,30-26-05-018,"COMMUNITY SECONDARY SCHOOL BIOKU ALAADUN, AMULOKO II",224,750,TRUE,0,TRUE,FALSE,FALSE,FALSE,FALSE,0,0,0,0,https://docs.inecelectionresults.net/elections_prod/1292/state/1/lga/3759/ward/24993/pu/168888/168888-1677617778.pdf
OYO,ONA-ARA,ODI ODEYALE/ODI APERIN,30-26-05-019,"SAKA ESHO COMMUNITY PRIMARY SCHOOL, SAKA ESHO",336,847,TRUE,0,TRUE,FALSE,FALSE,FALSE,FALSE,0,0,0,0,https://docs.inecelectionresults.net/elections_prod/1292/state/1/lga/3759/ward/24993/pu/168889/168889-1677617565.pdf
OYO,ONA-ARA,ODI ODEYALE/ODI APERIN,30-26-05-020,"AT IRE -AKARI LANDLORD GATE ENTRANCE, ASOLO BUS STOP",208,626,TRUE,0,TRUE,FALSE,FALSE,FALSE,FALSE,0,0,0,0,https://docs.inecelectionresults.net/elections_prod/1292/state/1/lga/3759/ward/24993/pu/168890/168890-1677617333.pdf
OYO,ONA-ARA,ODI ODEYALE/ODI APERIN,30-26-05-021,PRIMARY HEALTH CENTRE PALUPO,269,750,TRUE,0,TRUE,FALSE,FALSE,FALSE,FALSE,0,0,0,0,https://docs.inecelectionresults.net/elections_prod/1292/state/1/lga/3759/ward/24993/pu/168891/168891-1677566765.pdf
OYO,ONA-ARA,OGBERE,30-26-06-010,OPEN SPACE OPPOSITE ADENIJI MOSQUE OREMEJI,46,156,TRUE,0,TRUE,FALSE,FALSE,FALSE,FALSE,0,0,0,0,https://docs.inecelectionresults.net/elections_prod/1292/state/01/lga/26/ward/06/pu/010/010-1677401435.pdf
OYO,ONA-ARA,OGBERE,30-26-06-011,OPEN SPACE INFRONT OF MODEL PRIMARY HEALTH CARE CENTRE OLOBA-GBAREMU OREMEJI,66,228,TRUE,0,TRUE,FALSE,FALSE,FALSE,FALSE,0,0,0,0,https://docs.inecelectionresults.net/elections_prod/1292/state/1/lga/3759/ward/24994/pu/168894/168894-1677593972.pdf
OYO,ONA-ARA,OGBERE,30-26-06-012,"ANUOLUWA COMMUNITY HALL, NEW AIRPORT, OREMEJI",268,439,TRUE,0,TRUE,FALSE,FALSE,FALSE,FALSE,0,0,0,0,https://docs.inecelectionresults.net/elections_prod/1292/state/1/lga/3759/ward/24994/pu/168895/168895-1677594127.pdf
OYO,ONA-ARA,OGBERE,30-26-06-013,"OPEN SPACE ORI APATA AIMASIKO, IDI-OB I OREMEJI",206,749,TRUE,0,TRUE,FALSE,FALSE,FALSE,FALSE,0,0,0,0,https://docs.inecelectionresults.net/elections_prod/1292/state/1/lga/3759/ward/24994/pu/168896/168896-1677594324.pdf
OYO,ONA-ARA,OGBERE,30-26-06-015,OPEN SPACE BESIDE KESHINSI MOSQUE OREMEJI,158,397,TRUE,0,TRUE,FALSE,FALSE,FALSE,FALSE,0,0,0,0,https://docs.inecelectionresults.net/elections_prod/1292/state/1/lga/3759/ward/24994/pu/168898/168898-1677594497.pdf
OYO,ONA-ARA,OGBERE TIOYA,30-26-07-015,"OPEN SPACE AT SUCCESS HIGH SCHOOL JUNCTION, AGALA BABANLA",175,606,TRUE,0,TRUE,FALSE,FALSE,FALSE,FALSE,0,0,0,0,https://docs.inecelectionresults.net/elections_prod/1292/state/1/lga/3759/ward/24995/pu/168899/168899-1677599547.pdf
OYO,ONA-ARA,OGBERE TIOYA,30-26-07-016,OPEN SPACE OPPOSITE TRANSFORMER TIOYA,55,180,TRUE,0,TRUE,FALSE,FALSE,FALSE,FALSE,0,0,0,0,https://docs.inecelectionresults.net/elections_prod/1292/state/1/lga/3759/ward/24995/pu/168900/168900-1677599707.pdf
OYO,ONA-ARA,OGBERE TIOYA,30-26-07-017,ELEKURO HIGH SCHOOL II,210,750,TRUE,0,TRUE,FALSE,FALSE,FALSE,FALSE,0,0,0,0,https://docs.inecelectionresults.net/elections_prod/1292/state/1/lga/3759/ward/24995/pu/168901/168901-1677599972.pdf
OYO,ONA-ARA,OGBERE TIOYA,30-26-07-018,"OPEN SPACE ABONDE VILLAGE JUNCTION, OPPOSITE TRANSFORMER",101,176,TRUE,0,TRUE,FALSE,FALSE,FALSE,FALSE,0,0,0,0,https://docs.inecelectionresults.net/elections_prod/1292/state/1/lga/3759/ward/24995/pu/168902/168902-1677600124.pdf
OYO,ONA-ARA,OGBERE TIOYA,30-26-07-019,"OPEN SPACE AT PRIMARY HEALTH CARE CENTRE, WINDIRAN OLUNLOYO",215,750,TRUE,0,TRUE,FALSE,FALSE,FALSE,FALSE,0,0,0,0,https://docs.inecelectionresults.net/elections_prod/1292/state/1/lga/3759/ward/24995/pu/168903/168903-1677600388.pdf
OYO,ONA-ARA,OGBERE TIOYA,30-26-07-020,"ITESIWAJU COMMUNITY HIGH SCHOOL, ALAPAFON",336,780,TRUE,0,TRUE,FALSE,FALSE,FALSE,FALSE,0,0,0,0,https://docs.inecelectionresults.net/elections_prod/1292/state/1/lga/3759/ward/24995/pu/168904/168904-1677600745.pdf
OYO,ONA-ARA,OGBERE TIOYA,30-26-07-022,"OPEN SPACE OPPOSITE YIDI TRANSFORMER, YIDI GROUND GANGANSI",138,750,TRUE,0,TRUE,FALSE,FALSE,FALSE,FALSE,0,0,0,0,https://docs.inecelectionresults.net/elections_prod/1292/state/1/lga/3759/ward/24995/pu/168906/168906-1677601210.pdf
OYO,ONA-ARA,OGBERE TIOYA,30-26-07-023,OPEN SPACE ADJACENT C.A.C CHURCH ABA EGBA,19,32,TRUE,0,TRUE,FALSE,FALSE,FALSE,FALSE,0,0,0,0,https://docs.inecelectionresults.net/elections_prod/1292/state/1/lga/3759/ward/24995/pu/168907/168907-1677601419.pdf
OYO,ONA-ARA,OGBERE TIOYA,30-26-07-025,"OPEN SPACE AT MAGISTRATE COURT,JEGEDE",57,145,TRUE,0,TRUE,FALSE,FALSE,FALSE,FALSE,0,0,0,0,https://docs.inecelectionresults.net/elections_prod/1292/state/1/lga/3759/ward/24995/pu/168909/168909-1677601917.pdf
OYO,ONA-ARA,OGBERE TIOYA,30-26-07-026,"INAOLAJI JUNCTION OFF ADEYALO, ADJACENT ENIAYEFE FILLING STATION",36,112,TRUE,0,TRUE,FALSE,FALSE,FALSE,FALSE,0,0,0,0,https://docs.inecelectionresults.net/elections_prod/1292/state/1/lga/3759/ward/24995/pu/168910/168910-1677602007.pdf
OYO,ONA-ARA,OJOKU/AJIA,30-26-08-008,"CHRIST CHURCH BASIC SCHOOL, BIOKU-ETILE",293,556,TRUE,0,TRUE,FALSE,FALSE,FALSE,FALSE,0,0,0,0,https://docs.inecelectionresults.net/elections_prod/1292/state/1/lga/3759/ward/24996/pu/168912/168912-1677590655.pdf
OYO,ONA-ARA,OJOKU/AJIA,30-26-08-009,OPEN SPACE BESIDE AJIA HEALTH CENTRE,104,279,TRUE,0,TRUE,FALSE,FALSE,FALSE,FALSE,0,0,0,0,https://docs.inecelectionresults.net/elections_prod/1292/state/1/lga/3759/ward/24996/pu/168913/168913-1677590731.pdf
OYO,ONA-ARA,OLODE/GBEDUN/OJEBODE,30-26-10-008,"COMMUNITY SECONDARY SCHOOL, GBEDUN",170,498,TRUE,0,TRUE,FALSE,FALSE,FALSE,FALSE,0,0,0,0,https://docs.inecelectionresults.net/elections_prod/1292/state/1/lga/3759/ward/24998/pu/168921/168921-1677617603.pdf
OYO,ONA-ARA,OLODE/GBEDUN/OJEBODE,30-26-10-009,"OJO ERIN VILLAGE JUNCTION, OJO ERIN VILLAGE",40,138,TRUE,0,TRUE,FALSE,FALSE,FALSE,FALSE,0,0,0,0,https://docs.inecelectionresults.net/elections_prod/1292/state/1/lga/3759/ward/24998/pu/168922/168922-1677618134.pdf
OYO,ONA-ARA,OLORUNSOGO,30-26-09-016,"COMMUNITY HIGH SCHOOL,SAWIA",27,67,TRUE,0,TRUE,FALSE,FALSE,FALSE,FALSE,0,0,0,0,https://docs.inecelectionresults.net/elections_prod/1292/state/1/lga/3759/ward/24997/pu/168915/168915-1677626503.pdf
OYO,ONA-ARA,OLORUNSOGO,30-26-09-020,AWOTUNDE PRIMARY SCHOOL II,138,491,TRUE,0,TRUE,FALSE,FALSE,FALSE,FALSE,0,0,0,0,https://docs.inecelectionresults.net/elections_prod/1292/state/1/lga/3759/ward/24997/pu/168919/168919-1677627093.pdf
OYO,ONA-ARA,OLORUNSOGO,30-26-09-021,OPEN SPACE ADJACENT LORD OF HARVEST CHURCH,17,48,TRUE,0,TRUE,FALSE,FALSE,FALSE,FALSE,0,0,0,0,https://docs.inecelectionresults.net/elections_prod/1292/state/1/lga/3759/ward/24997/pu/168920/168920-1677627659.pdf
OYO,ONA-ARA,OREMEJI/AGUGU,30-26-11-011,"OPEN SPACE, FRONT OF CROWN DENTAL SERVICES, OPPOSITE OREMEJI BUS STOP",13,51,TRUE,0,TRUE,FALSE,FALSE,FALSE,FALSE,0,0,0,0,https://docs.inecelectionresults.net/elections_prod/1292/state/1/lga/3759/ward/24999/pu/168923/168923-1677618630.pdf
OYO,ONA-ARA,OREMEJI/AGUGU,30-26-11-012,OPEN SPACE ILE EJA BEHIND POST OFFICE OREMEJI,40,183,TRUE,0,TRUE,FALSE,FALSE,FALSE,FALSE,0,0,0,0,https://docs.inecelectionresults.net/elections_prod/1292/state/1/lga/3759/ward/24999/pu/168924/168924-1677618787.pdf
OYO,ONA-ARA,OREMEJI/AGUGU,30-26-11-013,OPEN SPACE IDI-ORO JUNCTION OREMEJI OPPOSITE TRANSFORMER,93,241,TRUE,0,TRUE,FALSE,FALSE,FALSE,FALSE,0,0,0,0,https://docs.inecelectionresults.net/elections_prod/1292/state/1/lga/3759/ward/24999/pu/168925/168925-1677618913.pdf
OYO,ONA-ARA,OREMEJI/AGUGU,30-26-11-015,OPEN SPACE ALHAJA  SARAT  ADESINA PRIMARY HEALTH CENTRE,51,113,TRUE,0,TRUE,FALSE,FALSE,FALSE,FALSE,0,0,0,0,https://docs.inecelectionresults.net/elections_prod/1292/state/1/lga/3759/ward/24999/pu/168927/168927-1677619274.pdf
OYO,ONA-ARA,OREMEJI/AGUGU,30-26-11-016,"OPEN SPACE, OPPOSITE TRANSFORMER ORIYANGI AREA, OREMEJI",78,310,TRUE,0,TRUE,FALSE,FALSE,FALSE,FALSE,0,0,0,0,https://docs.inecelectionresults.net/elections_prod/1292/state/1/lga/3759/ward/24999/pu/168928/168928-1677619397.pdf
OYO,ONA-ARA,OREMEJI/AGUGU,30-26-11-017,"OPEN SPACE, OPPOSITE OKIKI ADE BOREHOLE, OREMEJI",52,178,TRUE,0,TRUE,FALSE,FALSE,FALSE,FALSE,0,0,0,0,https://docs.inecelectionresults.net/elections_prod/1292/state/1/lga/3759/ward/24999/pu/168929/168929-1677619532.pdf
OYO,OORELOPE,AARE,30-27-02-006,BAPTIST CENTRAL SCHOOL III,36,105,TRUE,0,TRUE,FALSE,FALSE,FALSE,FALSE,0,0,0,0,https://docs.inecelectionresults.net/elections_prod/1292/state/01/lga/27/ward/02/pu/006/006-1677382125.pdf
OYO,OORELOPE,AARE,30-27-02-007,IREPO GRAMMAR SCHOOL,263,744,TRUE,0,TRUE,FALSE,FALSE,FALSE,FALSE,0,0,0,0,https://docs.inecelectionresults.net/elections_prod/1292/state/01/lga/27/ward/02/pu/007/007-1677385678.pdf
OYO,OORELOPE,AARE,30-27-02-008,OPEN SPACE NEAR OWODE MARKET,77,123,TRUE,0,TRUE,FALSE,FALSE,FALSE,FALSE,0,0,0,0,https://docs.inecelectionresults.net/elections_prod/1292/state/01/lga/27/ward/02/pu/008/008-1677382764.pdf
OYO,OORELOPE,AARE,30-27-02-009,BAYO OJERINDE MEMORIAL HALL,55,89,TRUE,0,TRUE,FALSE,FALSE,FALSE,FALSE,0,0,0,0,https://docs.inecelectionresults.net/elections_prod/1292/state/01/lga/27/ward/02/pu/009/009-1677386892.pdf
OYO,OORELOPE,ALEPATA,30-27-01-008,OPEN SPACE AGORO COMPOUND,69,117,TRUE,0,TRUE,FALSE,FALSE,FALSE,FALSE,0,0,0,0,https://docs.inecelectionresults.net/elections_prod/1292/state/01/lga/27/ward/01/pu/008/008-1677367505.pdf
OYO,OORELOPE,ALEPATA,30-27-01-010,TEMPLE OBA AGO,95,183,TRUE,0,TRUE,FALSE,FALSE,FALSE,FALSE,0,0,0,0,https://docs.inecelectionresults.net/elections_prod/1292/state/01/lga/27/ward/01/pu/010/010-1677366995.pdf
OYO,OORELOPE,ALEPATA,30-27-01-011,OPEN SPACE ERINJAKUN COMPOUND,82,123,TRUE,0,TRUE,FALSE,FALSE,FALSE,FALSE,0,0,0,0,https://docs.inecelectionresults.net/elections_prod/1292/state/01/lga/27/ward/01/pu/011/011-1677386231.pdf
OYO,OORELOPE,BONNI,30-27-03-016,"BAPTIST PRIMARY SCHOOL, SOORO",185,347,TRUE,0,TRUE,FALSE,FALSE,FALSE,FALSE,0,0,0,0,https://docs.inecelectionresults.net/elections_prod/1292/state/01/lga/27/ward/03/pu/016/016-1677397445.pdf
OYO,OORELOPE,IGI ISUBU,30-27-06-004,OPEN SPACE  ONIWE COMPOUND,177,495,TRUE,0,TRUE,FALSE,FALSE,FALSE,FALSE,0,0,0,0,https://docs.inecelectionresults.net/elections_prod/1292/state/01/lga/27/ward/06/pu/004/004-1677387655.pdf
OYO,OORELOPE,IGI ISUBU,30-27-06-005,ADIMULA PRIMARY SCHOOL,99,160,TRUE,0,TRUE,FALSE,FALSE,FALSE,FALSE,0,0,0,0,https://docs.inecelectionresults.net/elections_prod/1292/state/01/lga/27/ward/06/pu/005/005-1677389417.pdf
OYO,OORELOPE,IGI ISUBU,30-27-06-006,"L. A. PRIMARY SCHOOL, OLOKO",51,65,TRUE,0,TRUE,FALSE,FALSE,FALSE,FALSE,0,0,0,0,https://docs.inecelectionresults.net/elections_prod/1292/state/01/lga/27/ward/06/pu/006/006-1677391665.pdf
OYO,OORELOPE,ONIBODE III,30-27-09-011,"SAKA BALOGUN VILLAGE, ALONG YAYE ROAD",46,86,TRUE,0,TRUE,FALSE,FALSE,FALSE,FALSE,0,0,0,0,https://docs.inecelectionresults.net/elections_prod/1292/state/01/lga/27/ward/09/pu/011/011-1677386737.pdf
OYO,OORELOPE,ONIBODE III,30-27-09-012,"ABA GANI, ALONG SEPETERI ROAD",112,205,TRUE,0,TRUE,FALSE,FALSE,FALSE,FALSE,0,0,0,0,https://docs.inecelectionresults.net/elections_prod/1292/state/01/lga/27/ward/09/pu/012/012-1677384595.pdf
OYO,OORELOPE,ALEPATA,30-27-01-009,OPEN SPACE ONIKOMO COMPOUND,121,170,TRUE,0,TRUE,FALSE,FALSE,FALSE,FALSE,0,0,0,0,https://docs.inecelectionresults.net/elections_prod/1292/state/01/lga/27/ward/01/pu/009/009-1677368137.pdf
OYO,ORI IRE,ORI IRE I,30-28-01-017,"OPEN SPACE SUBEB OFFICE, IKOYI",220,511,TRUE,0,TRUE,FALSE,FALSE,FALSE,FALSE,0,0,0,0,https://docs.inecelectionresults.net/elections_prod/1292/state/01/lga/28/ward/01/pu/017/017-1677414194.pdf
OYO,ORI IRE,ORI IRE I,30-28-01-018,"OPEN SPACE  OPPOSITE SAWMILL, IKOYI",78,212,TRUE,0,TRUE,FALSE,FALSE,FALSE,FALSE,0,0,0,0,https://docs.inecelectionresults.net/elections_prod/1292/state/01/lga/28/ward/01/pu/018/018-1677397062.pdf
OYO,ORI IRE,ORI IRE I,30-28-01-019,"OPEN SPACE IREWOLEDE, ILUJU",168,488,TRUE,0,TRUE,FALSE,FALSE,FALSE,FALSE,0,0,0,0,https://docs.inecelectionresults.net/elections_prod/1292/state/01/lga/28/ward/01/pu/019/019-1677397655.pdf
OYO,ORI IRE,ORI IRE I,30-28-01-020,"OPEN SPACE BETTERLIFE HALL(ORESANYA), ILUJU",38,113,TRUE,0,TRUE,FALSE,FALSE,FALSE,FALSE,0,0,0,0,https://docs.inecelectionresults.net/elections_prod/1292/state/01/lga/28/ward/01/pu/020/020-1677409386.pdf
OYO,ORI IRE,ORI IRE I,30-28-01-021,"OPEN SPACE ILUJU MARKET, ILUJU",110,517,TRUE,0,TRUE,FALSE,FALSE,FALSE,FALSE,0,0,0,0,https://docs.inecelectionresults.net/elections_prod/1292/state/1/lga/3761/ward/25010/pu/168949/168949-1677571015.pdf
OYO,ORI IRE,ORI IRE I,30-28-01-022,"OPEN SPACE PAPA OWO, ILUJU",39,162,TRUE,0,TRUE,FALSE,FALSE,FALSE,FALSE,0,0,0,0,https://docs.inecelectionresults.net/elections_prod/1292/state/1/lga/3761/ward/25010/pu/168950/168950-1677673567.pdf
OYO,ORI IRE,ORI IRE II,30-28-02-013,"OPEN SPACE OJA OKE, OPPOSITE ISIAKA PETROL STATION, TEWURE.",187,454,TRUE,0,TRUE,FALSE,FALSE,FALSE,FALSE,0,0,0,0,https://docs.inecelectionresults.net/elections_prod/1292/state/01/lga/28/ward/02/pu/013/013-1677380850.pdf
OYO,ORI IRE,ORI IRE II,30-28-02-014,"OPEN SPACE MOROSE OPPOSITE GLO MAST, TEWURE",158,456,TRUE,0,TRUE,FALSE,FALSE,FALSE,FALSE,0,0,0,0,https://docs.inecelectionresults.net/elections_prod/1292/state/01/lga/28/ward/02/pu/014/014-1677381319.pdf
OYO,ORI IRE,ORI IRE IV,30-28-04-009,OPEN SPACE KAJOLA MARKET,183,360,TRUE,0,TRUE,FALSE,FALSE,FALSE,FALSE,0,0,0,0,https://docs.inecelectionresults.net/elections_prod/1292/state/01/lga/28/ward/04/pu/009/009-1677364247.pdf
OYO,ORI IRE,ORI IRE VI,30-28-06-021,"OLOKOTO COMMUNITY GRAMMAR SCHOOL, OLOKOTO",163,360,TRUE,0,TRUE,FALSE,FALSE,FALSE,FALSE,0,0,0,0,https://docs.inecelectionresults.net/elections_prod/1292/state/01/lga/28/ward/06/pu/021/021-1677371099.pdf
OYO,ORI IRE,ORI IRE VII,30-28-07-015,"OPEN SPACE ARUGBORO, ELEGA OKE, ELEGA.",57,107,TRUE,0,TRUE,FALSE,FALSE,FALSE,FALSE,0,0,0,0,https://docs.inecelectionresults.net/elections_prod/1292/state/01/lga/28/ward/07/pu/015/015-1677395076.pdf
OYO,OYO EAST,AGBOYE/MOLETE,30-29-01-008,OPEN SPACE BARA JUNCTION,139,506,TRUE,0,TRUE,FALSE,FALSE,FALSE,FALSE,0,0,0,0,https://docs.inecelectionresults.net/elections_prod/1292/state/1/lga/3762/ward/25020/pu/168958/168958-1677511623.pdf
OYO,OYO EAST,AGBOYE/MOLETE,30-29-01-009,OPEN SPACE AT ALAGBA JUNCTION,98,347,TRUE,0,TRUE,FALSE,FALSE,FALSE,FALSE,0,0,0,0,https://docs.inecelectionresults.net/elections_prod/1292/state/1/lga/3762/ward/25020/pu/168959/168959-1677511805.pdf
OYO,OYO EAST,AGBOYE/MOLETE,30-29-01-010,OPEN SPACE ALAGBEDE,137,367,TRUE,0,TRUE,FALSE,FALSE,FALSE,FALSE,0,0,0,0,https://docs.inecelectionresults.net/elections_prod/1292/state/1/lga/3762/ward/25020/pu/168960/168960-1677512049.pdf
OYO,OYO EAST,AGBOYE/MOLETE,30-29-01-011,OPEN SPACE BUKU,122,269,TRUE,0,TRUE,FALSE,FALSE,FALSE,FALSE,0,0,0,0,https://docs.inecelectionresults.net/elections_prod/1292/state/1/lga/3762/ward/25020/pu/168961/168961-1677512249.pdf
OYO,OYO EAST,AJAGBA,30-29-02-015,OPEN SPACE AT IRENTIWA HOUSE,239,750,TRUE,0,TRUE,FALSE,FALSE,FALSE,FALSE,0,0,0,0,https://inec-cvr-cache.s3.eu-west-1.amazonaws.com/cached/results/665014/result_90589_1677634508_thumb.jpg
OYO,OYO EAST,ALAODI/MODEKE,30-29-03-009,OPEN SPACE ATIBA TOWN HALL,67,92,TRUE,0,TRUE,FALSE,FALSE,FALSE,FALSE,0,0,0,0,https://inec-cvr-cache.s3.eu-west-1.amazonaws.com/cached/results/665020/result_90603_1677574164_thumb.jpg
OYO,OYO EAST,ALAODI/MODEKE,30-29-03-010,OPEN SPACE OLUSAMI,111,271,TRUE,0,TRUE,FALSE,FALSE,FALSE,FALSE,0,0,0,0,https://inec-cvr-cache.s3.eu-west-1.amazonaws.com/cached/results/665021/result_90604_1677574433_thumb.jpg
OYO,OYO EAST,ALAODI/MODEKE,30-29-03-011,OPEN SPACE AGUN/ALESINLOYE,141,298,TRUE,0,TRUE,FALSE,FALSE,FALSE,FALSE,0,0,0,0,https://inec-cvr-cache.s3.eu-west-1.amazonaws.com/cached/results/665022/result_90605_1677574578_thumb.jpg
OYO,OYO EAST,APINNI,30-29-05-014,OPEN SPACE BESIDE CUSTOMARY COURT APINNI,176,439,TRUE,0,TRUE,FALSE,FALSE,FALSE,FALSE,0,0,0,0,https://docs.inecelectionresults.net/elections_prod/1292/state/1/lga/3762/ward/25024/pu/168977/168977-1677486691.pdf
OYO,OYO EAST,APINNI,30-29-05-015,OPEN SPACE ABOLONGO JUNCTION,203,518,TRUE,0,TRUE,FALSE,FALSE,FALSE,FALSE,0,0,0,0,https://docs.inecelectionresults.net/elections_prod/1292/state/1/lga/3762/ward/25024/pu/168978/168978-1677487171.pdf
OYO,OYO EAST,BALOGUN,30-29-06-008,OPEN SPACE OKE-ELETU JUNCTION,109,182,TRUE,0,TRUE,FALSE,FALSE,FALSE,FALSE,0,0,0,0,https://inec-cvr-cache.s3.eu-west-1.amazonaws.com/cached/results/665029/result_90643_1677672347_thumb.jpg
OYO,OYO EAST,JABATA,30-29-07-012,OPEN SPACE  BAALE QUARTERS AREA,43,94,TRUE,0,TRUE,FALSE,FALSE,FALSE,FALSE,0,0,0,0,https://docs.inecelectionresults.net/elections_prod/1292/state/01/lga/29/ward/07/pu/012/012-1677391392.pdf
OYO,OYO EAST,JABATA,30-29-07-013,"L.A SCHOOL II, JABATA",106,233,TRUE,0,TRUE,FALSE,FALSE,FALSE,FALSE,0,0,0,0,https://docs.inecelectionresults.net/elections_prod/1292/state/1/lga/3762/ward/25026/pu/168985/168985-1677641368.pdf
OYO,OYO EAST,JABATA,30-29-07-014,OPEN SPACE OLOGBO JUNCTION,39,68,TRUE,0,TRUE,FALSE,FALSE,FALSE,FALSE,0,0,0,0,https://docs.inecelectionresults.net/elections_prod/1292/state/01/lga/29/ward/07/pu/014/014-1677390299.pdf
OYO,OYO EAST,JABATA,30-29-07-015,OPEN SPACE OLA OFE,28,58,TRUE,0,TRUE,FALSE,FALSE,FALSE,FALSE,0,0,0,0,https://inec-cvr-cache.s3.eu-west-1.amazonaws.com/cached/results/665037/result_90661_1678101787_thumb.jpg
OYO,OYO EAST,JABATA,30-29-07-016,OPEN SPACE ONILU,24,68,TRUE,0,TRUE,FALSE,FALSE,FALSE,FALSE,0,0,0,0,https://inec-cvr-cache.s3.eu-west-1.amazonaws.com/cached/results/665038/result_90662_1678101856_thumb.jpg
OYO,OYO EAST,OWODE/ARAROMI,30-29-10-022,OPEN SPACE EBU UNIQUE,137,297,TRUE,0,TRUE,FALSE,FALSE,FALSE,FALSE,68,28,22,1,https://inec-cvr-cache.s3.eu-west-1.amazonaws.com/cached/results/665055/result_90710_1677574622_thumb.jpg
OYO,OYO WEST,AKEETAN,30-30-01-008,"OPEN SPACE,ONISA JUNCTION",80,122,TRUE,0,TRUE,FALSE,FALSE,FALSE,FALSE,0,0,0,0,https://docs.inecelectionresults.net/elections_prod/1292/state/01/lga/30/ward/01/pu/008/008-1677384813.pdf
OYO,OYO WEST,AKEETAN,30-30-01-009,OPEN SPACE MATERNITY AREA,69,102,TRUE,0,TRUE,FALSE,FALSE,FALSE,FALSE,0,0,0,0,https://docs.inecelectionresults.net/elections_prod/1292/state/01/lga/30/ward/01/pu/009/009-1677380438.pdf
OYO,OYO WEST,AKEETAN,30-30-01-010,AJIWUMI JUNCTION AKEETAN,55,113,TRUE,0,TRUE,FALSE,FALSE,FALSE,FALSE,0,0,0,0,https://docs.inecelectionresults.net/elections_prod/1292/state/01/lga/30/ward/01/pu/010/010-1677384384.pdf
OYO,OYO WEST,ISEKE,30-30-04-009,OPEN SPACE ELEPE OYELEYE ISEKE AREA,159,411,TRUE,0,TRUE,FALSE,FALSE,FALSE,FALSE,0,0,0,0,https://docs.inecelectionresults.net/elections_prod/1292/state/01/lga/30/ward/04/pu/009/009-1677396138.pdf
OYO,OYO WEST,ISEKE,30-30-04-010,OPEN SPACE ALAWUSA FUNBI JUNCTION,77,139,TRUE,0,TRUE,FALSE,FALSE,FALSE,FALSE,0,0,0,0,https://docs.inecelectionresults.net/elections_prod/1292/state/01/lga/30/ward/04/pu/010/010-1677397883.pdf
OYO,OYO WEST,ISEKE,30-30-04-011,OPEN SPACE BASSI-BABA,25,70,TRUE,0,TRUE,FALSE,FALSE,FALSE,FALSE,0,0,0,0,https://docs.inecelectionresults.net/elections_prod/1292/state/01/lga/30/ward/04/pu/011/011-1677399295.pdf
OYO,OYO WEST,IYAJI,30-30-07-010,OPEN SPACE ALAWUSA,87,179,TRUE,0,TRUE,FALSE,FALSE,FALSE,FALSE,0,0,0,0,https://docs.inecelectionresults.net/elections_prod/1292/state/01/lga/30/ward/07/pu/010/010-1677413350.pdf
OYO,OYO WEST,PAKOYI/IDODE,30-30-10-009,OPEN SPACE ALONG OPAPA GRAMM.SCHOOL IDODE,115,294,TRUE,0,TRUE,FALSE,FALSE,FALSE,FALSE,0,0,0,0,https://docs.inecelectionresults.net/elections_prod/1292/state/01/lga/30/ward/10/pu/009/009-1677364514.pdf
OYO,OYO WEST,PAKOYI/IDODE,30-30-10-010,OGANLA OPEN SPACE.,137,268,TRUE,0,TRUE,FALSE,FALSE,FALSE,FALSE,0,0,0,0,https://docs.inecelectionresults.net/elections_prod/1292/state/01/lga/30/ward/10/pu/010/010-1677396920.pdf
OYO,OYO WEST,ISOKUN II,30-30-06-012,L.A PRY SCHOOL II AWUMARO,76,138,TRUE,0,TRUE,FALSE,FALSE,FALSE,FALSE,0,0,0,0,https://docs.inecelectionresults.net/elections_prod/1292/state/01/lga/30/ward/06/pu/012/012-1677409262.pdf
OYO,OYO WEST,ISOKUN II,30-30-06-013,COMMUNITY HIGH SCHOOL AWUMARO,185,750,TRUE,0,TRUE,FALSE,FALSE,FALSE,FALSE,0,0,0,0,https://docs.inecelectionresults.net/elections_prod/1292/state/01/lga/30/ward/06/pu/013/013-1677404674.pdf
OYO,OYO WEST,ISOKUN II,30-30-06-014,OPEN SPACE OPPOSITE OSI ISOKUN,66,178,TRUE,0,TRUE,FALSE,FALSE,FALSE,FALSE,0,0,0,0,https://docs.inecelectionresults.net/elections_prod/1292/state/01/lga/30/ward/06/pu/014/014-1677406042.pdf
OYO,OYO WEST,ISOKUN II,30-30-06-015,"BAPTIST PRY SCHOOL I& II, ISOKUN",48,116,TRUE,0,TRUE,FALSE,FALSE,FALSE,FALSE,0,0,0,0,https://docs.inecelectionresults.net/elections_prod/1292/state/1/lga/3763/ward/25035/pu/169019/169019-1677766698.pdf
OYO,OYO WEST,ISOKUN II,30-30-06-016,"OPEN SPACE,OLD CORNERSTONE JUNCTION",174,479,TRUE,0,TRUE,FALSE,FALSE,FALSE,FALSE,0,0,0,0,https://docs.inecelectionresults.net/elections_prod/1292/state/01/lga/30/ward/06/pu/016/016-1677413625.pdf
OYO,OYO WEST,ISOKUN II,30-30-06-017,OPEN SPACE C.G.M NEAR FOUNTAIN OF PEACE,271,750,TRUE,0,TRUE,FALSE,FALSE,FALSE,FALSE,0,0,0,0,https://docs.inecelectionresults.net/elections_prod/1292/state/01/lga/30/ward/06/pu/017/017-1677366002.pdf
OYO,OYO WEST,OPAPA,30-30-08-008,OPEN SPACE ADJACENT COMMUNITY MOSQUE,134,365,TRUE,0,TRUE,FALSE,FALSE,FALSE,FALSE,0,0,0,0,https://docs.inecelectionresults.net/elections_prod/1292/state/01/lga/30/ward/08/pu/008/008-1677389781.pdf
OYO,OYO WEST,OPAPA,30-30-08-009,OPEN SPACE OLOGEDE MONJA,63,160,TRUE,0,TRUE,FALSE,FALSE,FALSE,FALSE,0,0,0,0,https://docs.inecelectionresults.net/elections_prod/1292/state/01/lga/30/ward/08/pu/009/009-1677390868.pdf
OYO,OYO WEST,OPAPA,30-30-08-010,OPEN SPACE KOLOBO MATERNITY OPAPA,156,307,TRUE,0,TRUE,FALSE,FALSE,FALSE,FALSE,0,0,0,0,https://docs.inecelectionresults.net/elections_prod/1292/state/01/lga/30/ward/08/pu/010/010-1677390911.pdf
OYO,OYO WEST,OPAPA,30-30-08-011,A.D.S HIGH SCHOOL BLOCK 'B',166,571,TRUE,0,TRUE,FALSE,FALSE,FALSE,FALSE,0,0,0,0,https://docs.inecelectionresults.net/elections_prod/1292/state/01/lga/30/ward/08/pu/011/011-1677361210.pdf
OYO,OYO WEST,OPAPA,30-30-08-012,"A.D.S GRAMMAR SCHOOL,BLOCK 'C'",123,273,TRUE,0,TRUE,FALSE,FALSE,FALSE,FALSE,0,0,0,0,https://docs.inecelectionresults.net/elections_prod/1292/state/01/lga/30/ward/08/pu/012/012-1677393262.pdf
OYO,OYO WEST,PAKOYI/IDODE,30-30-10-011,IYANGBA OPEN SPACE,180,427,TRUE,0,TRUE,FALSE,FALSE,FALSE,FALSE,0,0,0,0,https://docs.inecelectionresults.net/elections_prod/1292/state/01/lga/30/ward/10/pu/011/011-1677406018.pdf
OYO,OYO WEST,ISOKUN II,30-30-06-019,OPEN SPACE WINNERS AREA,248,750,TRUE,0,TRUE,FALSE,FALSE,FALSE,FALSE,0,0,0,0,https://docs.inecelectionresults.net/elections_prod/1292/state/01/lga/30/ward/06/pu/019/019-1677393786.pdf
OYO,OYO WEST,ISOKUN II,30-30-06-020,OPEN SPACE OPP. IKE-OLUWA  AREA,60,114,TRUE,0,TRUE,FALSE,FALSE,FALSE,FALSE,0,0,0,0,https://docs.inecelectionresults.net/elections_prod/1292/state/01/lga/30/ward/06/pu/020/020-1677411955.pdf
OYO,OYO WEST,ISOKUN II,30-30-06-021,OPEN SPACE NEAR JAGUN'S HOUSE,40,112,TRUE,0,TRUE,FALSE,FALSE,FALSE,FALSE,0,0,0,0,https://docs.inecelectionresults.net/elections_prod/1292/state/01/lga/30/ward/06/pu/021/021-1677414824.pdf
OYO,OYO WEST,ISOKUN II,30-30-06-022,OJONGBODU GRAMMAR SCHOOL,282,567,TRUE,0,TRUE,FALSE,FALSE,FALSE,FALSE,0,0,0,0,https://docs.inecelectionresults.net/elections_prod/1292/state/01/lga/30/ward/06/pu/022/022-1677414623.pdf
OYO,OYO WEST,ISOKUN II,30-30-06-023,OPEN SPACE ADJACENT AYODELE GROUP OF SCHOOLS JUNCTION,159,319,TRUE,0,TRUE,FALSE,FALSE,FALSE,FALSE,0,0,0,0,https://docs.inecelectionresults.net/elections_prod/1292/state/1/lga/3763/ward/25035/pu/169027/169027-1677575192.pdf
OYO,OYO WEST,ISOKUN II,30-30-06-024,OPEN SPACE ADJACENT TRANSFORMER LANE 5 AYETORO SCHEME,232,750,TRUE,0,TRUE,FALSE,FALSE,FALSE,FALSE,0,0,0,0,https://docs.inecelectionresults.net/elections_prod/1292/state/01/lga/30/ward/06/pu/024/024-1677399498.pdf
OYO,SAKI EAST,OGBOORO I,30-31-04-010,"THE APOSTOLIC PRIMARY SCHOOL, ALAKIA OGBOORO.",85,173,TRUE,0,TRUE,FALSE,FALSE,FALSE,FALSE,0,0,0,0,https://docs.inecelectionresults.net/elections_prod/1292/state/01/lga/31/ward/04/pu/010/010-1677398300.pdf
OYO,SAKI EAST,SEPETERI II,30-31-09-009,"BAPTIST DAY PRIMARY SCHOOL, SEPETERI",180,361,TRUE,0,TRUE,FALSE,FALSE,FALSE,FALSE,0,0,0,0,https://docs.inecelectionresults.net/elections_prod/1292/state/01/lga/31/ward/09/pu/009/009-1677397944.pdf
OYO,SAKI EAST,SEPETERI III,30-31-10-010,GAA KEULERE,32,58,TRUE,0,TRUE,FALSE,FALSE,FALSE,FALSE,0,0,0,0,https://docs.inecelectionresults.net/elections_prod/1292/state/01/lga/31/ward/10/pu/010/010-1677396013.pdf
OYO,SAKI WEST,AJEGUNLE,30-32-02-030,"OPEN SPACE, FRONT OF OYSADEP SILOS POLY ROAD SAKI",41,88,TRUE,0,TRUE,FALSE,FALSE,FALSE,FALSE,0,0,0,0,https://docs.inecelectionresults.net/elections_prod/1292/state/1/lga/3765/ward/25052/pu/169051/169051-1677833636.pdf
OYO,SAKI WEST,AJEGUNLE,30-32-02-033,"COMMUNITY BASIC SCH. KOOMI, SAKI",221,705,TRUE,0,TRUE,FALSE,FALSE,FALSE,FALSE,0,0,0,0,https://docs.inecelectionresults.net/elections_prod/1292/state/1/lga/3765/ward/25052/pu/169054/169054-1677832997.pdf
OYO,SAKI WEST,AJEGUNLE,30-32-02-034,COMMUNITY PRIMARY SCH. IREWOLE,89,211,TRUE,0,TRUE,FALSE,FALSE,FALSE,FALSE,0,0,0,0,https://docs.inecelectionresults.net/elections_prod/1292/state/1/lga/3765/ward/25052/pu/169055/169055-1677793128.pdf
OYO,SAKI WEST,AJEGUNLE,30-32-02-036,COMMUNITY PRY. SCH. AJEGUNLE,81,278,TRUE,0,TRUE,FALSE,FALSE,FALSE,FALSE,0,0,0,0,https://docs.inecelectionresults.net/elections_prod/1292/state/1/lga/3765/ward/25052/pu/169057/169057-1677792174.pdf
OYO,SAKI WEST,BAGII,30-32-03-016,COMMUNITY HIGH SCH. OTUN.,256,637,TRUE,0,TRUE,FALSE,FALSE,FALSE,FALSE,0,0,0,0,https://docs.inecelectionresults.net/elections_prod/1292/state/1/lga/3765/ward/25053/pu/169058/169058-1677753945.pdf
OYO,SAKI WEST,OKERE II,30-32-09-019,KAJOLA COMM. PRY. SCH.,261,750,TRUE,0,TRUE,FALSE,FALSE,FALSE,FALSE,186,20,26,2,https://inec-cvr-cache.s3.eu-west-1.amazonaws.com/cached/results/665116/result_91130_1677562496_thumb.jpg
OYO,SURULERE,IGBON/GAMBARI,30-33-02-018,ABAA/AROJE COMMUNITY HIGH SCHOOL,156,269,TRUE,0,TRUE,FALSE,FALSE,FALSE,FALSE,0,0,0,0,https://docs.inecelectionresults.net/elections_prod/1292/state/01/lga/33/ward/02/pu/018/018-1677383758.pdf
OYO,SURULERE,IGBON/GAMBARI,30-33-02-020,GAMBARI MATERNITY,183,514,TRUE,0,TRUE,FALSE,FALSE,FALSE,FALSE,0,0,0,0,https://docs.inecelectionresults.net/elections_prod/1292/state/01/lga/33/ward/02/pu/020/020-1677382937.pdf
OYO,SURULERE,IRESAAPA,30-33-03-018,OPEN SPACE AT ORITA AJE,157,313,TRUE,0,TRUE,FALSE,FALSE,FALSE,FALSE,46,29,0,70,https://docs.inecelectionresults.net/elections_prod/1292/state/01/lga/33/ward/03/pu/018/018-1677397917.pdf
OYO,IBARAPA EAST,SANGO,30-12-06-018,ORUNSOLU JUNCTION,92,151,TRUE,0,TRUE,FALSE,FALSE,FALSE,FALSE,0,0,0,0,https://docs.inecelectionresults.net/elections_prod/1292/state/1/lga/3745/ward/24848/pu/168347/168347-1677487068.pdf
